date_time,storage,storage_ws,storage_wq,inflow,withdr,outflow,outflow_ws,outflow_wq,withdr_req,rel_req,ws_rel_req,wq_rel_req,available
2019-01-01,19795,13000,8000,234.2,0,120,0,120,0,300,0,120,20029.2
2019-01-02,19909.2,12576.1688,7333.0312,211.3,0,325.5,0,77.6,0,77.6,0,77.6,20120.5
2019-01-03,19795,12576.1688,7218.8312,200.4,0,970,0,970,0,970,0,970,19995.4
2019-01-04,19025.4,12576.1688,6449.2312,229,0,200,0,200,0,200,0,200,19254.4
2019-01-05,19054.4,12576.1688,6478.2312,330,0,200,0,200,0,200,0,200,19384.4
2019-01-06,19184.4,12576.1688,6608.2312,391.3,0,200,0,200,0,200,0,200,19575.7
2019-01-07,19375.7,12576.1688,6799.5312,492.4,0,200,0,200,0,200,0,200,19868.1
2019-01-08,19668.1,12576.1688,7091.9312,3051,0,2924.1,0,200,0,200,0,200,22719.1
2019-01-09,19795,12576.1688,7218.8312,1426.2,0,1426.2,0,200,0,200,0,200,21221.2
2019-01-10,19795,12576.1688,7218.8312,998.1,0,998.1,0,200,0,200,0,200,20793.1
2019-01-11,19795,12576.1688,7218.8312,790,0,790,0,200,0,200,0,200,20585
2019-01-12,19795,12576.1688,7218.8312,595.8,0,595.8,0,200,0,200,0,200,20390.8
2019-01-13,19795,12576.1688,7218.8312,533.4,0,533.4,0,200,0,200,0,200,20328.4
2019-01-14,19795,12576.1688,7218.8312,494.3,0,494.3,0,200,0,200,0,200,20289.3
2019-01-15,19795,12576.1688,7218.8312,448.6,0,448.6,0,200,0,200,0,200,20243.6
2019-01-16,19795,12576.1688,7218.8312,486,0,486,0,200,0,200,0,200,20281
2019-01-17,19795,12576.1688,7218.8312,444.4,0,444.4,0,200,0,200,0,200,20239.4
2019-01-18,19795,12576.1688,7218.8312,441.6,0,441.6,0,200,0,200,0,200,20236.6
2019-01-19,19795,12576.1688,7218.8312,427.8,0,427.8,0,200,0,200,0,200,20222.8
2019-01-20,19795,12576.1688,7218.8312,396,0,396,0,200,0,200,0,200,20191
2019-01-21,19795,12576.1688,7218.8312,375,0,375,0,200,0,200,0,200,20170
2019-01-22,19795,12576.1688,7218.8312,357,0,357,0,200,0,200,0,200,20152
2019-01-23,19795,12576.1688,7218.8312,424.6,0,424.6,0,200,0,200,0,200,20219.6
2019-01-24,19795,12576.1688,7218.8312,574.7,0,574.7,0,200,0,200,0,200,20369.7
2019-01-25,19795,12576.1688,7218.8312,563,0,563,0,200,0,200,0,200,20358
2019-01-26,19795,12576.1688,7218.8312,456.5,0,456.5,0,200,0,200,0,200,20251.5
2019-01-27,19795,12576.1688,7218.8312,433.6,0,433.6,0,200,0,200,0,200,20228.6
2019-01-28,19795,12576.1688,7218.8312,751.9,0,751.9,0,200,0,200,0,200,20546.9
2019-01-29,19795,12576.1688,7218.8312,1181.6,0,1181.6,0,200,0,200,0,200,20976.6
2019-01-30,19795,12576.1688,7218.8312,1104,0,1104,0,200,0,200,0,200,20899
2019-01-31,19795,12576.1688,7218.8312,850.1,0,850.1,0,200,0,200,0,200,20645.1
2019-02-01,19795,12576.1688,7218.8312,677.5,0,677.5,0,200,0,200,0,200,20472.5
2019-02-02,19795,12576.1688,7218.8312,574.7,0,574.7,0,200,0,200,0,200,20369.7
2019-02-03,19795,12576.1688,7218.8312,488.9,0,488.9,0,200,0,200,0,200,20283.9
2019-02-04,19795,12576.1688,7218.8312,659.7,0,659.7,0,200,0,200,0,200,20454.7
2019-02-05,19795,12576.1688,7218.8312,794.7,0,794.7,0,200,0,200,0,200,20589.7
2019-02-06,19795,12576.1688,7218.8312,752,0,752,0,200,0,200,0,200,20547
2019-02-07,19795,12576.1688,7218.8312,683,0,683,0,200,0,200,0,200,20478
2019-02-08,19795,12576.1688,7218.8312,529,0,529,0,200,0,200,0,200,20324
2019-02-09,19795,12576.1688,7218.8312,479.3,0,479.3,0,200,0,200,0,200,20274.3
2019-02-10,19795,12576.1688,7218.8312,527.3,0,527.3,0,200,0,200,0,200,20322.3
2019-02-11,19795,12576.1688,7218.8312,809.1,0,809.1,0,200,0,200,0,200,20604.1
2019-02-12,19795,12576.1688,7218.8312,1436,0,1436,0,200,0,200,0,200,21231
2019-02-13,19795,12576.1688,7218.8312,844,0,844,0,200,0,200,0,200,20639
2019-02-14,19795,12576.1688,7218.8312,690,0,690,0,200,0,200,0,200,20485
2019-02-15,19795,12576.1688,7218.8312,584.3,0,584.3,0,200,0,200,0,200,20379.3
2019-02-16,19795,12576.1688,7218.8312,507.7,0,507.7,0,200,0,200,0,200,20302.7
2019-02-17,19795,12576.1688,7218.8312,524,0,524,0,200,0,200,0,200,20319
2019-02-18,19795,12576.1688,7218.8312,695.5,0,695.5,0,200,0,200,0,200,20490.5
2019-02-19,19795,12576.1688,7218.8312,1220.3,0,1220.3,0,200,0,200,0,200,21015.3
2019-02-20,19795,12576.1688,7218.8312,844.9,0,844.9,0,200,0,200,0,200,20639.9
2019-02-21,19795,12576.1688,7218.8312,741.4,0,741.4,0,200,0,200,0,200,20536.4
2019-02-22,19795,12576.1688,7218.8312,606.6,0,606.6,0,200,0,200,0,200,20401.6
2019-02-23,19795,12576.1688,7218.8312,558.9,0,558.9,0,200,0,200,0,200,20353.9
2019-02-24,19795,12576.1688,7218.8312,744.7,0,744.7,0,200,0,200,0,200,20539.7
2019-02-25,19795,12576.1688,7218.8312,778.2,0,778.2,0,200,0,200,0,200,20573.2
2019-02-26,19795,12576.1688,7218.8312,601.9,0,601.9,0,200,0,200,0,200,20396.9
2019-02-27,19795,12576.1688,7218.8312,488,0,488,0,200,0,200,0,200,20283
2019-02-28,19795,12576.1688,7218.8312,441.9,0,441.9,0,200,0,200,0,200,20236.9
2019-03-01,19795,12576.1688,7218.8312,452.9,0,77.6,0,77.6,0,77.6,0,77.6,20247.9
2019-03-02,20170.3,12576.1688,7594.1312,450,0,77.6,0,77.6,0,77.6,0,77.6,20620.3
2019-03-03,20542.7,12576.1688,7966.5312,416.5,0,200,0,200,0,200,0,200,20959.2
2019-03-04,20759.2,12576.1688,8183.0312,374.1,0,200,0,200,0,200,0,200,21133.3
2019-03-05,20933.3,12576.1688,8357.1312,372.6,0,200,0,200,0,200,0,200,21305.9
2019-03-06,21105.9,12576.1688,8529.7312,348.6,0,200,0,200,0,200,0,200,21454.5
2019-03-07,21254.5,12576.1688,8678.3312,334.4,0,200,0,200,0,200,0,200,21588.9
2019-03-08,21388.9,12576.1688,8812.7312,332,0,200,0,200,0,200,0,200,21720.9
2019-03-09,21520.9,12576.1688,8944.7312,443.9,0,200,0,200,0,200,0,200,21964.8
2019-03-10,21764.8,12576.1688,9188.6312,574.7,0,200,0,200,0,200,0,200,22339.5
2019-03-11,22139.5,12576.1688,9563.3312,445.9,0,258.4,0,200,0,200,0,200,22585.4
2019-03-12,22327,12576.1688,9750.8312,389.1,0,389.1,0,200,0,200,0,200,22716.1
2019-03-13,22327,12576.1688,9750.8312,371.5,0,371.5,0,200,0,200,0,200,22698.5
2019-03-14,22327,12576.1688,9750.8312,338,0,338,0,200,0,200,0,200,22665
2019-03-15,22327,12576.1688,9750.8312,337.4,0,337.4,0,200,0,200,0,200,22664.4
2019-03-16,22327,12576.1688,9750.8312,321,0,321,0,200,0,200,0,200,22648
2019-03-17,22327,12576.1688,9750.8312,307,0,307,0,200,0,200,0,200,22634
2019-03-18,22327,12576.1688,9750.8312,331.1,0,331.1,0,200,0,200,0,200,22658.1
2019-03-19,22327,12576.1688,9750.8312,695.8,0,695.8,0,200,0,200,0,200,23022.8
2019-03-20,22327,12576.1688,9750.8312,634,0,634,0,200,0,200,0,200,22961
2019-03-21,22327,12576.1688,9750.8312,1043.9,0,1043.9,0,200,0,200,0,200,23370.9
2019-03-22,22327,12576.1688,9750.8312,989.5,0,989.5,0,200,0,200,0,200,23316.5
2019-03-23,22327,12576.1688,9750.8312,701.2,0,701.2,0,200,0,200,0,200,23028.2
2019-03-24,22327,12576.1688,9750.8312,540,0,540,0,200,0,200,0,200,22867
2019-03-25,22327,12576.1688,9750.8312,432.6,0,432.6,0,200,0,200,0,200,22759.6
2019-03-26,22327,12576.1688,9750.8312,386.3,0,386.3,0,200,0,200,0,200,22713.3
2019-03-27,22327,12576.1688,9750.8312,357,0,357,0,200,0,200,0,200,22684
2019-03-28,22327,12576.1688,9750.8312,336.5,0,336.5,0,200,0,200,0,200,22663.5
2019-03-29,22327,12576.1688,9750.8312,316.6,0,316.6,0,200,0,200,0,200,22643.6
2019-03-30,22327,12576.1688,9750.8312,295,0,295,0,200,0,200,0,200,22622
2019-03-31,22327,12576.1688,9750.8312,278,0,278,0,200,0,200,0,200,22605
2019-04-01,22327,12576.1688,9750.8312,269.7,0,77.6,0,77.6,0,77.6,0,77.6,22596.7
2019-04-02,22519.1,12576.1688,9942.9312,278,0,77.6,0,77.6,0,77.6,0,77.6,22797.1
2019-04-03,22719.5,12576.1688,10143.3312,288.6,0,77.6,0,77.6,0,77.6,0,77.6,23008.1
2019-04-04,22930.5,12576.1688,10354.3312,270,0,77.6,0,77.6,0,77.6,0,77.6,23200.5
2019-04-05,23122.9,12576.1688,10546.7312,278,0,77.6,0,77.6,0,77.6,0,77.6,23400.9
2019-04-06,23323.3,12576.1688,10747.1312,265,0,77.6,0,77.6,0,77.6,0,77.6,23588.3
2019-04-07,23510.7,12576.1688,10934.5312,237.6,0,77.6,0,77.6,0,77.6,0,77.6,23748.3
2019-04-08,23670.7,12576.1688,11094.5312,214.7,0,77.6,0,77.6,0,77.6,0,77.6,23885.4
2019-04-09,23807.8,12576.1688,11231.6312,205.9,0,77.6,0,77.6,0,77.6,0,77.6,24013.7
2019-04-10,23936.1,12576.1688,11359.9312,526.4,0,77.6,0,77.6,0,77.6,0,77.6,24462.5
2019-04-11,24384.9,12576.1688,11808.7312,497.8,0,77.6,0,77.6,0,77.6,0,77.6,24882.7
2019-04-12,24805.1,12576.1688,12228.9312,377,0,77.6,0,77.6,0,77.6,0,77.6,25182.1
2019-04-13,25104.5,12576.1688,12528.3312,321,0,77.6,0,77.6,0,77.6,0,77.6,25425.5
2019-04-14,25347.9,12576.1688,12771.7312,273.1,0,77.6,0,77.6,0,77.6,0,77.6,25621
2019-04-15,25543.4,12576.1688,12967.2312,244.8,0,77.6,0,77.6,0,77.6,0,77.6,25788.2
2019-04-16,25710.6,12576.1688,13134.4312,232.7,0,77.6,0,77.6,0,77.6,0,77.6,25943.3
2019-04-17,25865.7,12576.1688,13289.5312,218.9,0,77.6,0,77.6,0,77.6,0,77.6,26084.6
2019-04-18,26007,12576.1688,13430.8312,205,0,77.6,0,77.6,0,77.6,0,77.6,26212
2019-04-19,26134.4,12576.1688,13558.2312,248,0,77.6,0,77.6,0,77.6,0,77.6,26382.4
2019-04-20,26304.8,12576.1688,13728.6312,901.8,0,77.6,0,77.6,0,77.6,0,77.6,27206.6
2019-04-21,27129,12576.1688,14552.8312,780.7,0,77.6,0,77.6,0,77.6,0,77.6,27909.7
2019-04-22,27832.1,12576.1688,15255.9312,602.4,0,211.5,0,200,0,200,0,200,28434.5
2019-04-23,28223,12576.1688,15646.8312,447,0,447,0,200,0,200,0,200,28670
2019-04-24,28223,12576.1688,15646.8312,388,0,388,0,200,0,200,0,200,28611
2019-04-25,28223,12576.1688,15646.8312,350.9,0,350.9,0,200,0,200,0,200,28573.9
2019-04-26,28223,12576.1688,15646.8312,319,0,319,0,200,0,200,0,200,28542
2019-04-27,28223,12576.1688,15646.8312,471.1,0,471.1,0,200,0,200,0,200,28694.1
2019-04-28,28223,12576.1688,15646.8312,477.3,0,477.3,0,200,0,200,0,200,28700.3
2019-04-29,28223,12576.1688,15646.8312,396,0,396,0,200,0,200,0,200,28619
2019-04-30,28223,12576.1688,15646.8312,358.9,0,358.9,0,200,0,200,0,200,28581.9
2019-05-01,28223,12576.1688,15646.8312,322,0,322,0,200,0,200,0,200,28545
2019-05-02,28223,12576.1688,15646.8312,296,0,296,0,200,0,200,0,200,28519
2019-05-03,28223,12576.1688,15646.8312,417,0,417,0,200,0,200,0,200,28640
2019-05-04,28223,12576.1688,15646.8312,405.7,0,405.7,0,200,0,200,0,200,28628.7
2019-05-05,28223,12576.1688,15646.8312,1197,0,597,0,200,0,200,0,200,29420
2019-05-06,28823,12576.1688,15646.8312,957.1,0,957.1,0,200,0,200,0,200,29780.1
2019-05-07,28823,12576.1688,15646.8312,580.9,0,970,0,970,0,970,0,970,29403.9
2019-05-08,28433.9,12576.1688,15646.8312,458.5,0,970,0,970,0,970,0,970,28892.4
2019-05-09,27922.4,12576.1688,15346.2312,433,0,970,0,970,0,970,0,970,28355.4
2019-05-10,27385.4,12576.1688,14809.2312,411,0,200,0,200,0,200,0,200,27796.4
2019-05-11,27596.4,12576.1688,15020.2312,355,0,200,0,200,0,200,0,200,27951.4
2019-05-12,27751.4,12576.1688,15175.2312,319.9,0,200,0,200,0,200,0,200,28071.3
2019-05-13,27871.3,12576.1688,15295.1312,311.5,0,200,0,200,0,200,0,200,28182.8
2019-05-14,27982.8,12576.1688,15406.6312,278,0,200,0,200,0,200,0,200,28260.8
2019-05-15,28060.8,12576.1688,15484.6312,260.1,0,200,0,200,0,200,0,200,28320.9
2019-05-16,28120.9,12576.1688,15544.7312,237.1,0,200,0,200,0,200,0,200,28358
2019-05-17,28158,12576.1688,15581.8312,233,0,200,0,200,0,200,0,200,28391
2019-05-18,28191,12576.1688,15614.8312,220,0,200,0,200,0,200,0,200,28411
2019-05-19,28211,12576.1688,15634.8312,193.7,0,200,0,200,0,200,0,200,28404.7
2019-05-20,28204.7,12576.1688,15628.5312,177,0,200,0,200,0,200,0,200,28381.7
2019-05-21,28181.7,12576.1688,15605.5312,184,0,200,0,200,0,200,0,200,28365.7
2019-05-22,28165.7,12576.1688,15589.5312,177.7,0,200,0,200,0,200,0,200,28343.4
2019-05-23,28143.4,12576.1688,15567.2312,154,0,200,0,200,0,200,0,200,28297.4
2019-05-24,28097.4,12576.1688,15521.2312,141,0,200,0,200,0,200,0,200,28238.4
2019-05-25,28038.4,12576.1688,15462.2312,139,0,200,0,200,0,200,0,200,28177.4
2019-05-26,27977.4,12576.1688,15401.2312,193,0,200,0,200,0,200,0,200,28170.4
2019-05-27,27970.4,12576.1688,15394.2312,161,0,200,0,200,0,200,0,200,28131.4
2019-05-28,27931.4,12576.1688,15355.2312,138.8,0,200,0,200,0,200,0,200,28070.2
2019-05-29,27870.2,12576.1688,15294.0312,118,0,200,0,200,0,200,0,200,27988.2
2019-05-30,27788.2,12576.1688,15212.0312,102.8,0,200,0,200,0,200,0,200,27891
2019-05-31,27691,12576.1688,15114.8312,97.9,0,200,0,200,0,200,0,200,27788.9
2019-06-01,27588.9,12576.1688,15012.7312,154,0,160,0,160,0,160,0,160,27742.9
2019-06-02,27582.9,12576.1688,15006.7312,138.1,0,160,0,160,0,160,0,160,27721
2019-06-03,27561,12576.1688,14984.8312,119.5,0,160,0,160,0,160,0,160,27680.5
2019-06-04,27520.5,12576.1688,14944.3312,109,0,160,0,160,0,160,0,160,27629.5
2019-06-05,27469.5,12576.1688,14893.3312,101,0,160,0,160,0,160,0,160,27570.5
2019-06-06,27410.5,12576.1688,14834.3312,98,0,160,0,160,0,160,0,160,27508.5
2019-06-07,27348.5,12576.1688,14772.3312,95.6,0,160,0,160,0,160,0,160,27444.1
2019-06-08,27284.1,12576.1688,14707.9312,92,0,160,0,160,0,160,0,160,27376.1
2019-06-09,27216.1,12576.1688,14639.9312,86,0,160,0,160,0,160,0,160,27302.1
2019-06-10,27142.1,12576.1688,14565.9312,116.7,0,160,0,160,0,160,0,160,27258.8
2019-06-11,27098.8,12576.1688,14522.6312,152,0,160,0,160,0,160,0,160,27250.8
2019-06-12,27090.8,12576.1688,14514.6312,175,0,160,0,160,0,160,0,160,27265.8
2019-06-13,27105.8,12576.1688,14529.6312,243.5,0,160,0,160,0,160,0,160,27349.3
2019-06-14,27189.3,12576.1688,14613.1312,396.3,0,160,0,160,0,160,0,160,27585.6
2019-06-15,27425.6,12576.1688,14849.4312,368.3,0,160,0,160,0,160,0,160,27793.9
2019-06-16,27633.9,12576.1688,15057.7312,394.3,0,160,0,160,0,160,0,160,28028.2
2019-06-17,27868.2,12576.1688,15292.0312,668.2,0,313.4,0,160,0,160,0,160,28536.4
2019-06-18,28223,12576.1688,15646.8312,606.6,0,160,0,160,0,160,0,160,28829.6
2019-06-19,28669.6,12576.1688,15646.8312,689.2,0,535.8,0,160,0,160,0,160,29358.8
2019-06-20,28823,12576.1688,15646.8312,538.4,0,970,0,970,0,970,0,970,29361.4
2019-06-21,28391.4,12576.1688,15646.8312,424.8,0,970,0,970,0,970,0,970,28816.2
2019-06-22,27846.2,12576.1688,15270.0312,325.3,0,970,0,970,0,970,0,970,28171.5
2019-06-23,27201.5,12576.1688,14625.3312,279.2,0,160,0,160,0,160,0,160,27480.7
2019-06-24,27320.7,12576.1688,14744.5312,246.2,0,160,0,160,0,160,0,160,27566.9
2019-06-25,27406.9,12576.1688,14830.7312,214,0,160,0,160,0,160,0,160,27620.9
2019-06-26,27460.9,12576.1688,14884.7312,193,0,160,0,160,0,160,0,160,27653.9
2019-06-27,27493.9,12576.1688,14917.7312,197,0,160,0,160,0,160,0,160,27690.9
2019-06-28,27530.9,12576.1688,14954.7312,347,0,160,0,160,0,160,0,160,27877.9
2019-06-29,27717.9,12576.1688,15141.7312,599.2,0,160,0,160,0,160,0,160,28317.1
2019-06-30,28157.1,12576.1688,15580.9312,509.2,0,443.3,0,160,0,160,0,160,28666.3
2019-07-01,28223,12576.1688,15646.8312,723.9,0,160,0,160,0,160,0,160,28946.9
2019-07-02,28786.9,12576.1688,15646.8312,610.4,0,574.3,0,160,0,160,0,160,29397.3
2019-07-03,28823,12576.1688,15646.8312,424.7,0,970,0,970,0,970,0,970,29247.7
2019-07-04,28277.7,12576.1688,15646.8312,325.4,0,970,0,970,0,970,0,970,28603.1
2019-07-05,27633.1,12576.1688,15056.9312,250,0,970,0,970,0,970,0,970,27883.1
2019-07-06,26913.1,12576.1688,14336.9312,202.2,0,160,0,160,0,160,0,160,27115.3
2019-07-07,26955.3,12576.1688,14379.1312,175,0,160,0,160,0,160,0,160,27130.3
2019-07-08,26970.3,12576.1688,14394.1312,191,0,160,0,160,0,160,0,160,27161.3
2019-07-09,27001.3,12576.1688,14425.1312,235.3,0,160,0,160,0,160,0,160,27236.6
2019-07-10,27076.6,12576.1688,14500.4312,220,0,160,0,160,0,160,0,160,27296.6
2019-07-11,27136.6,12576.1688,14560.4312,191,0,160,0,160,0,160,0,160,27327.6
2019-07-12,27167.6,12576.1688,14591.4312,165.8,0,160,0,160,0,160,0,160,27333.4
2019-07-13,27173.4,12576.1688,14597.2312,135,0,160,0,160,0,160,0,160,27308.4
2019-07-14,27148.4,12576.1688,14572.2312,128,0,160,0,160,0,160,0,160,27276.4
2019-07-15,27116.4,12576.1688,14540.2312,114,0,160,0,160,0,160,0,160,27230.4
2019-07-16,27070.4,12576.1688,14494.2312,104.2,0,160,0,160,0,160,0,160,27174.6
2019-07-17,27014.6,12576.1688,14438.4312,98,0,160,0,160,0,160,0,160,27112.6
2019-07-18,26952.6,12576.1688,14376.4312,92,0,160,0,160,0,160,0,160,27044.6
2019-07-19,26884.6,12576.1688,14308.4312,83,0,160,0,160,0,160,0,160,26967.6
2019-07-20,26807.6,12576.1688,14231.4312,72.7,0,160,0,160,0,160,0,160,26880.3
2019-07-21,26720.3,12576.1688,14144.1312,62,0,160,0,160,0,160,0,160,26782.3
2019-07-22,26622.3,12576.1688,14046.1312,56,0,160,0,160,0,160,0,160,26678.3
2019-07-23,26518.3,12576.1688,13942.1312,51.8,0,160,0,160,0,160,0,160,26570.1
2019-07-24,26410.1,12576.1688,13833.9312,64,0,160,0,160,0,160,0,160,26474.1
2019-07-25,26314.1,12576.1688,13737.9312,62,0,160,0,160,0,160,0,160,26376.1
2019-07-26,26216.1,12576.1688,13639.9312,54.8,0,160,0,160,0,160,0,160,26270.9
2019-07-27,26110.9,12576.1688,13534.7312,49,0,160,0,160,0,160,0,160,26159.9
2019-07-28,25999.9,12576.1688,13423.7312,43,0,160,0,160,0,160,0,160,26042.9
2019-07-29,25882.9,12576.1688,13306.7312,41,0,160,0,160,0,160,0,160,25923.9
2019-07-30,25763.9,12576.1688,13187.7312,38,0,160,0,160,0,160,0,160,25801.9
2019-07-31,25641.9,12576.1688,13065.7312,68.7,0,160,0,160,0,160,0,160,25710.6
2019-08-01,25550.6,12576.1688,12974.4312,72,0,130,0,130,0,130,0,130,25622.6
2019-08-02,25492.6,12576.1688,12916.4312,62.7,0,130,0,130,0,130,0,130,25555.3
2019-08-03,25425.3,12576.1688,12849.1312,51,0,130,0,130,0,130,0,130,25476.3
2019-08-04,25346.3,12576.1688,12770.1312,45,0,130,0,130,0,130,0,130,25391.3
2019-08-05,25261.3,12576.1688,12685.1312,38,0,130,0,130,0,130,0,130,25299.3
2019-08-06,25169.3,12576.1688,12593.1312,34,0,130,0,130,0,130,0,130,25203.3
2019-08-07,25073.3,12576.1688,12497.1312,28,0,130,0,130,0,130,0,130,25101.3
2019-08-08,24971.3,12576.1688,12395.1312,26,0,130,0,130,0,130,0,130,24997.3
2019-08-09,24867.3,12576.1688,12291.1312,24,0,130,0,130,0,130,0,130,24891.3
2019-08-10,24761.3,12576.1688,12185.1312,34.9,0,130,0,130,0,130,0,130,24796.2
2019-08-11,24666.2,12576.1688,12090.0312,319.1,0,130,0,130,0,130,0,130,24985.3
2019-08-12,24855.3,12576.1688,12279.1312,210.4,0,130,0,130,0,130,0,130,25065.7
2019-08-13,24935.7,12576.1688,12359.5312,156.3,0,130,0,130,0,130,0,130,25092
2019-08-14,24962,12576.1688,12385.8312,122,0,130,0,130,0,130,0,130,25084
2019-08-15,24954,12576.1688,12377.8312,244,0,130,0,130,0,130,0,130,25198
2019-08-16,25068,12576.1688,12491.8312,223.3,0,130,0,130,0,130,0,130,25291.3
2019-08-17,25161.3,12576.1688,12585.1312,272.5,0,130,0,130,0,130,0,130,25433.8
2019-08-18,25303.8,12576.1688,12727.6312,418,0,130,0,130,0,130,0,130,25721.8
2019-08-19,25591.8,12576.1688,13015.6312,426.8,0,130,0,130,0,130,0,130,26018.6
2019-08-20,25888.6,12576.1688,13312.4312,289.4,0,130,0,130,0,130,0,130,26178
2019-08-21,26048,12576.1688,13471.8312,220.2,0,130,0,130,0,130,0,130,26268.2
2019-08-22,26138.2,12576.1688,13562.0312,165,0,130,0,130,0,130,0,130,26303.2
2019-08-23,26173.2,12576.1688,13597.0312,147.5,0,130,0,130,0,130,0,130,26320.7
2019-08-24,26190.7,12576.1688,13614.5312,129,0,130,0,130,0,130,0,130,26319.7
2019-08-25,26189.7,12576.1688,13613.5312,124.6,0,130,0,130,0,130,0,130,26314.3
2019-08-26,26184.3,12576.1688,13608.1312,111,0,130,0,130,0,130,0,130,26295.3
2019-08-27,26165.3,12576.1688,13589.1312,98,0,130,0,130,0,130,0,130,26263.3
2019-08-28,26133.3,12576.1688,13557.1312,88,0,130,0,130,0,130,0,130,26221.3
2019-08-29,26091.3,12576.1688,13515.1312,79.9,0,130,0,130,0,130,0,130,26171.2
2019-08-30,26041.2,12576.1688,13465.0312,73,0,130,0,130,0,130,0,130,26114.2
2019-08-31,25984.2,12576.1688,13408.0312,67.6,0,130,0,130,0,130,0,130,26051.8
2019-09-01,25921.8,12576.1688,13345.6312,62,0,100,0,100,0,100,0,100,25983.8
2019-09-02,25883.8,12576.1688,13307.6312,54,0,100,0,100,0,100,0,100,25937.8
2019-09-03,25837.8,12576.1688,13261.6312,50,0,100,0,100,0,100,0,100,25887.8
2019-09-04,25787.8,12576.1688,13211.6312,43.7,0,100,0,100,0,100,0,100,25831.5
2019-09-05,25731.5,12576.1688,13155.3312,39.8,0,100,0,100,0,100,0,100,25771.3
2019-09-06,25671.3,12576.1688,13095.1312,36,0,100,0,100,0,100,0,100,25707.3
2019-09-07,25607.3,12576.1688,13031.1312,33,0,100,0,100,0,100,0,100,25640.3
2019-09-08,25540.3,12576.1688,12964.1312,42.5,0,100,0,100,0,100,0,100,25582.8
2019-09-09,25482.8,12576.1688,12906.6312,51,0,100,0,100,0,100,0,100,25533.8
2019-09-10,25433.8,12576.1688,12857.6312,49,0,100,0,100,0,100,0,100,25482.8
2019-09-11,25382.8,12576.1688,12806.6312,46.4,0,100,0,100,0,100,0,100,25429.2
2019-09-12,25329.2,12576.1688,12753.0312,43,0,100,0,100,0,100,0,100,25372.2
2019-09-13,25272.2,12576.1688,12696.0312,38.8,0,140.1527013,62.55270127,77.6,0,140.1527013,40.15270127,100,25311
2019-09-14,25170.8473,12530.90538,12639.94192,32,0,166.8246076,89.22460759,77.6,0,166.8246076,66.82460759,100,25202.8473
2019-09-15,25036.02269,12455.93997,12580.08272,29.9,0,130.6112445,53.0112445,77.6,0,130.6112445,30.6112445,100,25065.92269
2019-09-16,24935.31145,12416.25217,12519.05928,28,0,158.5673477,80.96734774,77.6,0,158.5673477,58.56734774,100,24963.31145
2019-09-17,24804.7441,12347.76162,12456.98248,24,0,162.005515,84.405515,77.6,0,162.005515,62.005515,100,24828.7441
2019-09-18,24666.73858,12274.0505,12392.68808,23,0,102.9323235,25.33232346,77.6,0,102.9323235,2.93232346,100,24689.73858
2019-09-19,24586.80626,12258.96698,12327.83928,21,0,167.0173411,89.41734112,77.6,0,167.0173411,67.01734112,100,24607.80626
2019-09-20,24440.78892,12178.90724,12261.88168,24,0,205.8773649,128.2773649,77.6,0,205.8773649,105.8773649,100,24464.78892
2019-09-21,24258.91155,12061.32427,12197.58728,27.9,0,187.14009,109.54009,77.6,0,187.14009,87.14009,100,24286.81155
2019-09-22,24099.67146,11964.21642,12135.45504,56,0,100,0,100,0,100,0,100,24155.67146
2019-09-23,24055.67146,11989.17002,12066.50144,68,0,100,0,100,0,100,0,100,24123.67146
2019-09-24,24023.67146,12019.47082,12004.20064,66,0,104.6100413,27.01004133,77.6,0,104.6100413,4.610041326,100,24089.67146
2019-09-25,23985.06142,12021.87038,11963.19104,64,0,157.0018474,79.40184738,77.6,0,157.0018474,57.00184738,100,24049.06142
2019-09-26,23892.05958,11970.98694,11921.07264,60,0,169.5274612,91.92746119,77.6,0,169.5274612,69.52746119,100,23952.05958
2019-09-27,23782.53211,11905.79547,11876.73664,54,0,182.4724826,104.8724826,77.6,0,182.4724826,82.47248259,100,23836.53211
2019-09-28,23654.05963,11824.98539,11829.07424,51,0,167.7971193,90.19711925,77.6,0,167.7971193,67.79711925,100,23705.05963
2019-09-29,23537.26251,11757.51387,11779.74864,47,0,144.0777677,66.47776767,77.6,0,144.0777677,44.07776767,100,23584.26251
2019-09-30,23440.18475,11711.97931,11728.20544,53,0,156.0772989,78.47729889,77.6,0,156.0772989,56.07729889,100,23493.18475
2019-10-01,23337.10745,11657.11881,11679.98864,54,0,190.6691625,113.0691625,77.6,0,190.6691625,90.66916248,100,23391.10745
2019-10-02,23200.43828,11568.11204,11632.32624,51,0,197.9313787,120.3313787,77.6,0,197.9313787,97.93137874,100,23251.43828
2019-10-03,23053.5069,11470.50626,11583.00064,47,0,177.6563477,100.0563477,77.6,0,177.6563477,77.65634769,100,23100.5069
2019-10-04,22922.85056,11391.39312,11531.45744,47,0,155.8895904,78.28959045,77.6,0,155.8895904,55.88959045,100,22969.85056
2019-10-05,22813.96097,11334.04673,11479.91424,49,0,164.6615203,87.06152027,77.6,0,164.6615203,64.66152027,100,22862.96097
2019-10-06,22698.29945,11268.81961,11429.47984,47,0,145.4116888,67.81168883,77.6,0,145.4116888,45.41168883,100,22745.29945
2019-10-07,22599.88776,11221.95112,11377.93664,45,0,142.4752208,64.87522081,77.6,0,142.4752208,42.47522081,100,22644.88776
2019-10-08,22502.41254,11177.1279,11325.28464,43,0,100,0,100,0,100,0,100,22545.41254
2019-10-09,22445.41254,11196.2887,11249.12384,43,0,100,0,100,0,100,0,100,22488.41254
2019-10-10,22388.41254,11215.4495,11172.96304,45,0,100,0,100,0,100,0,100,22433.41254
2019-10-11,22333.41254,11235.5015,11097.91104,45,0,100,0,100,0,100,0,100,22378.41254
2019-10-12,22278.41254,11255.5535,11022.85904,44.5,0,100,0,100,0,100,0,100,22322.91254
2019-10-13,22222.91254,11275.3827,10947.52984,43,0,100,0,100,0,100,0,100,22265.91254
2019-10-14,22165.91254,11294.5435,10871.36904,43,0,100,0,100,0,100,0,100,22208.91254
2019-10-15,22108.91254,11313.7043,10795.20824,41,0,100,0,100,0,100,0,100,22149.91254
2019-10-16,22049.91254,11331.9739,10717.93864,39.8,0,100,0,100,0,100,0,100,22089.71254
2019-10-17,21989.71254,11349.70878,10640.00376,39,0,124.8710034,47.27100343,77.6,0,124.8710034,24.87100343,100,22028.71254
2019-10-18,21903.84153,11319.81617,10584.02536,38,0,131.8567451,54.25674508,77.6,0,131.8567451,31.85674508,100,21941.84153
2019-10-19,21809.98479,11282.49223,10527.49256,36,0,225.2371075,147.6371075,77.6,0,225.2371075,125.2371075,100,21845.98479
2019-10-20,21620.74768,11150.89672,10469.85096,34,0,212.0500008,134.4500008,77.6,0,212.0500008,112.0500008,100,21654.74768
2019-10-21,21442.69768,11031.59712,10411.10056,30,0,197.818096,120.218096,77.6,0,197.818096,97.81809599,100,21472.69768
2019-10-22,21274.87958,10924.74702,10350.13256,35.8,0,189.8543448,112.2543448,77.6,0,189.8543448,89.85434479,100,21310.67958
2019-10-23,21120.82524,10828.44516,10292.38008,38,0,200.119188,122.519188,77.6,0,200.119188,100.119188,100,21158.82524
2019-10-24,20958.70605,10722.85877,10235.84728,35.8,0,204.3728259,126.7728259,77.6,0,204.3728259,104.3728259,100,20994.50605
2019-10-25,20790.13323,10612.03843,10178.0948,30,0,229.5246355,151.9246355,77.6,0,229.5246355,151.9246355,77.6,20820.13323
2019-10-26,20590.60859,10473.48179,10117.1268,28,0,249.8409435,172.2409435,77.6,0,249.8409435,172.2409435,77.6,20618.60859
2019-10-27,20368.76765,10313.71765,10055.05,26,0,236.8483931,159.2483931,77.6,0,236.8483931,159.2483931,77.6,20394.76765
2019-10-28,20157.91925,10166.05485,9991.8644,25.9,0,212.2038497,134.6038497,77.6,0,212.2038497,134.6038497,77.6,20183.81925
2019-10-29,19971.6154,10042.99204,9928.62336,24,0,233.0662454,155.4662454,77.6,0,233.0662454,155.4662454,77.6,19995.6154
2019-10-30,19762.54916,9898.220198,9864.32896,24,0,227.275072,149.675072,77.6,0,227.275072,149.675072,77.6,19786.54916
2019-10-31,19559.27409,9759.239526,9800.03456,24,0,190.3590852,112.7590852,77.6,0,190.3590852,112.7590852,77.6,19583.27409
2019-11-01,19392.915,9657.174841,9735.74016,24,0,178.1562996,100.5562996,77.6,0,178.1562996,78.15629957,100,19416.915
2019-11-02,19238.7587,9567.312941,9671.44576,24,0,168.5191037,90.91910367,77.6,0,168.5191037,68.51910367,100,19262.7587
2019-11-03,19094.2396,9487.088238,9607.15136,24,0,166.6906349,89.09063489,77.6,0,166.6906349,66.69063489,100,19118.2396
2019-11-04,18951.54896,9408.692003,9542.85696,28,0,143.7257605,66.12576052,77.6,0,143.7257605,43.72576052,100,18979.54896
2019-11-05,18835.8232,9355.043042,9480.78016,33.9,0,163.8306184,86.23061839,77.6,0,163.8306184,63.83061839,100,18869.7232
2019-11-06,18705.89258,9283.918264,9421.97432,34,0,175.571135,97.97113505,77.6,0,175.571135,75.57113505,100,18739.89258
2019-11-07,18564.32145,9201.097529,9363.22392,31.9,0,176.5331302,98.93313021,77.6,0,176.5331302,76.53313021,100,18596.22145
2019-11-08,18419.68832,9116.379039,9303.30928,31.9,0,187.8469114,110.2469114,77.6,0,187.8469114,110.2469114,77.6,18451.58832
2019-11-09,18263.74141,9020.346767,9243.39464,29.9,0,201.7974239,124.1974239,77.6,0,201.7974239,124.1974239,77.6,18293.64141
2019-11-10,18091.84398,8909.472783,9182.3712,29.9,0,185.0628166,107.4628166,77.6,0,185.0628166,107.4628166,77.6,18121.74398
2019-11-11,17936.68117,8815.333407,9121.34776,28,0,115.072729,37.47272903,77.6,0,115.072729,37.47272903,77.6,17964.68117
2019-11-12,17849.60844,8790.337478,9059.27096,29.9,0,135.5598634,57.95986337,77.6,0,135.5598634,57.95986337,77.6,17879.50844
2019-11-13,17743.94857,8745.701054,8998.24752,29.9,0,132.6665004,55.06650038,77.6,0,132.6665004,55.06650038,77.6,17773.84857
2019-11-14,17641.18207,8703.957994,8937.22408,28,0,135.496525,57.89652498,77.6,0,135.496525,57.89652498,77.6,17669.18207
2019-11-15,17533.68555,8658.538269,8875.14728,28,0,166.2137884,88.61378836,77.6,0,166.2137884,88.61378836,77.6,17561.68555
2019-11-16,17395.47176,8582.401281,8813.07048,28,0,186.9635851,109.3635851,77.6,0,186.9635851,109.3635851,77.6,17423.47176
2019-11-17,17236.50818,8485.514496,8750.99368,28,0,146.2674404,68.66744035,77.6,0,146.2674404,68.66744035,77.6,17264.50818
2019-11-18,17118.24074,8429.323855,8688.91688,28,0,157.5468915,79.9468915,77.6,0,157.5468915,79.9468915,77.6,17146.24074
2019-11-19,16988.69384,8361.853764,8626.84008,26,0,164.4709242,86.87092417,77.6,0,164.4709242,86.87092417,77.6,17014.69384
2019-11-20,16850.22292,8286.56844,8563.65448,26,0,190.3936755,112.7936755,77.6,0,190.3936755,112.7936755,77.6,16876.22292
2019-11-21,16685.82924,8185.360364,8500.46888,14.3,0,172.4279619,94.82796194,77.6,0,172.4279619,94.82796194,77.6,16700.12924
2019-11-22,16527.70128,8096.904482,8430.7968,13.3,0,165.487131,87.88713104,77.6,0,165.487131,87.88713104,77.6,16541.00128
2019-11-23,16375.51415,8014.943831,8360.57032,12.9,0,173.1505324,95.55053244,77.6,0,173.1505324,95.55053244,77.6,16388.41415
2019-11-24,16215.26362,7925.141539,8290.12208,10.6,0,166.0220082,88.4220082,77.6,0,166.0220082,88.4220082,77.6,16225.86362
2019-11-25,16059.84161,7841.44289,8218.39872,10.4,0,162.5854871,84.98548705,77.6,0,162.5854871,84.98548705,77.6,16070.24161
2019-11-26,15907.65612,7761.091643,8146.56448,11.5,0,80.26833038,2.668330378,77.6,0,80.26833038,2.668330378,77.6,15919.15612
2019-11-27,15838.88779,7763.547713,8075.34008,24,0,82.50800298,4.90800298,77.6,0,82.50800298,4.90800298,77.6,15862.88779
2019-11-28,15780.37979,7769.33411,8011.04568,28,0,86.96235864,9.362358643,77.6,0,86.96235864,9.362358643,77.6,15808.37979
2019-11-29,15721.41743,7772.448551,7948.96888,23,0,100.9346445,23.33464454,77.6,0,100.9346445,23.33464454,77.6,15744.41743
2019-11-30,15643.48279,7759.362707,7884.12008,21,0,123.1525026,45.55250259,77.6,0,123.1525026,45.55250259,77.6,15664.48279
2019-12-01,15541.33028,7723.167804,7818.16248,18.5,0,105.5559508,27.9559508,77.6,0,105.5559508,27.9559508,77.6,15559.83028
2019-12-02,15454.27433,7703.455453,7750.81888,16.2,0,127.0461484,49.44614838,77.6,0,127.0461484,49.44614838,77.6,15470.47433
2019-12-03,15343.42819,7661.228025,7682.20016,12.9,0,138.1569171,60.5569171,77.6,0,138.1569171,60.5569171,77.6,15356.32819
2019-12-04,15218.17127,7606.419348,7611.75192,10.8,0,144.918551,67.31855099,77.6,0,144.918551,67.31855099,77.6,15228.97127
2019-12-05,15084.05272,7543.913277,7540.13944,9.3,0,161.1306691,83.53066913,77.6,0,161.1306691,83.53066913,77.6,15093.35272
2019-12-06,14932.22205,7464.526688,7467.69536,9,0,189.1742,111.5742,77.6,0,189.1742,111.5742,77.6,14941.22205
2019-12-07,14752.04785,7356.962888,7395.08496,7.7,0,198.741125,121.141125,77.6,0,198.741125,121.141125,77.6,14759.74785
2019-12-08,14561.00672,7239.252883,7321.75384,10.2,0,198.578275,120.978275,77.6,0,198.578275,120.978275,77.6,14571.20672
2019-12-09,14372.62845,7122.819728,7249.80872,56,0,77.6,0,77.6,0,77.6,0,77.6,14428.62845
2019-12-10,14351.02845,7147.773328,7203.25512,70.9,0,83.6010988,6.001098799,77.6,0,83.6010988,6.001098799,77.6,14421.92845
2019-12-11,14338.32735,7173.365269,7164.96208,69,0,108.1211721,30.52117213,77.6,0,108.1211721,30.52117213,77.6,14407.32735
2019-12-12,14299.20618,7173.590497,7125.61568,66,0,96.5815799,18.9815799,77.6,0,96.5815799,18.9815799,77.6,14365.20618
2019-12-13,14268.6246,7184.018517,7084.60608,59.9,0,77.6,0,77.6,0,77.6,0,77.6,14328.5246
2019-12-14,14250.9246,7210.709957,7040.21464,53,0,77.6,0,77.6,0,77.6,0,77.6,14303.9246
2019-12-15,14226.3246,7234.326757,6991.99784,50.9,0,77.6,0,77.6,0,77.6,0,77.6,14277.2246
2019-12-16,14199.6246,7257.007797,6942.6168,52.9,0,77.6,0,77.6,0,77.6,0,77.6,14252.5246
2019-12-17,14174.9246,7280.580037,6894.34456,52.9,0,108.7410075,31.14100751,77.6,0,108.7410075,31.14100751,77.6,14227.8246
2019-12-18,14119.08359,7273.01127,6846.07232,53,0,145.4424902,67.84249023,77.6,0,145.4424902,67.84249023,77.6,14172.08359
2019-12-19,14026.6411,7228.785579,6797.85552,56,0,149.7760179,72.17601787,77.6,0,149.7760179,72.17601787,77.6,14082.6411
2019-12-20,13932.86508,7181.563161,6751.30192,59.4,0,163.772484,86.17248398,77.6,0,163.772484,86.17248398,77.6,13992.26508
2019-12-21,13828.4926,7121.859317,6706.63328,57.4,0,186.5758309,108.9758309,77.6,0,186.5758309,108.9758309,77.6,13885.8926
2019-12-22,13699.31677,7038.460927,6660.85584,87.9,0,178.3096858,100.7096858,77.6,0,178.3096858,100.7096858,77.6,13787.21677
2019-12-23,13608.90708,6976.919481,6631.9876,97.7,0,164.0834217,86.48342171,77.6,0,164.0834217,86.48342171,77.6,13706.60708
2019-12-24,13542.52366,6933.971179,6608.55248,81,0,161.4385509,83.83855088,77.6,0,161.4385509,83.83855088,77.6,13623.52366
2019-12-25,13462.08511,6886.226228,6575.85888,81,0,160.1710273,82.57102731,77.6,0,160.1710273,82.57102731,77.6,13543.08511
2019-12-26,13382.91408,6839.748801,6543.16528,71,0,160.1644001,82.56440008,77.6,0,160.1644001,82.56440008,77.6,13453.91408
2019-12-27,13293.74968,6788.822001,6504.92768,64,0,162.6404912,85.0404912,77.6,0,162.6404912,85.0404912,77.6,13357.74968
2019-12-28,13195.10919,6732.29991,6462.80928,56,0,142.4864299,64.88642989,77.6,0,142.4864299,64.88642989,77.6,13251.10919
2019-12-29,13108.62276,6692.36708,6416.25568,58,0,131.0942752,53.49427522,77.6,0,131.0942752,53.49427522,77.6,13166.62276
2019-12-30,13035.52848,6664.717604,6370.81088,81,0,143.3168566,65.71685662,77.6,0,143.3168566,65.71685662,77.6,13116.52848
2019-12-31,12973.21163,6635.094348,6338.11728,83.9,0,167.7361723,90.13617226,77.6,0,167.7361723,90.13617226,77.6,13057.11163
2020-01-01,12889.37546,6582.344016,6307.03144,81,0,199.0008525,121.4008525,77.6,0,199.0008525,121.4008525,77.6,12970.37546
2020-01-02,12771.3746,6497.036763,6274.33784,81,0,204.3904892,126.7904892,77.6,0,204.3904892,126.7904892,77.6,12852.3746
2020-01-03,12647.98411,6406.339874,6241.64424,83.9,0,77.6,0,77.6,0,77.6,0,77.6,12731.88411
2020-01-04,12654.28411,6443.725714,6210.5584,79,0,77.6,0,77.6,0,77.6,0,77.6,12733.28411
2020-01-05,12655.68411,6478.928114,6176.756,79,0,77.6,0,77.6,0,77.6,0,77.6,12734.68411
2020-01-06,12657.08411,6514.130514,6142.9536,64,0,77.6,0,77.6,0,77.6,0,77.6,12721.08411
2020-01-07,12643.48411,6542.648914,6100.8352,61.1,0,77.6,0,77.6,0,77.6,0,77.6,12704.58411
2020-01-08,12626.98411,6569.875074,6057.10904,56.8,0,77.6,0,77.6,0,77.6,0,77.6,12683.78411
2020-01-09,12606.18411,6595.185154,6010.99896,111,0,77.6,0,77.6,0,77.6,0,77.6,12717.18411
2020-01-10,12639.58411,6644.646754,5994.93736,150,0,77.6,0,77.6,0,77.6,0,77.6,12789.58411
2020-01-11,12711.98411,6711.486754,6000.49736,120,0,77.6,0,77.6,0,77.6,0,77.6,12831.98411
2020-01-12,12754.38411,6764.958754,5989.42536,114,0,77.6,0,77.6,0,77.6,0,77.6,12868.38411
2020-01-13,12790.78411,6815.757154,5975.02696,165.8,0,77.6,0,77.6,0,77.6,0,77.6,12956.58411
2020-01-14,12878.98411,6889.637634,5989.34648,288.1,0,77.6,0,77.6,0,77.6,0,77.6,13167.08411
2020-01-15,13089.48411,7018.014994,6071.46912,328.4,0,77.6,0,77.6,0,77.6,0,77.6,13417.88411
2020-01-16,13340.28411,7164.350034,6175.93408,250.6,0,77.6,0,77.6,0,77.6,0,77.6,13590.88411
2020-01-17,13513.28411,7276.017394,6237.26672,266.7,0,77.6,0,77.6,0,77.6,0,77.6,13779.98411
2020-01-18,13702.38411,7394.858914,6307.5252,586,0,77.6,0,77.6,0,77.6,0,77.6,14288.38411
2020-01-19,14210.78411,7655.980514,6554.8036,849.4,0,77.6,0,77.6,0,77.6,0,77.6,15060.18411
2020-01-20,14982.58411,8034.473154,6948.11096,786.2,0,77.6,0,77.6,0,77.6,0,77.6,15768.78411
2020-01-21,15691.18411,8384.803874,7306.38024,660,0,77.6,0,77.6,0,77.6,0,77.6,16351.18411
2020-01-22,16273.58411,8678.899874,7594.68424,633.2,0,77.6,0,77.6,0,77.6,0,77.6,16906.78411
2020-01-23,16829.18411,8961.053794,7868.13032,828.9,0,77.6,0,77.6,0,77.6,0,77.6,17658.08411
2020-01-24,17580.48411,9330.411634,8250.07248,1127.9,0,200,0,200,0,200,0,200,18708.38411
2020-01-25,18508.38411,9833.003874,8675.38024,1054.9,0,200,0,200,0,200,0,200,19563.28411
2020-01-26,19363.28411,10303.06731,9060.2168,850.8,0,419.0841139,0,200,0,200,0,200,20214.08411
2020-01-27,19795,10682.18379,9112.816206,726.2,0,726.2,0,200,0,200,0,200,20521.2
2020-01-28,19795,11005.77851,8789.221486,657.3,0,657.3,0,200,0,200,0,200,20452.3
2020-01-29,19795,11298.67139,8496.328606,599.5,0,599.5,0,200,0,200,0,200,20394.5
2020-01-30,19795,11565.80859,8229.191406,548.8,0,548.8,0,200,0,200,0,200,20343.8
2020-01-31,19795,11810.35387,7984.646126,507.4,0,507.4,0,200,0,200,0,200,20302.4
2020-02-01,19795,12036.45131,7758.548686,459,0,459,0,200,0,200,0,200,20254
2020-02-02,19795,12240.98171,7554.018286,441.5,0,441.5,0,200,0,200,0,200,20236.5
2020-02-03,19795,12437.71411,7357.285886,465.5,0,465.5,0,200,0,200,0,200,20260.5
2020-02-04,19795,12576.1688,7218.8312,443.5,0,443.5,0,200,0,200,0,200,20238.5
2020-02-05,19795,12576.1688,7218.8312,417,0,417,0,200,0,200,0,200,20212
2020-02-06,19795,12576.1688,7218.8312,418.5,0,418.5,0,200,0,200,0,200,20213.5
2020-02-07,19795,12576.1688,7218.8312,436.2,0,436.2,0,200,0,200,0,200,20231.2
2020-02-08,19795,12576.1688,7218.8312,874,0,874,0,200,0,200,0,200,20669
2020-02-09,19795,12576.1688,7218.8312,701.1,0,701.1,0,200,0,200,0,200,20496.1
2020-02-10,19795,12576.1688,7218.8312,570.9,0,570.9,0,200,0,200,0,200,20365.9
2020-02-11,19795,12576.1688,7218.8312,465.7,0,465.7,0,200,0,200,0,200,20260.7
2020-02-12,19795,12576.1688,7218.8312,405.4,0,405.4,0,200,0,200,0,200,20200.4
2020-02-13,19795,12576.1688,7218.8312,387,0,387,0,200,0,200,0,200,20182
2020-02-14,19795,12576.1688,7218.8312,363,0,363,0,200,0,200,0,200,20158
2020-02-15,19795,12576.1688,7218.8312,336.2,0,336.2,0,200,0,200,0,200,20131.2
2020-02-16,19795,12576.1688,7218.8312,327,0,327,0,200,0,200,0,200,20122
2020-02-17,19795,12576.1688,7218.8312,318.2,0,318.2,0,200,0,200,0,200,20113.2
2020-02-18,19795,12576.1688,7218.8312,318.2,0,318.2,0,200,0,200,0,200,20113.2
2020-02-19,19795,12576.1688,7218.8312,306,0,306,0,200,0,200,0,200,20101
2020-02-20,19795,12576.1688,7218.8312,291,0,291,0,200,0,200,0,200,20086
2020-02-21,19795,12576.1688,7218.8312,271.4,0,271.4,0,200,0,200,0,200,20066.4
2020-02-22,19795,12576.1688,7218.8312,256,0,256,0,200,0,200,0,200,20051
2020-02-23,19795,12576.1688,7218.8312,237.6,0,237.6,0,200,0,200,0,200,20032.6
2020-02-24,19795,12576.1688,7218.8312,220,0,220,0,200,0,200,0,200,20015
2020-02-25,19795,12576.1688,7218.8312,201,0,201,0,200,0,200,0,200,19996
2020-02-26,19795,12576.1688,7218.8312,190.9,0,200,0,200,0,200,0,200,19985.9
2020-02-27,19785.9,12576.1688,7209.7312,190.9,0,200,0,200,0,200,0,200,19976.8
2020-02-28,19776.8,12576.1688,7200.6312,279.5,0,261.3,0,200,0,200,0,200,20056.3
2020-02-29,19795,12576.1688,7218.8312,465.9,0,77.6,0,77.6,0,77.6,0,77.6,20260.9
2020-03-01,20183.3,12576.1688,7607.1312,415,0,77.6,0,77.6,0,77.6,0,77.6,20598.3
2020-03-02,20520.7,12576.1688,7944.5312,358.8,0,200,0,200,0,200,0,200,20879.5
2020-03-03,20679.5,12576.1688,8103.3312,1877.6,0,230.1,0,200,0,200,0,200,22557.1
2020-03-04,22327,12576.1688,9750.8312,705.4,0,705.4,0,200,0,200,0,200,23032.4
2020-03-05,22327,12576.1688,9750.8312,450,0,450,0,200,0,200,0,200,22777
2020-03-06,22327,12576.1688,9750.8312,428.9,0,428.9,0,200,0,200,0,200,22755.9
2020-03-07,22327,12576.1688,9750.8312,405.9,0,405.9,0,200,0,200,0,200,22732.9
2020-03-08,22327,12576.1688,9750.8312,373,0,373,0,200,0,200,0,200,22700
2020-03-09,22327,12576.1688,9750.8312,338,0,338,0,200,0,200,0,200,22665
2020-03-10,22327,12576.1688,9750.8312,319,0,319,0,200,0,200,0,200,22646
2020-03-11,22327,12576.1688,9750.8312,323.7,0,323.7,0,200,0,200,0,200,22650.7
2020-03-12,22327,12576.1688,9750.8312,345.6,0,345.6,0,200,0,200,0,200,22672.6
2020-03-13,22327,12576.1688,9750.8312,374.2,0,374.2,0,200,0,200,0,200,22701.2
2020-03-14,22327,12576.1688,9750.8312,897.8,0,897.8,0,200,0,200,0,200,23224.8
2020-03-15,22327,12576.1688,9750.8312,701.3,0,701.3,0,200,0,200,0,200,23028.3
2020-03-16,22327,12576.1688,9750.8312,700,0,700,0,200,0,200,0,200,23027
2020-03-17,22327,12576.1688,9750.8312,663.4,0,663.4,0,200,0,200,0,200,22990.4
2020-03-18,22327,12576.1688,9750.8312,552.2,0,552.2,0,200,0,200,0,200,22879.2
2020-03-19,22327,12576.1688,9750.8312,454,0,454,0,200,0,200,0,200,22781
2020-03-20,22327,12576.1688,9750.8312,424.6,0,424.6,0,200,0,200,0,200,22751.6
2020-03-21,22327,12576.1688,9750.8312,634,0,634,0,200,0,200,0,200,22961
2020-03-22,22327,12576.1688,9750.8312,576,0,576,0,200,0,200,0,200,22903
2020-03-23,22327,12576.1688,9750.8312,447,0,447,0,200,0,200,0,200,22774
2020-03-24,22327,12576.1688,9750.8312,417,0,417,0,200,0,200,0,200,22744
2020-03-25,22327,12576.1688,9750.8312,380.9,0,380.9,0,200,0,200,0,200,22707.9
2020-03-26,22327,12576.1688,9750.8312,362.8,0,362.8,0,200,0,200,0,200,22689.8
2020-03-27,22327,12576.1688,9750.8312,344.5,0,344.5,0,200,0,200,0,200,22671.5
2020-03-28,22327,12576.1688,9750.8312,331.5,0,331.5,0,200,0,200,0,200,22658.5
2020-03-29,22327,12576.1688,9750.8312,317.8,0,317.8,0,200,0,200,0,200,22644.8
2020-03-30,22327,12576.1688,9750.8312,302.8,0,302.8,0,200,0,200,0,200,22629.8
2020-03-31,22327,12576.1688,9750.8312,288.6,0,77.6,0,77.6,0,77.6,0,77.6,22615.6
2020-04-01,22538,12576.1688,9961.8312,278,0,77.6,0,77.6,0,77.6,0,77.6,22816
2020-04-02,22738.4,12576.1688,10162.2312,266,0,77.6,0,77.6,0,77.6,0,77.6,23004.4
2020-04-03,22926.8,12576.1688,10350.6312,252.3,0,77.6,0,77.6,0,77.6,0,77.6,23179.1
2020-04-04,23101.5,12576.1688,10525.3312,241.5,0,77.6,0,77.6,0,77.6,0,77.6,23343
2020-04-05,23265.4,12576.1688,10689.2312,234.8,0,77.6,0,77.6,0,77.6,0,77.6,23500.2
2020-04-06,23422.6,12576.1688,10846.4312,205.9,0,77.6,0,77.6,0,77.6,0,77.6,23628.5
2020-04-07,23550.9,12576.1688,10974.7312,185.9,0,77.6,0,77.6,0,77.6,0,77.6,23736.8
2020-04-08,23659.2,12576.1688,11083.0312,184,0,77.6,0,77.6,0,77.6,0,77.6,23843.2
2020-04-09,23765.6,12576.1688,11189.4312,826.3,0,77.6,0,77.6,0,77.6,0,77.6,24591.9
2020-04-10,24514.3,12576.1688,11938.1312,435.8,0,77.6,0,77.6,0,77.6,0,77.6,24950.1
2020-04-11,24872.5,12576.1688,12296.3312,1099.3,0,77.6,0,77.6,0,77.6,0,77.6,25971.8
2020-04-12,25894.2,12576.1688,13318.0312,612,0,77.6,0,77.6,0,77.6,0,77.6,26506.2
2020-04-13,26428.6,12576.1688,13852.4312,403,0,77.6,0,77.6,0,77.6,0,77.6,26831.6
2020-04-14,26754,12576.1688,14177.8312,326.9,0,77.6,0,77.6,0,77.6,0,77.6,27080.9
2020-04-15,27003.3,12576.1688,14427.1312,484,0,200,0,200,0,200,0,200,27487.3
2020-04-16,27287.3,12576.1688,14711.1312,396,0,200,0,200,0,200,0,200,27683.3
2020-04-17,27483.3,12576.1688,14907.1312,345,0,200,0,200,0,200,0,200,27828.3
2020-04-18,27628.3,12576.1688,15052.1312,350.1,0,200,0,200,0,200,0,200,27978.4
2020-04-19,27778.4,12576.1688,15202.2312,366.5,0,200,0,200,0,200,0,200,28144.9
2020-04-20,27944.9,12576.1688,15368.7312,325,0,200,0,200,0,200,0,200,28269.9
2020-04-21,28069.9,12576.1688,15493.7312,338,0,200,0,200,0,200,0,200,28407.9
2020-04-22,28207.9,12576.1688,15631.7312,357,0,341.9,0,200,0,200,0,200,28564.9
2020-04-23,28223,12576.1688,15646.8312,582.4,0,582.4,0,200,0,200,0,200,28805.4
2020-04-24,28223,12576.1688,15646.8312,612.3,0,200,0,200,0,200,0,200,28835.3
2020-04-25,28635.3,12576.1688,15646.8312,424.6,0,236.9,0,200,0,200,0,200,29059.9
2020-04-26,28823,12576.1688,15646.8312,357.4,0,970,0,970,0,970,0,970,29180.4
2020-04-27,28210.4,12576.1688,15634.2312,308.7,0,970,0,970,0,970,0,970,28519.1
2020-04-28,27549.1,12576.1688,14972.9312,269.2,0,200,0,200,0,200,0,200,27818.3
2020-04-29,27618.3,12576.1688,15042.1312,248,0,200,0,200,0,200,0,200,27866.3
2020-04-30,27666.3,12576.1688,15090.1312,235,0,200,0,200,0,200,0,200,27901.3
2020-05-01,27701.3,12576.1688,15125.1312,223,0,200,0,200,0,200,0,200,27924.3
2020-05-02,27724.3,12576.1688,15148.1312,207.8,0,200,0,200,0,200,0,200,27932.1
2020-05-03,27732.1,12576.1688,15155.9312,197,0,200,0,200,0,200,0,200,27929.1
2020-05-04,27729.1,12576.1688,15152.9312,188,0,200,0,200,0,200,0,200,27917.1
2020-05-05,27717.1,12576.1688,15140.9312,171,0,200,0,200,0,200,0,200,27888.1
2020-05-06,27688.1,12576.1688,15111.9312,157.6,0,200,0,200,0,200,0,200,27845.7
2020-05-07,27645.7,12576.1688,15069.5312,189.5,0,200,0,200,0,200,0,200,27835.2
2020-05-08,27635.2,12576.1688,15059.0312,192.5,0,200,0,200,0,200,0,200,27827.7
2020-05-09,27627.7,12576.1688,15051.5312,160,0,200,0,200,0,200,0,200,27787.7
2020-05-10,27587.7,12576.1688,15011.5312,139,0,200,0,200,0,200,0,200,27726.7
2020-05-11,27526.7,12576.1688,14950.5312,125.8,0,200,0,200,0,200,0,200,27652.5
2020-05-12,27452.5,12576.1688,14876.3312,116,0,200,0,200,0,200,0,200,27568.5
2020-05-13,27368.5,12576.1688,14792.3312,131,0,200,0,200,0,200,0,200,27499.5
2020-05-14,27299.5,12576.1688,14723.3312,122,0,200,0,200,0,200,0,200,27421.5
2020-05-15,27221.5,12576.1688,14645.3312,116,0,200,0,200,0,200,0,200,27337.5
2020-05-16,27137.5,12576.1688,14561.3312,108.9,0,200,0,200,0,200,0,200,27246.4
2020-05-17,27046.4,12576.1688,14470.2312,103,0,200,0,200,0,200,0,200,27149.4
2020-05-18,26949.4,12576.1688,14373.2312,101,0,200,0,200,0,200,0,200,27050.4
2020-05-19,26850.4,12576.1688,14274.2312,98.9,0,200,0,200,0,200,0,200,26949.3
2020-05-20,26749.3,12576.1688,14173.1312,90,0,200,0,200,0,200,0,200,26839.3
2020-05-21,26639.3,12576.1688,14063.1312,86,0,200,0,200,0,200,0,200,26725.3
2020-05-22,26525.3,12576.1688,13949.1312,118,0,200,0,200,0,200,0,200,26643.3
2020-05-23,26443.3,12576.1688,13867.1312,122,0,200,0,200,0,200,0,200,26565.3
2020-05-24,26365.3,12576.1688,13789.1312,109,0,77.6,0,77.6,0,77.6,0,77.6,26474.3
2020-05-25,26396.7,12576.1688,13820.5312,101,0,77.6,0,77.6,0,77.6,0,77.6,26497.7
2020-05-26,26420.1,12576.1688,13843.9312,92,0,77.6,0,77.6,0,77.6,0,77.6,26512.1
2020-05-27,26434.5,12576.1688,13858.3312,88,0,77.6,0,77.6,0,77.6,0,77.6,26522.5
2020-05-28,26444.9,12576.1688,13868.7312,78.9,0,77.6,0,77.6,0,77.6,0,77.6,26523.8
2020-05-29,26446.2,12576.1688,13870.0312,69,0,77.6,0,77.6,0,77.6,0,77.6,26515.2
2020-05-30,26437.6,12576.1688,13861.4312,67.9,0,77.6,0,77.6,0,77.6,0,77.6,26505.5
2020-05-31,26427.9,12576.1688,13851.7312,63.9,0,77.6,0,77.6,0,77.6,0,77.6,26491.8
2020-06-01,26414.2,12576.1688,13838.0312,62,0,77.6,0,77.6,0,77.6,0,77.6,26476.2
2020-06-02,26398.6,12576.1688,13822.4312,57.8,0,77.6,0,77.6,0,77.6,0,77.6,26456.4
2020-06-03,26378.8,12576.1688,13802.6312,58,0,77.6,0,77.6,0,77.6,0,77.6,26436.8
2020-06-04,26359.2,12576.1688,13783.0312,53,0,77.6,0,77.6,0,77.6,0,77.6,26412.2
2020-06-05,26334.6,12576.1688,13758.4312,51,0,77.6,0,77.6,0,77.6,0,77.6,26385.6
2020-06-06,26308,12576.1688,13731.8312,47,0,77.6,0,77.6,0,77.6,0,77.6,26355
2020-06-07,26277.4,12576.1688,13701.2312,45,0,77.6,0,77.6,0,77.6,0,77.6,26322.4
2020-06-08,26244.8,12576.1688,13668.6312,45,0,77.6,0,77.6,0,77.6,0,77.6,26289.8
2020-06-09,26212.2,12576.1688,13636.0312,45,0,77.6,0,77.6,0,77.6,0,77.6,26257.2
2020-06-10,26179.6,12576.1688,13603.4312,41,0,77.6,0,77.6,0,77.6,0,77.6,26220.6
2020-06-11,26143,12576.1688,13566.8312,41,0,77.6,0,77.6,0,77.6,0,77.6,26184
2020-06-12,26106.4,12576.1688,13530.2312,39,0,77.6,0,77.6,0,77.6,0,77.6,26145.4
2020-06-13,26067.8,12576.1688,13491.6312,20,0,77.6,0,77.6,0,77.6,0,77.6,26087.8
2020-06-14,26010.2,12576.1688,13434.0312,21,0,77.6,0,77.6,0,77.6,0,77.6,26031.2
2020-06-15,25953.6,12576.1688,13377.4312,21.5,0,77.6,0,77.6,0,77.6,0,77.6,25975.1
2020-06-16,25897.5,12576.1688,13321.3312,43,0,77.6,0,77.6,0,77.6,0,77.6,25940.5
2020-06-17,25862.9,12576.1688,13286.7312,59.9,0,77.6,0,77.6,0,77.6,0,77.6,25922.8
2020-06-18,25845.2,12576.1688,13269.0312,64,0,77.6,0,77.6,0,77.6,0,77.6,25909.2
2020-06-19,25831.6,12576.1688,13255.4312,60,0,77.6,0,77.6,0,77.6,0,77.6,25891.6
2020-06-20,25814,12576.1688,13237.8312,55.9,0,77.6,0,77.6,0,77.6,0,77.6,25869.9
2020-06-21,25792.3,12576.1688,13216.1312,50.9,0,77.6,0,77.6,0,77.6,0,77.6,25843.2
2020-06-22,25765.6,12576.1688,13189.4312,46.9,0,77.6,0,77.6,0,77.6,0,77.6,25812.5
2020-06-23,25734.9,12576.1688,13158.7312,43,0,77.6,0,77.6,0,77.6,0,77.6,25777.9
2020-06-24,25700.3,12576.1688,13124.1312,41,0,94.55473948,16.95473948,77.6,0,94.55473948,16.95473948,77.6,25741.3
2020-06-25,25646.74526,12576.1688,13070.57646,39,0,119.4509528,41.85095283,77.6,0,119.4509528,41.85095283,77.6,25685.74526
2020-06-26,25566.29431,12551.69625,13014.59806,26,0,173.5677076,95.96770757,77.6,0,173.5677076,95.96770757,77.6,25592.29431
2020-06-27,25418.7266,12467.31414,12951.41246,26,0,213.149551,135.549551,77.6,0,213.149551,135.549551,77.6,25444.7266
2020-06-28,25231.57705,12343.35019,12888.22686,30,0,197.5358848,119.9358848,77.6,0,197.5358848,119.9358848,77.6,25261.57705
2020-06-29,25064.04116,12236.7823,12827.25886,51,0,152.7376035,75.13760351,77.6,0,152.7376035,75.13760351,77.6,25115.04116
2020-06-30,24962.30356,12184.3703,12777.93326,53,0,160,0,160,0,160,0,160,25015.30356
2020-07-01,24855.30356,12207.9871,12647.31646,51,0,201.7476931,124.1476931,77.6,0,201.7476931,124.1476931,77.6,24906.30356
2020-07-02,24704.55587,12106.56501,12597.99086,47,0,225.1576729,147.5576729,77.6,0,225.1576729,147.5576729,77.6,24751.55587
2020-07-03,24526.39819,11979.95053,12546.44766,45,0,277.1941899,199.5941899,77.6,0,277.1941899,199.5941899,77.6,24571.39819
2020-07-04,24294.204,11800.40834,12493.79566,36,0,319.4398252,241.8398252,77.6,0,319.4398252,241.8398252,77.6,24330.204
2020-07-05,24010.76418,11574.61012,12436.15406,30,0,344.3002495,266.7002495,77.6,0,344.3002495,266.7002495,77.6,24040.76418
2020-07-06,23696.46393,11321.27787,12375.18606,26,0,346.893204,269.293204,77.6,0,346.893204,269.293204,77.6,23722.46393
2020-07-07,23375.57073,11063.57027,12312.00046,26,0,336.8737572,259.2737572,77.6,0,336.8737572,259.2737572,77.6,23401.57073
2020-07-08,23064.69697,10815.88211,12248.81486,26,0,345.0320476,267.4320476,77.6,0,345.0320476,267.4320476,77.6,23090.69697
2020-07-09,22745.66492,10560.03566,12185.62926,26,0,349.3655433,271.7655433,77.6,0,349.3655433,271.7655433,77.6,22771.66492
2020-07-10,22422.29938,10299.85572,12122.44366,30,0,316.2201888,238.6201888,77.6,0,316.2201888,238.6201888,77.6,22452.29938
2020-07-11,22136.07919,10074.60353,12061.47566,30,0,266.6512325,189.0512325,77.6,0,266.6512325,189.0512325,77.6,22166.07919
2020-07-12,21899.42796,9898.920296,12000.50766,28,0,247.8649773,170.2649773,77.6,0,247.8649773,170.2649773,77.6,21927.42796
2020-07-13,21679.56298,9741.132119,11938.43086,26,0,284.7990884,207.1990884,77.6,0,284.7990884,207.1990884,77.6,21705.56298
2020-07-14,21420.76389,9545.51863,11875.24526,28,0,322.490274,244.890274,77.6,0,322.490274,244.890274,77.6,21448.76389
2020-07-15,21126.27362,9313.105156,11813.16846,24,0,369.9218753,292.3218753,77.6,0,369.9218753,292.3218753,77.6,21150.27362
2020-07-16,20780.35174,9031.477681,11748.87406,24,0,400.903625,323.303625,77.6,0,400.903625,323.303625,77.6,20804.35174
2020-07-17,20403.44812,8718.868456,11684.57966,24,0,425.490925,347.890925,77.6,0,425.490925,347.890925,77.6,20427.44812
2020-07-18,20001.95719,8381.671931,11620.28526,24,0,445.284875,367.684875,77.6,0,445.284875,367.684875,77.6,20025.95719
2020-07-19,19580.67232,8024.681456,11555.99086,24,0,440.91705,363.31705,77.6,0,440.91705,363.31705,77.6,19604.67232
2020-07-20,19163.75527,7672.058806,11491.69646,24,0,421.463,343.863,77.6,0,421.463,343.863,77.6,19187.75527
2020-07-21,18766.29227,7338.890206,11427.40206,24,0,360.6899325,283.0899325,77.6,0,360.6899325,283.0899325,77.6,18790.29227
2020-07-22,18429.60233,7066.494674,11363.10766,12.1,0,359.76823,282.16823,77.6,0,359.76823,282.16823,77.6,18441.70233
2020-07-23,18081.9341,6789.718204,11292.2159,23,0,377.16447,299.56447,77.6,0,377.16447,299.56447,77.6,18104.9341
2020-07-24,17727.76963,6500.402534,11227.3671,28,0,374.78145,297.18145,77.6,0,374.78145,297.18145,77.6,17755.76963
2020-07-25,17380.98818,6215.697884,11165.2903,43,0,357.5698464,279.9698464,77.6,0,357.5698464,279.9698464,77.6,17423.98818
2020-07-26,17066.41834,5954.888837,11111.5295,39,0,357.5963491,279.9963491,77.6,0,357.5963491,279.9963491,77.6,17105.41834
2020-07-27,16747.82199,5692.270888,11055.5511,36,0,348.3706402,270.7706402,77.6,0,348.3706402,270.7706402,77.6,16783.82199
2020-07-28,16435.45135,5437.541848,10997.9095,53,0,348.1663008,270.5663008,77.6,0,348.1663008,270.5663008,77.6,16488.45135
2020-07-29,16140.28505,5190.592347,10949.6927,71,0,333.2842264,255.6842264,77.6,0,333.2842264,255.6842264,77.6,16211.28505
2020-07-30,15878.00082,4966.545721,10911.4551,60.7,0,332.7001468,255.1001468,77.6,0,332.7001468,255.1001468,77.6,15938.70082
2020-07-31,15606.00067,4738.493494,10867.50718,64,0,323.725427,246.125427,77.6,0,323.725427,246.125427,77.6,15670.00067
2020-08-01,15346.27525,4520.886467,10825.38878,54,0,296.5834129,218.9834129,77.6,0,296.5834129,218.9834129,77.6,15400.27525
2020-08-02,15103.69183,4325.965454,10777.72638,49,0,295.1165412,217.5165412,77.6,0,295.1165412,217.5165412,77.6,15152.69183
2020-08-03,14857.57529,4130.283313,10727.29198,43,0,295.0633738,217.4633738,77.6,0,295.0633738,217.4633738,77.6,14900.57529
2020-08-04,14605.51192,3931.980739,10673.53118,36,0,323.9218064,246.3218064,77.6,0,323.9218064,246.3218064,77.6,14641.51192
2020-08-05,14317.59011,3701.700533,10615.88958,28,0,330.2327924,252.6327924,77.6,0,330.2327924,252.6327924,77.6,14345.59011
2020-08-06,14015.35732,3461.54454,10553.81278,25.9,0,333.7557625,256.1557625,77.6,0,333.7557625,256.1557625,77.6,14041.25732
2020-08-07,13707.50156,3216.929818,10490.57174,24,0,361.7484372,284.1484372,77.6,0,361.7484372,284.1484372,77.6,13731.50156
2020-08-08,13369.75312,2943.475781,10426.27734,31.8,0,351.3275591,273.7275591,77.6,0,351.3275591,273.7275591,77.6,13401.55312
2020-08-09,13050.22556,2683.918301,10366.30726,32,0,335.5552011,257.9552011,77.6,0,335.5552011,257.9552011,77.6,13082.22556
2020-08-10,12746.67036,2440.2223,10306.44806,28,0,355.0262388,277.4262388,77.6,0,355.0262388,277.4262388,77.6,12774.67036
2020-08-11,12419.64412,2175.272862,10244.37126,26,0,403.4536263,325.8536263,77.6,0,403.4536263,325.8536263,77.6,12445.64412
2020-08-12,12042.1905,1861.004835,10181.18566,23,0,429.3107175,351.7107175,77.6,0,429.3107175,351.7107175,77.6,12065.1905
2020-08-13,11635.87978,1519.542918,10116.33686,22.9,0,366.1717946,288.5717946,77.6,0,366.1717946,288.5717946,77.6,11658.77978
2020-08-14,11292.60798,1241.175363,10051.43262,19,0,282.2692867,204.6692867,77.6,0,282.2692867,204.6692867,77.6,11311.60798
2020-08-15,11029.3387,1044.972477,9984.366221,17,0,295.6526161,218.0526161,77.6,0,295.6526161,218.0526161,77.6,11046.3387
2020-08-16,10750.68608,834.4950605,9916.191021,16,0,341.1879285,263.5879285,77.6,0,341.1879285,263.5879285,77.6,10766.68608
2020-08-17,10425.49815,578.036732,9847.461421,14,0,381.6703929,304.0703929,77.6,0,381.6703929,304.0703929,77.6,10439.49815
2020-08-18,10057.82776,280.204739,9777.623021,13,0,357.804739,280.204739,77.6,0,384.7088343,307.1088343,77.6,10070.82776
2020-08-19,9713.023021,5.7928,9707.230221,11,0,83.3928,5.7928,77.6,0,321.935072,244.335072,77.6,9724.023021
2020-08-20,9640.630221,4.9016,9635.728621,10,0,82.5016,4.9016,77.6,0,284.7117532,207.1117532,77.6,9650.630221
