date,lfalls,seneca,goose,monoc_jug,por,shen_mill,antietam,opequon,conoco,hancock,cacapon,sideling,pawpaw,town,sbr,patterson,nbp_cumb,wills,luke,barnum,bloomington,kitzmiller,barton,jrr_level,sav_level,edwards_level,bennett,unity,cattail,hawlings,cedar
2019-01-01,11545.97,144,392,2064,9156,2778,372,336,843,3836,619,163,3080,235,1266,209,994,339,412,226,146,254,60,NA,NA,3,82,42,25,29,89
2019-01-02,11741.97,108,275,1008,9772,2691,311,250,624,3780,557,129,2778,172,1084,185,851,288,311,166,103,213,52,NA,NA,3,59,31,19,18,55
2019-01-03,10257.97,85,247,770,8456,2327,288,214,515,3108,473,96,2302,138,932,170,630,255,213,116,66,197,44,NA,NA,3,53,29,18,17,45
2019-01-04,8605.97,61,225,664,7224,2072,271,186,448,2612,417,70,1971,110,829,162,552,214,291,193,90,186,35,NA,NA,3,48,28,17,16,39
2019-01-05,7597.97,66,249,669,6580,1966,302,220,479,2369,375,65,2036,115,784,159,1002,319,515,350,124,251,74,NA,NA,3,50,29,18,17,49
2019-01-06,7261.97,57,224,711,6384,1893,283,223,451,2968,378,56,2674,111,1033,157,1030,311,358,207,98,225,85,NA,NA,3,42,26,16,15,42
2019-01-07,7205.97,51,193,560,6636,1809,256,185,381,2828,344,44,2187,87,876,144,664,274,195,113,53,183,61,NA,NA,3,38,24,15,14,34
2019-01-08,6953.97,53,184,510,6048,1669,246,172,353,2288,308,42,1848,82,773,141,591,241,195,113,53,172,46,NA,NA,2,39,25,17,15,31
2019-01-09,6253.97,67,189,549,5432,1565,245,164,361,2148,297,48,1778,90,728,142,582,232,194,114,53,185,43,NA,NA,2,43,27,19,17,37
2019-01-10,5805.97,58,165,504,5180,1487,228,146,325,2030,283,41,1610,76,661,129,554,186,420,308,116,150,33,NA,NA,2,36,23,15,14,30
2019-01-11,5357.97,53,149,420,4788,1383,212,132,288,1882,247,36,1680,63,563,111,843,160,602,437,147,108,29,NA,NA,2,33,22,14,12,24
2019-01-12,4825.97,52,143,378,4452,1280,201,123,265,1940,217,31,1644,55,484,92,795,144,535,384,132,94,26,NA,NA,2,32,21,14,12,21
2019-01-13,4741.97,59,156,381,4396,1226,198,124,259,1812,207,32,1506,56,451,90,697,140,479,344,124,90,24,NA,NA,2,34,22,16,14,25
2019-01-14,4601.97,68,155,381,4228,1201,194,123,249,1691,206,30,1428,52,428,85,658,129,344,228,85,86,22,NA,NA,2,34,22,15,14,27
2019-01-15,4321.97,70,142,356,4004,1148,188,118,236,1579,197,26,1182,48,392,81,378,119,153,90,50,82,19,NA,NA,2,32,21,14,13,25
2019-01-16,4069.9700000000003,67,137,336,3780,1100,181,114,228,1268,185,26,983,45,364,80,322,110,151,90,50,78,16,NA,NA,2,31,21,14,13,24
2019-01-17,3733.9700000000003,66,136,336,3444,1064,176,111,220,1187,175,23,927,41,342,77,308,102,151,90,50,77,15,NA,NA,2,31,20,14,13,24
2019-01-18,3481.9700000000003,64,139,333,3276,1033,173,112,213,1137,172,22,890,39,325,77,300,98,162,102,50,78,14,NA,NA,2,31,21,15,14,28
2019-01-19,3481.9700000000003,71,165,356,3248,1058,172,122,212,1114,175,23,910,40,342,87,314,97,183,120,50,87,15,NA,NA,2,37,23,18,18,45
2019-01-20,7149.97,302,823,2220,5012,2114,375,596,364,2528,736,78,2355,129,2400,409,661,152,339,275,52,540,33,NA,NA,2,193,104,78,100,328
2019-01-21,11181.97,121,398,1442,10808,4256,294,375,406,6244,988,NA,4284,90,2598,291,689,88,440,361,78,229,24,NA,NA,NA,55,30,NA,23,100
2019-01-22,13757.97,99,305,577,11312,3556,232,220,291,3808,543,NA,2733,50,1372,228,630,80,454,350,104,147,18,NA,NA,NA,43,31,NA,16,53
2019-01-23,9781.97,94,255,524,7840,2556,224,186,283,2856,434,NA,2240,57,1042,207,647,101,504,403,104,176,14,NA,NA,NA,43,25,15,16,43
2019-01-24,9361.97,277,669,1504,7224,2265,339,347,560,3192,616,NA,2752,178,1201,350,1218,291,725,538,151,714,121,NA,NA,3,158,100,66,74,283
2019-01-25,13645.97,154,582,2646,11368,2736,515,434,1025,6272,1022,NA,4676,288,2229,372,1529,347,837,596,200,412,92,NA,NA,3,81,42,23,30,179
2019-01-26,15605.97,118,372,938,13328,3332,356,263,666,5432,739,134,3976,168,1641,302,1299,259,826,594,199,276,60,NA,NA,3,60,32,18,19,82
2019-01-27,12889.97,110,314,720,10556,2856,311,215,515,4060,554,88,3136,123,1190,264,1126,208,591,428,118,228,45,NA,NA,3,53,29,17,17,59
2019-01-28,10145.97,93,275,630,8456,2380,283,187,434,3192,448,64,2394,95,952,237,700,171,386,297,75,198,36,NA,NA,3,47,27,16,16,49
2019-01-29,8381.97,81,246,554,7056,2047,260,167,381,2520,372,50,1991,80,804,215,647,141,381,294,75,175,29,NA,NA,3,43,26,16,15,42
2019-01-30,7037.97,68,223,504,5992,1806,242,149,339,2201,325,NA,1742,60,686,191,585,113,305,225,57,122,16,NA,NA,2,39,24,15,14,38
2019-01-31,6001.97,50,197,358,5180,1585,218,126,257,1747,231,NA,1299,41,510,169,322,69,150,105,32,75,13,NA,NA,2,48,NA,NA,13,31
2019-02-01,4965.97,46,190,328,4144,1383,206,117,227,1240,158,NA,935,41,398,150,248,62,164,120,32,72,12,NA,NA,2,46,NA,NA,13,32
2019-02-02,4153.97,46,188,328,3528,1274,202,117,224,1229,197,NA,997,44,389,134,325,69,185,135,31,75,12,NA,NA,2,34,NA,NA,13,28
2019-02-03,3761.9700000000003,55,179,336,3472,1235,202,116,237,1386,240,NA,1123,56,417,118,384,112,186,131,31,83,11,NA,NA,2,28,23,15,13,25
2019-02-04,3873.9700000000003,64,178,367,3780,1184,200,118,248,1406,251,NA,1078,55,398,116,378,116,231,178,31,102,14,NA,NA,2,30,23,16,14,28
2019-02-05,4153.97,69,174,428,3948,1151,197,118,268,1386,236,NA,1184,70,386,117,638,253,336,256,43,221,36,NA,NA,2,35,23,16,15,30
2019-02-06,4153.97,65,164,482,3836,1109,191,120,358,1660,223,62,1725,129,406,125,1198,552,554,375,123,300,102,NA,NA,2,33,22,15,14,28
2019-02-07,4349.97,70,164,540,4340,1067,187,126,417,2940,221,109,2856,242,482,177,2027,840,846,510,251,398,192,NA,NA,2,36,24,17,14,30
2019-02-08,5357.97,64,152,560,5656,1028,183,127,580,4032,229,283,3528,395,574,202,2307,916,960,566,291,529,221,NA,NA,2,32,21,14,13,27
2019-02-09,7065.97,55,136,543,7308,991,172,120,566,4172,251,191,3304,257,619,167,1756,546,927,560,291,342,118,NA,NA,2,29,19,13,12,20
2019-02-10,7653.97,39,125,375,6608,949,161,109,414,3192,217,104,2660,161,529,136,1428,344,832,479,288,264,67,NA,NA,2,28,18,13,11,17
2019-02-11,6337.97,82,153,370,5516,904,164,111,375,2680,201,79,2271,131,479,124,1168,272,694,409,231,262,50,NA,NA,2,41,25,19,22,39
2019-02-12,6785.97,190,490,616,5544,1011,209,336,389,2615,253,76,2492,159,683,271,1246,286,669,409,202,378,45,NA,NA,2,131,58,43,55,174
2019-02-13,8913.97,169,518,1459,7616,1865,249,622,498,4704,734,87,4004,188,1758,367,1268,260,672,406,199,448,45,NA,NA,3,99,47,29,36,136
2019-02-14,11629.97,121,319,1014,10332,2209,222,322,428,4900,792,66,3612,127,1512,254,1078,197,658,406,197,286,37,NA,NA,3,63,31,19,19,67
2019-02-15,10985.97,92,274,778,8988,2002,210,244,406,3892,605,65,2996,114,1156,217,1005,200,560,333,158,262,39,NA,NA,3,54,27,17,16,51
2019-02-16,9277.97,70,238,1056,7812,1756,225,200,546,3640,515,132,2727,184,955,185,924,225,476,279,140,234,48,NA,NA,3,46,25,15,15,39
2019-02-17,8633.97,65,210,658,7364,1565,211,168,476,3108,420,110,2332,136,795,161,829,199,356,210,80,200,41,NA,NA,3,41,23,15,14,34
2019-02-18,7821.97,88,242,613,6468,1453,207,163,417,2632,367,87,1960,114,714,153,571,197,174,98,33,275,36,NA,NA,2,45,27,18,22,83
2019-02-19,6785.97,67,202,540,5712,1403,195,145,370,2206,330,62,1686,93,694,128,470,163,155,87,33,206,25,NA,NA,2,37,22,15,15,49
2019-02-20,6001.97,71,196,473,5208,1481,191,137,339,1977,286,53,1518,84,627,118,431,151,146,80,33,176,21,NA,NA,2,37,23,15,15,43
2019-02-21,5861.97,102,238,546,5012,1490,200,156,356,1904,286,59,1562,91,706,145,507,183,356,256,80,417,31,NA,NA,2,54,32,24,27,118
2019-02-22,6505.97,96,403,972,5516,1996,221,302,451,3052,512,86,2968,147,2383,294,1056,203,689,501,130,398,36,NA,NA,2,60,31,19,26,152
2019-02-23,8661.97,70,353,846,9520,3892,211,300,456,5572,762,92,4452,138,2416,272,1168,190,770,554,143,302,32,NA,NA,3,48,26,16,18,96
2019-02-24,14093.97,164,722,1168,12096,4228,258,428,596,5908,904,209,5208,288,2856,504,1635,417,904,610,180,739,87,NA,NA,3,95,47,29,51,269
2019-02-25,16921.97,92,515,1249,16576,5516,283,400,748,9968,1448,328,7588,350,3808,473,2047,515,986,666,211,496,107,NA,NA,4,61,30,18,22,118
2019-02-26,19777.97,70,358,686,17360,4648,251,251,554,7168,893,163,5068,198,2220,314,1593,342,697,442,135,339,62,NA,NA,4,50,26,15,17,66
2019-02-27,14821.97,62,305,577,12208,3416,237,207,454,4760,630,107,3360,148,1481,248,739,269,215,107,62,288,46,NA,NA,3,45,25,15,15,50
2019-02-28,11013.97,58,268,524,9156,2755,227,183,406,3360,498,85,2573,127,1140,219,753,237,493,294,174,255,38,NA,NA,3,42,24,15,15,43
2019-03-01,8689.97,62,255,487,7532,2352,219,166,375,3024,420,71,2551,113,944,191,1053,218,694,459,183,234,33,NA,NA,3,41,25,16,16,41
2019-03-02,8521.97,117,468,552,7056,2293,218,198,364,2940,384,63,2478,104,918,183,1053,197,697,493,143,200,28,NA,NA,3,65,36,26,36,148
2019-03-03,8157.97,90,350,661,7140,2607,216,221,378,3080,459,62,2610,109,1014,185,997,182,610,440,113,178,25,NA,NA,3,52,32,22,28,88
2019-03-04,9277.97,144,482,683,7644,2761,217,222,375,3108,490,59,2495,101,1008,181,848,164,395,272,60,162,21,NA,NA,3,74,43,30,47,154
2019-03-05,9025.97,81,333,678,8148,3584,204,223,344,2828,456,NA,2122,84,983,152,451,124,163,99,32,134,16,NA,NA,3,53,30,18,20,71
2019-03-06,8969.97,66,278,524,7504,3108,192,190,308,2344,403,NA,1795,62,871,136,398,98,159,99,32,99,13,NA,NA,3,45,26,16,17,47
2019-03-07,7457.97,59,248,434,6356,2570,178,162,278,2069,353,NA,1565,56,762,120,381,105,158,99,31,91,11,NA,NA,2,41,25,15,15,38
2019-03-08,6477.97,57,234,414,5628,2206,174,150,268,1876,319,NA,1439,63,686,109,378,104,157,99,31,87,11,NA,NA,2,39,24,15,15,36
2019-03-09,5889.97,60,230,403,5180,1991,169,143,256,1750,305,34,1344,57,636,99,370,106,157,99,31,83,10,NA,NA,2,39,25,16,16,37
2019-03-10,6057.97,113,291,1481,5264,1926,238,213,714,2710,364,291,2509,330,823,265,896,426,222,105,34,459,83,NA,NA,2,76,41,28,35,71
2019-03-11,8857.97,74,247,1358,8484,1988,256,216,801,4928,588,358,3836,384,1302,283,1431,610,412,209,133,465,140,NA,NA,3,50,27,17,19,42
2019-03-12,10957.97,67,211,750,9716,2019,237,169,608,4788,613,213,3696,260,1347,211,1352,484,524,288,169,297,94,NA,NA,3,42,25,15,16,36
2019-03-13,10061.97,66,194,596,8764,1963,227,146,501,3948,518,131,3052,185,1095,179,1131,372,479,251,168,235,65,NA,NA,3,39,23,14,15,32
2019-03-14,8689.97,64,186,535,7532,1840,221,136,445,3276,417,100,2587,150,918,155,994,350,426,227,139,219,65,NA,NA,3,36,23,14,14,30
2019-03-15,7541.97,64,179,501,6636,1700,213,129,428,2940,361,103,2514,158,804,134,1238,602,361,159,128,215,145,NA,NA,2,35,22,14,14,28
2019-03-16,6841.97,60,170,468,6160,1574,208,119,426,2940,322,78,2458,141,722,118,1131,560,308,119,129,179,117,NA,NA,2,32,21,13,13,25
2019-03-17,6477.97,57,155,420,5852,1442,196,111,392,2498,280,54,2008,108,627,103,823,342,286,119,117,154,69,NA,NA,2,30,20,13,13,22
2019-03-18,5861.97,55,148,386,5180,1330,189,106,356,2083,249,42,1683,88,538,92,666,246,265,113,111,160,47,NA,NA,2,29,20,13,12,20
2019-03-19,5133.97,52,143,361,4564,1232,181,101,322,1817,228,35,1467,74,470,76,554,193,215,107,71,174,35,NA,NA,2,27,19,13,12,19
2019-03-20,4573.97,55,137,339,4200,1176,171,97,294,1602,209,30,1263,63,412,66,459,162,193,107,55,162,29,NA,NA,2,27,19,13,12,18
2019-03-21,6337.97,372,809,974,4928,1324,286,185,358,1470,200,32,1176,62,386,70,451,158,195,108,55,157,27,NA,NA,2,336,137,101,116,423
2019-03-22,17145.97,451,1991,4648,10360,3920,804,902,1593,1974,482,87,1534,113,507,88,496,169,204,117,55,157,29,NA,NA,3,241,92,43,83,479
2019-03-23,17509.97,168,658,1414,12684,4536,459,344,1050,2279,585,81,1434,85,479,75,456,144,208,122,54,151,24,NA,NA,3,87,38,19,24,127
2019-03-24,11685.97,123,414,848,8652,2996,347,232,678,1935,470,63,1277,72,420,66,420,130,193,122,41,146,22,NA,NA,3,67,31,17,18,66
2019-03-25,8633.97,107,330,706,6832,2374,308,190,571,1719,389,56,1173,69,375,64,412,141,188,122,34,145,30,NA,NA,3,59,29,16,16,50
2019-03-26,7261.97,96,279,714,5992,2052,294,166,560,1655,350,60,1218,83,358,60,454,154,215,122,62,153,46,NA,NA,2,52,27,15,15,42
2019-03-27,6505.97,90,239,585,5460,1814,257,146,451,1585,308,47,1151,65,336,55,451,140,228,122,74,122,43,NA,NA,2,47,25,14,14,34
2019-03-28,5805.97,86,216,507,4928,1635,238,133,400,1467,264,44,1086,60,305,52,440,139,218,112,74,115,37,NA,NA,2,44,24,14,14,31
2019-03-29,5217.97,77,202,473,4508,1490,228,126,372,1386,245,43,1039,59,288,49,417,134,189,97,61,85,32,NA,NA,2,42,23,14,13,29
2019-03-30,4797.97,72,191,451,4256,1383,219,120,356,1319,229,39,980,56,276,47,386,125,155,87,41,74,28,NA,NA,2,39,22,14,13,27
2019-03-31,4545.97,75,178,420,4032,1305,207,115,328,1226,216,36,913,52,265,46,372,117,135,80,34,73,25,NA,NA,2,38,22,13,13,25
2019-04-01,4181.97,65,160,381,3724,1207,193,106,294,1126,197,29,840,44,251,43,350,103,125,73,34,70,20,NA,NA,2,34,20,13,12,22
2019-04-02,3761.9700000000003,58,152,350,3444,1140,183,101,271,1033,178,25,776,39,236,41,328,94,120,69,34,65,17,NA,NA,2,33,20,13,12,19
2019-04-03,3537.9700000000003,59,148,333,3220,1070,177,98,256,958,162,23,728,37,221,41,305,88,120,69,34,62,16,NA,NA,2,32,20,13,12,19
2019-04-04,3257.9700000000003,56,137,314,3052,1019,169,94,241,907,153,21,692,34,212,39,283,81,120,69,29,58,14,NA,NA,2,31,19,12,11,18
2019-04-05,3089.9700000000003,61,147,300,2940,988,167,99,232,896,150,27,697,51,207,41,272,110,120,69,27,62,17,NA,NA,2,31,19,12,12,22
2019-04-06,3089.9700000000003,68,166,311,2940,986,168,117,241,1112,158,62,907,128,221,46,297,119,120,69,27,68,18,NA,NA,2,31,19,12,12,27
2019-04-07,3117.9700000000003,58,139,300,3192,988,159,102,225,1184,167,53,840,90,232,44,283,110,120,69,28,60,16,NA,NA,2,30,18,12,11,22
2019-04-08,3369.9700000000003,47,133,286,3220,980,157,98,222,1128,153,55,899,118,218,44,330,153,120,69,27,74,22,NA,NA,2,30,18,12,11,20
2019-04-09,3257.9700000000003,48,129,291,3108,935,153,97,213,1187,147,51,913,107,227,44,336,155,120,69,28,68,22,NA,NA,2,29,18,12,11,22
2019-04-10,3145.9700000000003,48,120,261,3052,890,146,92,198,1148,144,44,904,89,248,41,330,152,120,69,32,60,21,NA,NA,2,28,17,11,10,18
2019-04-11,3005.9700000000003,50,113,237,2940,871,141,86,185,1103,135,37,854,74,237,39,322,139,120,69,35,55,20,NA,NA,2,26,16,11,10,14
2019-04-12,2921.9700000000003,53,112,246,2856,843,140,85,178,1036,127,33,806,64,227,37,316,144,120,69,35,55,20,NA,NA,2,28,17,12,11,14
2019-04-13,3313.9700000000003,79,197,837,3052,907,162,129,308,1100,131,46,1019,104,236,43,490,243,197,140,35,78,37,NA,NA,2,69,29,21,14,32
2019-04-14,4013.9700000000003,61,167,655,3388,1095,155,127,297,1369,176,46,1098,87,250,45,504,239,184,126,35,71,37,NA,NA,2,41,20,13,12,26
2019-04-15,6393.97,66,742,2691,5124,2122,214,233,493,1795,200,213,1803,328,347,74,804,490,150,69,51,311,75,NA,NA,2,58,21,15,14,30
2019-04-16,9081.97,55,325,988,7896,4396,188,172,440,2503,270,158,1940,225,638,76,661,384,172,69,77,196,67,NA,NA,3,35,17,11,11,22
2019-04-17,9501.97,53,227,619,7700,3528,165,129,344,2310,260,92,1800,148,664,68,563,283,180,69,84,153,49,NA,NA,3,32,17,11,10,18
2019-04-18,7541.97,62,180,515,6244,2559,157,110,302,1971,234,64,1518,110,540,62,490,221,179,69,84,132,37,NA,NA,2,30,16,11,10,16
2019-04-19,6281.97,68,255,571,5320,2083,166,143,328,1742,221,58,1431,117,529,84,560,279,235,105,85,188,43,NA,NA,2,45,18,13,12,55
2019-04-20,8185.97,81,442,2212,7000,3136,302,809,1022,3752,504,221,4172,353,2232,221,1137,465,283,123,98,361,75,NA,NA,3,66,20,15,16,180
2019-04-21,12973.97,57,206,899,12544,4536,219,288,630,5460,717,138,4004,210,2005,166,893,361,274,122,105,243,61,NA,NA,3,37,16,11,10,55
2019-04-22,12917.97,52,170,624,10696,3528,195,196,462,3780,490,87,2797,143,1268,132,722,272,268,121,104,208,45,NA,NA,3,32,15,10,10,35
2019-04-23,9669.97,49,149,521,7952,2719,183,156,392,2800,367,62,2167,109,921,113,616,217,264,122,104,177,35,NA,NA,3,30,15,10,9,28
2019-04-24,7513.97,47,136,456,6356,2195,176,135,364,2285,302,49,1806,91,742,98,552,184,246,123,87,134,28,NA,NA,2,29,14,10,9,24
2019-04-25,6253.97,45,125,403,5432,1856,167,120,319,1949,262,38,1534,75,616,85,482,157,221,123,64,121,24,NA,NA,2,27,14,9,9,20
2019-04-26,5553.97,80,137,398,4788,1641,162,117,325,1736,240,39,1431,89,543,83,512,173,279,192,57,171,26,NA,NA,2,35,22,19,13,20
2019-04-27,5105.97,76,132,434,4424,1492,163,113,364,1851,245,55,1744,119,792,77,627,167,437,356,57,248,28,NA,NA,2,32,18,13,11,23
2019-04-28,4741.97,54,113,350,4480,1414,151,102,300,2150,226,43,1991,85,888,67,745,150,454,353,57,214,28,NA,NA,2,27,15,11,9,18
2019-04-29,4657.97,48,104,319,4592,1305,146,98,274,2128,196,38,1781,77,801,59,552,138,339,257,57,193,27,NA,NA,2,24,14,10,9,15
2019-04-30,4601.97,47,96,291,4312,1184,142,94,249,1809,178,33,1554,67,680,53,543,131,276,177,57,172,26,NA,NA,2,24,14,10,9,14
2019-05-01,4181.97,54,92,274,3892,1100,140,91,237,1644,162,31,1324,62,580,48,398,125,201,114,57,155,24,NA,NA,2,24,14,10,9,13
2019-05-02,3957.9700000000003,67,96,265,3640,1042,137,87,225,1417,159,28,1170,57,496,45,384,116,186,114,42,134,21,NA,NA,2,24,14,9,24,19
2019-05-03,3677.9700000000003,67,97,272,3360,1022,138,106,215,1322,150,27,1056,52,431,44,400,164,181,115,35,127,18,NA,NA,2,25,13,9,15,30
2019-05-04,3957.9700000000003,71,148,960,4060,1291,276,423,336,1560,276,34,1487,288,431,60,510,179,183,115,35,212,19,NA,NA,2,42,17,12,13,17
2019-05-05,7765.97,198,666,2789,6580,1686,504,930,778,2828,652,193,2696,372,762,283,1056,319,661,482,89,700,76,NA,NA,2,173,42,31,45,476
2019-05-06,17313.97,161,538,3724,14616,3276,566,1364,932,7140,1652,300,4676,378,1308,291,1848,297,1025,725,198,454,116,NA,NA,3,82,30,18,27,220
2019-05-07,18265.97,95,251,1098,14028,2330,367,370,608,5180,958,149,3332,207,829,180,1484,240,865,616,162,272,70,NA,NA,3,48,20,12,13,74
2019-05-08,11909.97,77,192,750,9184,1854,294,260,462,3500,616,85,2425,137,588,141,1070,199,526,358,86,210,45,NA,NA,3,38,17,11,11,44
2019-05-09,8689.97,68,164,613,6944,1532,263,211,392,2587,448,56,1742,101,462,112,568,168,220,119,59,173,34,NA,NA,3,34,16,10,10,34
2019-05-10,6953.97,110,160,602,5740,1333,248,180,356,1898,358,43,1372,83,395,91,493,161,215,118,59,150,30,NA,NA,2,102,35,20,13,31
2019-05-11,7429.97,194,219,711,4956,1221,237,172,319,1638,300,34,1207,68,353,76,493,137,378,305,58,140,25,NA,NA,2,101,40,26,31,92
2019-05-12,6365.97,222,274,1148,4704,1224,249,220,630,1859,288,211,2080,288,367,112,1498,666,680,434,168,375,162,NA,NA,2,125,59,36,49,143
2019-05-13,8857.97,211,518,2190,6832,1380,314,314,1075,4368,403,333,3864,409,812,198,2156,818,924,434,386,535,199,NA,NA,3,167,54,29,48,232
2019-05-14,13337.97,147,417,2170,10668,1870,342,356,958,5628,616,261,4648,316,1652,217,1960,616,1011,602,330,557,143,NA,NA,3,89,34,17,24,119
2019-05-15,13253.97,109,262,969,11172,2414,275,236,680,5068,540,141,3948,197,1355,155,1702,423,997,717,201,375,85,NA,NA,3,66,27,14,16,62
2019-05-16,11349.97,92,207,731,9268,2128,253,186,543,3892,428,86,3080,136,997,124,1316,291,666,459,126,288,54,NA,NA,3,55,23,12,13,43
2019-05-17,9025.97,80,174,613,7392,1722,235,160,456,2940,344,59,2195,101,770,103,753,217,308,163,89,246,38,NA,NA,3,48,21,12,11,34
2019-05-18,7261.97,71,151,549,5908,1434,226,141,398,2192,288,46,1666,83,622,87,540,186,228,116,73,219,35,NA,NA,2,43,24,16,11,37
2019-05-19,5917.97,67,136,524,4928,1246,214,129,538,1820,250,37,1394,68,501,79,479,156,213,116,60,196,26,NA,NA,2,39,27,17,10,49
2019-05-20,5049.97,63,123,484,4872,1098,274,124,798,1616,224,32,1313,65,420,72,521,145,384,302,71,181,27,NA,NA,2,36,18,11,9,29
2019-05-21,5245.97,58,108,442,4564,988,222,112,552,1518,196,26,1386,52,403,56,669,111,361,229,78,152,20,NA,NA,2,32,17,10,8,25
2019-05-22,4349.97,43,98,361,3892,876,197,103,409,1515,166,20,1061,43,333,46,392,95,176,108,38,121,16,NA,NA,2,30,16,10,8,22
2019-05-23,3873.9700000000003,52,94,336,3584,806,191,100,358,1128,144,17,857,40,291,38,308,87,149,97,32,94,15,NA,NA,2,38,18,10,13,21
2019-05-24,3565.9700000000003,79,96,330,3164,792,185,99,328,977,131,18,773,40,261,33,302,81,152,97,35,93,13,NA,NA,2,35,17,10,12,26
2019-05-25,3005.9700000000003,66,82,297,2800,725,171,94,294,899,122,14,711,34,243,29,302,72,213,158,35,83,11,NA,NA,2,28,15,9,9,65
2019-05-26,2697.9700000000003,37,85,350,2682,801,168,99,269,843,121,14,734,37,225,27,339,71,214,157,35,94,14,NA,NA,2,27,14,9,8,221
2019-05-27,2697.9700000000003,37,79,445,2783,792,198,95,252,910,142,NA,818,50,224,29,389,81,170,95,50,127,23,NA,NA,2,26,15,9,8,74
2019-05-28,2977.9700000000003,37,94,325,2635,739,165,99,234,974,128,NA,742,38,228,29,316,70,155,95,37,153,17,NA,NA,2,26,14,9,8,36
2019-05-29,2641.9700000000003,32,83,288,2590,683,157,98,221,876,135,11,683,31,216,26,280,65,182,115,50,108,14,NA,NA,2,24,13,8,7,29
2019-05-30,2445.9700000000003,38,71,361,2411,630,160,85,286,829,119,11,661,32,195,23,350,101,187,126,38,87,13,NA,NA,2,25,22,15,7,23
2019-05-31,2501.9700000000003,47,93,358,2386,613,161,82,251,809,99,13,706,41,183,21,342,116,172,116,35,84,12,NA,NA,2,27,17,11,8,25
2019-06-01,2361.9700000000003,41,69,268,2282,599,144,78,211,809,90,11,658,29,216,20,344,92,244,114,114,73,9,NA,NA,2,22,14,9,7,18
2019-06-02,2170.9700000000003,58,66,239,2187,591,141,78,286,809,89,8,731,29,204,19,328,79,165,110,35,221,10,NA,NA,2,22,14,8,14,31
2019-06-03,2159.9700000000003,85,73,278,2218,624,145,76,350,795,84,7,652,29,215,24,302,71,160,108,35,226,10,NA,NA,2,26,14,8,14,59
2019-06-04,2249.9700000000003,41,61,239,2346,585,133,71,233,736,76,6,613,22,204,22,266,59,148,110,23,118,8,NA,NA,2,20,12,8,8,19
2019-06-05,2013.9700000000003,32,57,204,2041,543,128,68,202,661,71,5,540,19,178,20,253,55,217,193,18,99,7,NA,NA,1,20,12,8,7,14
2019-06-06,1775.9700000000003,32,54,195,1912,518,126,70,188,596,68,4,577,19,165,20,342,53,257,226,18,184,8,NA,NA,1,20,12,8,7,12
2019-06-07,1574.9700000000003,29,52,185,1800,501,123,68,173,661,66,4,602,17,164,20,330,48,194,153,18,119,6,NA,NA,1,19,11,7,7,10
2019-06-08,1417.9700000000003,28,50,177,1761,490,118,65,160,655,64,4,532,16,159,19,234,45,149,116,18,98,5,NA,NA,1,18,11,7,6,10
2019-06-09,1386.9700000000003,27,49,167,1756,487,114,64,148,549,62,3,459,15,146,17,225,42,150,116,18,87,5,NA,NA,1,17,10,7,6,9
2019-06-10,1386.9700000000003,29,66,165,1716,518,113,67,143,518,65,4,479,15,147,20,276,54,225,198,18,139,9,NA,NA,1,20,12,8,7,19
2019-06-11,1350.9700000000003,30,69,181,1702,580,119,71,184,588,90,5,641,18,188,29,381,64,260,228,18,205,9,NA,NA,1,19,11,8,7,19
2019-06-12,1299.9700000000003,32,57,178,1828,666,113,64,154,790,101,5,720,16,260,23,328,46,181,141,18,118,6,NA,NA,1,17,10,7,6,12
2019-06-13,1761.9700000000003,75,92,283,2232,767,124,69,145,812,89,4,633,14,244,21,230,46,136,103,18,121,6,NA,NA,1,39,22,18,11,38
2019-06-14,2361.9700000000003,62,93,560,2248,638,143,74,162,658,79,3,546,14,203,19,231,50,131,100,18,174,7,NA,NA,2,28,16,12,8,27
2019-06-15,2142.9700000000003,43,60,291,1940,557,113,65,143,599,80,3,496,13,183,17,209,42,129,100,18,142,5,NA,NA,1,19,12,8,6,17
2019-06-16,1560.9700000000003,39,52,204,1758,521,107,62,129,540,66,3,459,12,165,16,200,39,129,100,18,115,5,NA,NA,1,18,11,7,6,14
2019-06-17,1325.9700000000003,35,51,204,1674,487,110,61,123,518,63,3,456,13,151,16,220,49,131,101,18,118,16,NA,NA,1,17,11,7,6,12
2019-06-18,1277.9700000000003,36,67,181,1574,459,104,57,129,507,59,3,451,15,138,15,216,46,130,99,18,110,11,NA,NA,1,17,11,7,8,22
2019-06-19,1173.9700000000003,34,58,177,1554,442,110,57,141,496,55,4,440,15,133,16,213,55,131,99,18,101,11,NA,NA,1,16,14,7,9,41
2019-06-20,1190.9700000000003,140,48,223,1551,448,103,56,143,515,53,47,734,168,128,18,493,333,134,99,18,82,17,NA,NA,1,21,17,8,13,19
2019-06-21,1134.9700000000003,68,42,173,1504,428,98,54,183,966,53,41,773,85,143,16,381,202,134,100,18,124,28,NA,NA,1,15,10,6,6,15
2019-06-22,1039.9700000000003,49,38,151,1876,412,93,52,139,764,52,19,599,42,134,14,300,128,136,100,23,102,25,NA,NA,1,14,9,6,5,10
2019-06-23,1355.9700000000003,37,36,137,1764,403,89,50,117,602,47,10,498,27,125,13,262,93,135,96,25,76,18,NA,NA,1,13,9,6,5,8
2019-06-24,1134.9700000000003,28,35,129,1543,389,88,49,108,512,44,7,451,21,117,13,238,77,133,93,25,74,17,NA,NA,1,13,8,6,5,7
2019-06-25,1061.9700000000003,41,48,170,1492,398,122,62,122,498,52,8,496,25,136,17,286,95,135,93,25,131,40,NA,NA,1,18,11,7,6,12
2019-06-26,994.9700000000001,27,47,223,1504,490,102,57,122,588,87,10,647,20,314,17,237,65,130,92,25,81,25,NA,NA,1,13,8,6,5,10
2019-06-27,1028.9700000000003,25,38,147,1691,605,91,51,105,742,72,7,585,16,227,14,212,53,127,90,25,65,18,NA,NA,1,12,8,6,5,7
2019-06-28,1232.9700000000003,24,46,124,1809,563,88,52,97,636,58,30,518,48,170,13,202,51,122,86,25,57,14,NA,NA,1,12,8,5,4,6
2019-06-29,1134.9700000000003,23,35,115,1652,487,85,52,95,566,55,16,445,28,143,12,187,43,128,87,26,48,20,NA,NA,1,11,8,5,4,11
2019-06-30,1064.9700000000003,30,35,115,1537,440,89,54,104,510,62,29,473,51,297,16,501,45,806,624,118,1574,87,NA,NA,1,13,8,5,4,7
2019-07-01,955.9700000000001,31,31,114,1408,414,82,48,92,1179,58,18,2108,27,1008,23,1084,37,960,798,95,314,34,NA,NA,1,11,7,5,4,5
2019-07-02,935.9700000000001,37,28,108,1823,395,79,46,85,1870,48,10,1520,19,389,19,809,34,627,504,70,220,22,NA,NA,1,11,13,6,5,5
2019-07-03,1815.9700000000003,66,34,143,2691,375,78,45,82,1313,50,7,963,17,245,16,459,43,342,273,41,161,18,NA,NA,1,17,14,7,8,7
2019-07-04,2142.9700000000003,76,39,126,2145,375,79,44,90,899,47,9,694,16,195,15,372,48,311,239,50,177,13,NA,NA,1,18,11,18,25,6
2019-07-05,1795.9700000000003,53,34,142,1786,445,76,80,87,781,44,40,714,25,191,14,381,57,248,175,43,233,11,NA,NA,1,14,9,8,21,6
2019-07-06,1367.9700000000003,69,33,591,1744,426,102,59,115,762,44,21,647,24,232,14,302,58,260,209,35,244,20,NA,NA,1,19,10,7,12,4
2019-07-07,1904.9700000000003,77,33,344,1904,616,116,52,204,706,51,18,790,23,350,36,398,48,378,239,116,208,22,NA,NA,1,33,14,8,11,4
2019-07-08,6897.97,734,42,2106,3108,865,291,182,286,1358,75,171,1504,153,409,66,482,60,389,297,35,220,19,NA,NA,1,356,113,120,134,4
2019-07-09,6449.97,203,42,952,3500,664,174,90,271,1481,63,59,1389,70,697,24,473,49,361,288,35,188,16,NA,NA,2,41,19,13,19,5
2019-07-10,3761.9700000000003,96,32,361,3052,658,124,65,174,1411,85,31,1067,39,434,16,367,52,225,155,32,147,20,NA,NA,2,26,13,9,10,4
2019-07-11,2893.9700000000003,64,31,251,2694,613,112,58,144,1070,71,21,1014,97,386,14,358,87,189,126,32,146,52,NA,NA,2,22,12,9,10,23
2019-07-12,2557.9700000000003,56,64,403,2405,588,128,67,148,1120,62,17,1070,64,451,14,361,94,201,125,48,202,66,NA,NA,2,21,12,8,8,71
2019-07-13,2249.9700000000003,41,40,250,2338,703,102,57,124,1100,58,12,1011,40,484,12,311,67,206,123,57,126,38,NA,NA,2,18,10,7,7,18
2019-07-14,2148.9700000000003,31,29,183,2509,781,93,51,106,1005,76,8,792,28,319,10,283,53,204,123,57,112,25,NA,NA,2,16,9,6,6,10
2019-07-15,1985.9700000000003,29,24,157,2136,599,88,48,95,798,61,6,647,21,241,9,266,43,202,123,57,104,17,NA,NA,1,15,9,6,5,7
2019-07-16,1585.9700000000003,28,21,141,1803,493,84,46,87,666,48,5,571,17,202,8,255,36,195,116,57,97,13,NA,NA,1,14,8,6,5,5
2019-07-17,1252.9700000000003,31,20,135,1590,451,88,48,86,591,43,4,529,21,185,9,248,35,173,109,42,94,11,NA,NA,1,15,9,8,5,5
2019-07-18,1190.9700000000003,34,29,158,1518,440,96,49,86,566,42,4,543,21,216,11,223,39,159,107,35,92,9,NA,NA,1,17,9,7,6,8
2019-07-19,1031.9700000000003,27,24,157,1459,473,84,45,83,566,41,4,538,18,193,9,209,34,143,98,29,79,8,NA,NA,1,14,8,6,5,4
2019-07-20,955.9700000000001,26,19,131,1389,417,78,42,75,540,39,3,448,14,156,8,177,28,132,94,26,73,6,NA,NA,1,13,7,6,4,3
2019-07-21,947.9700000000001,26,22,132,1336,389,76,41,70,456,38,3,386,12,132,8,171,25,132,94,26,70,5,NA,NA,1,12,7,5,4,3
2019-07-22,983.9700000000001,25,45,176,1299,437,82,61,90,420,35,2,364,11,123,8,201,56,134,95,26,94,6,NA,NA,1,16,7,6,4,2
2019-07-23,1406.9700000000003,58,41,1212,1848,610,173,272,95,406,37,2,482,12,386,9,224,57,134,95,26,158,7,NA,NA,1,29,11,8,7,3
2019-07-24,2613.9700000000003,29,37,440,1781,566,113,121,89,773,260,3,862,16,484,10,203,52,129,95,24,92,5,NA,NA,1,16,8,6,5,3
2019-07-25,1565.9700000000003,26,24,276,1716,482,100,78,82,963,169,13,633,16,291,8,185,42,127,95,23,78,4,NA,NA,1,13,7,6,4,2
2019-07-26,1453.9700000000003,25,19,198,1963,428,89,65,75,697,108,7,501,12,212,7,175,36,127,94,23,73,4,NA,NA,1,12,6,5,4,2
2019-07-27,1425.9700000000003,27,16,160,1638,400,82,59,67,549,78,4,428,10,172,6,169,31,127,94,23,69,3,NA,NA,1,11,6,5,3,2
2019-07-28,1092.9700000000003,31,15,141,1380,353,78,55,63,470,61,3,386,9,151,6,166,27,126,94,23,66,3,NA,NA,1,11,6,5,3,1
2019-07-29,821.9700000000001,23,13,128,1240,336,75,51,61,420,50,2,358,8,135,6,160,24,126,95,23,63,3,NA,NA,1,10,6,4,3,1
2019-07-30,683.9700000000001,20,12,118,1128,316,73,49,58,392,46,2,336,8,123,7,164,22,122,95,18,37,3,NA,NA,1,10,5,4,3,2
2019-07-31,563.9700000000001,19,11,109,1092,322,70,48,61,378,43,1,356,10,127,13,185,36,121,95,17,34,6,NA,NA,1,9,5,4,3,1
2019-08-01,524.9700000000001,19,15,109,1123,406,70,47,59,400,40,2,434,10,156,20,192,36,125,95,20,38,7,NA,NA,1,10,5,4,3,1
2019-08-02,549.9700000000001,19,13,103,1072,328,69,46,59,462,56,5,437,8,164,17,174,28,121,91,20,32,4,NA,NA,1,9,5,4,3,1
2019-08-03,482.97000000000014,19,11,99,1100,336,67,45,64,510,60,20,437,23,168,15,164,25,120,81,20,28,4,NA,NA,1,9,5,4,3,1
2019-08-04,723.9700000000001,116,10,105,1204,364,90,45,68,482,47,6,400,11,158,11,148,22,120,78,20,25,3,NA,NA,1,14,7,4,4,2
2019-08-05,630.9700000000001,30,9,97,1229,364,69,43,60,423,41,4,356,8,139,9,139,20,120,78,20,24,3,NA,NA,1,10,5,4,3,2
2019-08-06,843.9700000000001,42,8,91,1154,333,67,41,57,384,50,2,322,7,123,8,136,18,120,78,20,23,3,NA,NA,1,9,5,4,3,1
2019-08-07,1056.9700000000003,170,8,94,1067,325,68,41,57,375,53,2,302,7,109,7,135,19,120,78,20,24,3,NA,NA,1,15,12,9,6,1
2019-08-08,975.9700000000001,113,11,119,1047,336,65,40,53,333,40,1,286,7,104,7,133,17,120,74,20,24,2,NA,NA,1,14,8,6,6,2
2019-08-09,552.9700000000001,46,14,95,986,314,62,40,51,311,35,1,273,6,100,6,125,17,120,71,20,24,2,NA,NA,1,10,6,5,3,2
2019-08-10,431.97000000000014,33,9,81,888,279,59,38,48,294,33,1,260,5,95,6,120,16,120,71,20,22,2,NA,NA,1,9,5,4,3,2
2019-08-11,317.97000000000014,30,8,74,848,274,57,37,47,283,30,1,247,5,87,5,119,14,120,71,19,19,2,NA,NA,1,8,5,4,3,1
2019-08-12,252.97000000000014,26,9,70,812,261,57,36,47,267,29,1,240,5,83,5,116,14,120,71,18,17,2,NA,NA,1,8,5,4,3,1
2019-08-13,210.97000000000014,23,8,68,764,253,59,37,46,260,27,0,233,5,77,5,116,13,120,70,18,16,2,NA,NA,1,9,6,4,3,1
2019-08-14,210.97000000000014,24,9,111,801,270,64,48,72,265,28,1,232,5,74,5,129,27,120,71,18,106,2,NA,NA,1,12,6,5,3,4
2019-08-15,297.97000000000014,24,35,80,843,319,61,43,63,253,28,3,248,10,73,6,138,27,120,71,16,42,2,NA,NA,1,9,5,4,3,2
2019-08-16,524.9700000000001,25,61,75,885,319,58,43,55,272,28,3,269,8,79,7,136,29,120,71,15,27,2,NA,NA,1,8,5,4,3,1
2019-08-17,406.97000000000014,23,23,72,857,333,56,39,55,291,29,2,249,9,73,6,120,20,120,70,15,22,1,NA,NA,1,8,5,4,3,1
2019-08-18,359.97000000000014,22,15,68,932,386,54,36,53,270,30,2,228,6,68,6,115,17,120,70,15,20,1,NA,NA,1,8,4,4,3,1
2019-08-19,364.97000000000014,32,13,65,946,319,59,36,57,255,37,2,215,5,64,5,114,16,120,70,15,18,1,NA,NA,1,11,8,6,3,1
2019-08-20,569.9700000000001,27,20,63,826,283,55,37,52,249,37,1,215,5,67,6,114,17,120,70,15,17,1,NA,NA,1,8,5,4,3,1
2019-08-21,499.97000000000014,34,24,65,798,283,55,37,48,254,45,1,228,4,76,9,125,22,120,68,15,30,7,NA,NA,1,7,4,4,5,1
2019-08-22,392.97000000000014,61,14,60,790,283,54,36,46,265,36,1,267,4,88,11,118,19,120,59,15,25,3,NA,NA,1,9,5,5,11,1
2019-08-23,370.97000000000014,123,12,159,848,316,62,37,49,308,38,1,265,5,73,11,130,26,120,63,15,33,6,NA,NA,1,19,10,9,14,2
2019-08-24,409.97000000000014,52,13,118,963,384,69,44,55,311,40,1,288,6,88,12,150,27,211,208,15,46,5,NA,NA,1,11,6,5,5,2
2019-08-25,440.97000000000014,32,11,102,941,314,58,38,52,316,37,1,398,6,120,11,319,20,192,154,15,26,3,NA,NA,1,9,5,4,4,1
2019-08-26,370.97000000000014,30,10,80,843,308,54,35,48,468,51,1,409,5,96,9,130,17,120,63,15,21,2,NA,NA,1,8,5,4,3,1
2019-08-27,263.97000000000014,24,8,69,963,353,52,35,46,403,45,1,251,4,79,8,104,18,120,61,15,21,3,NA,NA,1,8,5,4,3,1
2019-08-28,353.97000000000014,28,9,82,1095,300,56,35,46,291,39,1,232,4,73,8,111,26,120,61,15,24,3,NA,NA,1,9,5,4,3,1
2019-08-29,535.9700000000001,29,16,100,916,291,62,40,46,267,36,1,230,5,68,7,108,22,120,61,15,23,2,NA,NA,1,10,5,5,4,2
2019-08-30,356.97000000000014,22,10,92,818,270,55,36,44,258,33,0,215,5,64,6,101,18,120,62,15,20,2,NA,NA,1,7,4,4,3,1
2019-08-31,247.97000000000014,20,8,74,750,262,51,34,42,242,31,0,203,4,60,6,97,15,120,61,15,19,2,NA,NA,1,7,4,3,3,1
2019-09-01,149.97000000000014,19,7,66,725,250,49,33,40,229,29,0,193,4,57,5,96,17,120,61,15,17,2,NA,NA,1,6,4,3,2,1
2019-09-02,118.97000000000014,21,8,65,686,247,50,32,41,221,29,0,203,4,55,5,114,32,120,61,14,17,2,NA,NA,1,7,4,3,3,1
2019-09-03,107.97000000000014,19,46,84,711,252,55,33,51,229,28,0,216,4,76,5,108,26,120,61,14,16,2,NA,NA,1,7,4,3,3,6
2019-09-04,123.97000000000014,18,18,94,781,386,53,33,44,236,26,0,219,4,70,4,100,19,120,61,14,17,2,NA,NA,1,6,4,3,2,2
2019-09-05,191.97000000000014,18,11,71,809,325,50,31,39,236,25,0,201,3,61,4,96,16,120,61,14,17,1,NA,NA,1,6,3,3,2,1
2019-09-06,205.97000000000014,17,8,61,728,274,49,31,38,221,24,0,189,3,55,4,95,15,120,61,14,17,1,NA,NA,1,5,3,3,2,1
2019-09-07,115.97000000000014,17,7,57,689,259,48,30,38,208,23,0,180,3,52,4,94,14,120,61,14,15,1,NA,NA,1,5,4,3,2,1
2019-09-08,62.97000000000014,17,6,53,650,241,46,29,37,198,23,0,175,3,49,4,93,13,120,61,14,14,1,NA,NA,1,5,3,3,2,1
2019-09-09,14.970000000000141,17,6,51,622,230,46,29,36,193,22,0,171,3,47,4,92,13,120,62,14,14,1,NA,NA,1,5,3,3,2,1
2019-09-10,-16.02999999999986,17,6,51,605,222,48,29,36,190,22,0,170,3,46,4,93,12,120,63,14,13,1,NA,NA,1,5,3,3,2,1
2019-09-11,-30.02999999999986,16,5,50,585,223,47,29,35,189,22,0,170,3,44,4,93,12,120,63,14,15,1,NA,NA,1,5,3,3,2,1
2019-09-12,-44.02999999999986,19,7,50,594,227,47,29,34,188,22,0,167,2,43,4,92,11,120,62,14,14,1,NA,NA,1,5,3,3,3,2
2019-09-13,-55.02999999999986,17,8,54,568,223,46,29,34,185,22,0,160,2,42,4,92,11,120,62,14,13,1,NA,NA,1,5,3,3,3,1
2019-09-14,-35.02999999999986,16,6,58,610,217,45,28,35,181,22,0,162,2,41,4,98,14,198,196,14,13,1,NA,NA,1,5,3,3,2,1
2019-09-15,-24.02999999999986,17,7,58,554,218,45,28,37,181,23,0,245,2,42,4,291,13,196,157,14,15,2,NA,NA,1,5,3,3,2,1
2019-09-16,-63.02999999999986,16,7,55,552,219,44,28,36,272,23,0,314,3,42,4,120,12,120,60,14,12,1,NA,NA,1,5,3,3,2,1
2019-09-17,-100.02999999999986,15,6,52,568,206,45,27,34,308,23,0,169,3,41,3,90,11,120,59,14,11,1,NA,NA,1,4,3,2,2,1
2019-09-18,-69.02999999999986,15,5,48,661,205,44,27,32,194,24,0,156,3,39,3,88,10,120,59,14,13,1,NA,NA,1,4,3,2,2,1
2019-09-19,-16.02999999999986,15,5,46,644,200,43,26,32,177,22,0,150,2,38,3,87,10,120,59,14,12,1,NA,NA,1,4,3,2,2,1
2019-09-20,11.970000000000141,15,4,44,535,195,41,26,32,170,22,0,149,2,38,3,86,10,120,59,14,13,1,NA,NA,1,4,3,2,2,1
2019-09-21,-91.02999999999986,15,4,43,524,193,41,26,32,169,22,0,149,2,37,3,86,9,120,59,14,12,1,NA,NA,1,4,3,2,2,0
2019-09-22,-114.02999999999986,15,4,42,512,195,41,26,31,171,21,0,149,2,37,3,86,9,120,59,14,12,1,NA,NA,1,4,3,2,2,0
2019-09-23,-150.02999999999986,14,4,41,526,193,41,26,33,168,21,0,148,2,37,3,85,9,120,59,14,12,1,NA,NA,1,4,3,2,2,0
2019-09-24,-139.02999999999986,14,4,40,521,190,42,26,31,165,21,0,147,2,36,3,84,9,120,59,14,12,1,NA,NA,1,4,2,2,2,0
2019-09-25,-139.02999999999986,14,3,38,512,186,41,25,30,164,20,0,145,2,34,3,84,9,120,55,14,13,1,NA,NA,1,3,2,2,2,0
2019-09-26,-133.02999999999986,14,3,38,496,179,41,25,30,162,21,0,143,2,34,3,80,9,120,55,14,13,1,NA,NA,1,3,2,2,2,0
2019-09-27,-147.02999999999986,14,3,38,487,175,40,25,29,160,20,0,139,2,34,3,80,9,120,55,14,13,1,NA,NA,1,3,2,2,2,0
2019-09-28,-158.02999999999986,14,3,37,482,174,39,24,29,157,20,0,139,2,33,3,94,8,157,55,104,12,1,NA,NA,1,3,2,2,2,0
2019-09-29,-167.02999999999986,14,3,37,476,174,38,24,27,156,20,0,204,2,33,4,146,8,120,55,13,14,1,NA,NA,1,4,2,2,2,1
2019-09-30,-178.02999999999986,15,3,41,498,178,39,25,29,217,21,0,160,2,37,8,88,10,120,55,13,17,3,NA,NA,1,4,3,2,2,1
2019-10-01,-116.02999999999986,16,4,38,512,199,41,25,31,190,21,0,170,2,39,4,96,10,120,62,13,21,3,NA,NA,1,5,3,3,3,2
2019-10-02,-125.02999999999986,15,5,38,624,238,39,24,31,185,22,0,165,2,41,4,94,11,120,66,13,17,2,NA,NA,1,4,3,2,3,1
2019-10-03,-83.02999999999986,14,4,38,591,203,38,24,30,188,27,0,169,3,39,3,95,10,120,61,13,15,1,NA,NA,1,4,2,2,3,1
2019-10-04,-58.02999999999986,14,4,36,535,188,37,23,30,191,24,0,160,2,37,2,87,9,120,57,13,15,1,NA,NA,1,4,2,2,3,0
2019-10-05,-136.02999999999986,16,5,34,524,199,37,22,30,181,22,0,147,2,35,2,81,9,120,54,13,14,1,NA,NA,1,3,2,2,3,0
2019-10-06,-133.02999999999986,16,5,37,529,181,37,23,30,171,22,0,141,2,33,2,79,8,120,54,13,13,1,NA,NA,1,4,2,2,3,0
2019-10-07,-142.02999999999986,16,6,42,532,168,43,26,32,171,24,0,148,2,35,4,85,10,120,54,13,18,1,NA,NA,1,4,3,3,3,0
2019-10-08,-130.02999999999986,16,7,60,571,186,56,36,57,189,28,0,178,4,45,6,100,13,120,53,13,43,4,NA,NA,1,4,3,3,3,0
2019-10-09,-97.02999999999986,17,7,64,619,198,47,33,50,203,27,0,192,4,61,6,93,14,120,53,14,32,2,NA,NA,1,4,3,3,3,0
2019-10-10,-49.02999999999986,16,6,66,647,195,41,30,40,215,30,0,201,4,84,6,87,12,120,53,15,21,2,NA,NA,1,4,2,3,3,1
2019-10-11,-30.02999999999986,15,6,55,619,199,42,26,36,232,36,0,225,3,87,5,84,10,120,50,15,17,1,NA,NA,1,4,2,3,3,1
2019-10-12,-58.02999999999986,16,6,49,627,197,41,25,35,255,35,0,205,3,69,5,80,10,120,49,15,16,1,NA,NA,1,4,2,3,3,1
2019-10-13,-55.02999999999986,16,6,45,613,193,41,24,34,235,31,0,182,2,58,4,77,9,120,49,15,15,1,NA,NA,1,4,2,3,3,1
2019-10-14,-83.02999999999986,15,6,43,652,189,40,24,33,211,27,0,169,2,52,4,77,9,120,48,15,14,1,NA,NA,1,4,2,3,3,1
2019-10-15,-60.02999999999986,13,5,41,633,188,38,24,32,195,26,0,161,2,48,4,76,9,120,48,15,13,1,NA,NA,1,4,2,3,3,0
2019-10-16,76.97000000000014,44,8,55,571,192,42,27,35,192,25,0,160,2,46,4,79,10,120,48,15,15,1,NA,NA,1,7,6,7,7,3
2019-10-17,174.97000000000014,35,16,81,560,193,55,31,50,187,26,0,165,3,46,4,82,10,120,48,15,22,2,NA,NA,1,10,5,4,4,5
2019-10-18,42.97000000000014,19,10,90,563,191,46,28,46,188,26,0,162,3,47,4,79,10,120,48,15,29,3,NA,NA,1,5,3,3,3,1
2019-10-19,17.97000000000014,16,7,66,563,190,40,25,39,187,25,0,158,3,46,4,79,11,120,48,15,21,2,NA,NA,1,4,3,2,2,1
2019-10-20,174.97000000000014,29,11,61,549,206,39,26,38,188,27,0,162,3,50,5,81,11,120,48,24,19,2,NA,NA,1,5,4,4,8,13
2019-10-21,205.97000000000014,29,12,61,602,217,41,27,41,192,28,0,176,3,56,6,94,11,120,48,30,21,1,NA,NA,1,6,4,4,6,11
2019-10-22,95.97000000000014,25,12,71,622,221,44,33,41,208,29,0,200,4,65,8,111,19,120,49,30,29,3,NA,NA,1,6,4,4,6,4
2019-10-23,165.97000000000014,32,17,78,652,275,53,46,58,235,32,1,264,5,90,10,143,30,120,48,27,71,7,NA,NA,1,8,5,5,6,6
2019-10-24,115.97000000000014,20,14,85,818,347,47,34,56,297,32,1,300,7,128,10,107,19,120,48,23,32,3,NA,NA,1,5,3,3,3,3
2019-10-25,221.97000000000014,18,14,74,781,288,43,29,50,328,40,1,302,5,127,8,94,14,120,48,17,24,2,NA,NA,1,5,3,3,3,2
2019-10-26,221.97000000000014,18,10,62,787,261,41,27,43,339,43,1,259,4,96,7,85,12,120,48,14,21,2,NA,NA,1,5,3,3,3,2
2019-10-27,529.9700000000001,87,26,227,868,263,56,45,81,308,41,1,256,5,88,13,140,42,120,49,15,75,14,NA,NA,1,24,16,15,18,45
2019-10-28,807.9700000000001,52,46,524,963,261,67,50,174,311,41,4,361,18,89,14,156,42,120,48,14,71,8,NA,NA,1,12,7,6,7,15
2019-10-29,919.9700000000001,29,24,181,NA,258,50,35,105,400,39,6,300,9,90,12,106,23,120,48,14,35,5,NA,NA,1,7,4,4,4,6
2019-10-30,605.9700000000001,25,15,118,977,256,45,32,72,339,46,3,263,6,100,10,97,20,120,48,14,28,4,NA,NA,1,6,4,4,3,4
2019-10-31,723.9700000000001,151,41,294,1070,316,65,56,132,350,55,6,308,10,104,17,128,37,120,49,15,40,10,NA,NA,1,71,46,46,26,34
2019-11-01,4377.97,543,342,2694,1590,367,165,97,526,602,83,46,748,53,330,48,196,73,120,49,16,159,19,NA,NA,1,155,161,121,87,155
2019-11-02,3901.9700000000003,112,76,613,1988,392,90,62,297,994,163,18,826,23,445,30,140,41,120,49,17,60,9,NA,NA,2,18,11,10,11,34
2019-11-03,2131.9700000000003,60,43,286,2178,602,64,40,171,949,127,9,636,12,286,20,115,31,120,49,17,41,6,NA,NA,1,13,8,7,7,17
2019-11-04,1929.9700000000003,36,30,202,2223,644,57,34,126,669,83,6,470,8,203,15,104,25,120,49,17,32,5,NA,NA,1,11,6,6,5,11
2019-11-05,1683.9700000000003,29,24,162,1725,507,52,32,104,512,65,4,381,7,161,12,99,22,120,48,17,29,4,NA,NA,1,10,6,5,5,9
2019-11-06,1162.9700000000003,27,20,141,1403,426,50,29,87,423,52,3,325,6,136,10,94,19,120,48,17,27,3,NA,NA,1,9,5,5,4,7
2019-11-07,860.9700000000001,25,18,126,1201,381,49,NA,79,372,45,3,294,5,119,9,92,18,120,48,16,25,3,NA,NA,1,9,5,5,4,6
2019-11-08,669.9700000000001,25,18,120,1095,347,52,28,84,336,41,3,271,5,107,8,91,17,120,48,16,29,3,NA,NA,1,9,5,5,4,7
2019-11-09,541.9700000000001,23,16,119,997,316,51,27,76,308,38,2,253,4,97,7,88,17,120,48,16,29,3,NA,NA,1,8,5,5,4,5
2019-11-10,443.97000000000014,22,16,110,918,300,48,26,70,288,35,2,241,4,92,7,87,15,120,56,16,25,2,NA,NA,1,8,5,5,4,4
2019-11-11,361.97000000000014,22,15,101,860,286,46,26,65,275,33,2,234,4,87,7,95,15,120,63,16,24,2,NA,NA,1,7,4,4,4,4
2019-11-12,345.97000000000014,23,15,97,829,276,46,26,63,267,32,2,239,4,81,6,101,14,120,53,16,24,2,NA,NA,1,8,5,5,4,5
2019-11-13,289.97000000000014,22,15,94,790,264,45,25,60,268,31,2,230,4,77,6,89,15,120,48,16,26,2,NA,NA,1,7,4,4,4,4
2019-11-14,252.97000000000014,21,14,90,773,258,44,25,57,258,30,2,211,3,74,6,83,15,120,48,16,23,NA,NA,NA,1,7,4,4,4,4
2019-11-15,221.97000000000014,20,13,85,764,252,43,25,54,239,29,1,206,3,71,6,83,14,120,48,16,24,2,NA,NA,1,7,4,4,4,3
2019-11-16,213.97000000000014,20,13,82,736,249,42,25,52,234,29,1,202,3,69,4,82,14,120,48,16,22,2,NA,NA,1,7,4,4,4,3
2019-11-17,171.97000000000014,20,13,78,683,237,41,24,50,229,28,1,198,3,66,4,82,14,120,48,16,22,2,NA,NA,1,6,4,4,4,3
2019-11-18,121.97000000000014,19,12,76,697,233,41,24,49,225,27,1,198,3,66,5,82,13,120,48,16,21,2,NA,NA,1,7,4,4,4,3
2019-11-19,143.97000000000014,21,13,76,700,243,43,24,48,226,27,1,198,3,64,5,82,12,120,47,16,21,2,NA,NA,1,7,4,4,4,4
2019-11-20,140.97000000000014,20,13,76,686,242,43,24,47,224,27,1,192,3,62,5,81,12,120,47,16,23,2,NA,NA,1,6,4,4,4,4
2019-11-21,115.97000000000014,20,13,75,675,236,41,23,45,219,27,1,189,3,62,5,81,12,120,47,16,21,2,NA,NA,1,6,4,4,4,4
2019-11-22,121.97000000000014,21,13,73,675,233,40,23,44,NA,27,1,187,3,61,5,81,12,120,47,16,19,2,NA,NA,1,6,4,4,4,4
2019-11-23,129.97000000000014,21,13,70,652,230,39,23,43,214,27,1,184,3,60,5,81,12,120,47,16,19,2,NA,NA,1,6,4,4,4,6
2019-11-24,563.9700000000001,109,31,117,697,241,49,25,51,218,28,1,191,3,60,5,85,14,120,47,16,23,2,NA,NA,1,15,15,16,23,72
2019-11-25,387.97000000000014,47,35,372,742,242,54,26,67,221,27,1,192,4,60,5,86,17,120,47,15,32,2,NA,NA,1,10,7,7,8,31
2019-11-26,513.9700000000001,32,25,198,742,248,50,25,68,221,27,1,192,4,60,5,84,16,120,47,14,27,2,NA,NA,1,8,6,6,6,18
2019-11-27,387.97000000000014,28,20,146,717,257,46,24,59,221,27,1,190,4,61,5,82,15,120,47,13,26,2,NA,NA,NA,8,5,5,5,14
2019-11-28,NA,27,17,122,678,250,42,23,53,214,27,1,188,4,61,5,77,14,120,47,12,25,2,NA,NA,NA,7,5,5,4,11
2019-11-29,322.97000000000014,23,16,107,675,234,40,22,49,216,26,1,176,3,58,5,76,13,120,47,12,23,2,NA,NA,1,7,5,4,4,8
2019-11-30,263.97000000000014,23,14,97,661,224,40,22,48,205,25,1,171,3,54,5,77,13,-999.9,47,12,22,2,NA,NA,1,7,5,4,4,7
2019-12-01,311.97000000000014,33,17,128,686,234,42,24,50,208,26,1,176,3,58,6,85,17,120,47,12,32,3,NA,NA,1,12,7,8,6,10
2019-12-02,266.97000000000014,34,38,498,736,246,46,34,84,219,27,4,216,6,64,8,113,36,120,47,12,137,11,NA,NA,1,13,8,7,6,19
