date,lfalls,seneca,goose,monoc_jug,por
2021-01-24T01:00:00Z,6450,102,219,434,NA
2021-01-24T02:00:00Z,6410,101,219,433,5525
2021-01-24T03:00:00Z,6390,98,219,430,5480
2021-01-24T04:00:00Z,6350,99,215,429,5500
2021-01-24T05:00:00Z,6330,100,215,425,5462
2021-01-24T06:00:00Z,6290,99,215,426,5497
2021-01-24T07:00:00Z,6290,97,214,429,5480
2021-01-24T08:00:00Z,6290,97,211,429,5460
2021-01-24T09:00:00Z,6290,94,211,429,5462
2021-01-24T10:00:00Z,6192,92,211,431,5460
2021-01-24T11:00:00Z,6120,90,211,431,5450
2021-01-24T12:00:00Z,6080,88,211,431,5448
2021-01-24T13:00:00Z,6138,85,211,431,5430
2021-01-24T14:00:00Z,6230,85,209,429,5432
2021-01-24T15:00:00Z,6210,83,207,430,5410
2021-01-24T16:00:00Z,6175,83,207,426,5410
2021-01-24T17:00:00Z,6175,83,207,423,5400
2021-01-24T18:00:00Z,6140,84,207,420,5410
2021-01-24T19:00:00Z,6158,86,207,418,5380
2021-01-24T20:00:00Z,6140,94,207,413,5395
2021-01-24T21:00:00Z,6140,100,206,408,5388
2021-01-24T22:00:00Z,6140,102,203,404,5388
2021-01-24T23:00:00Z,6140,102,199,400,5380
2021-01-25T00:00:00Z,6120,102,197,399,5370
2021-01-25T01:00:00Z,6080,99,197,396,5360
2021-01-25T02:00:00Z,6060,98,195,395,5340
2021-01-25T03:00:00Z,6060,97,193,392,5340
2021-01-25T04:00:00Z,6020,97,193,392,5340
2021-01-25T05:00:00Z,6060,98,193,392,5340
2021-01-25T06:00:00Z,6020,100,193,391,5318
2021-01-25T07:00:00Z,5980,99,195,389,5310
2021-01-25T08:00:00Z,6000,99,198,388,5310
2021-01-25T09:00:00Z,6000,95,202,388,5280
2021-01-25T10:00:00Z,6000,94,206,388,5280
2021-01-25T11:00:00Z,5980,90,208,390,5265
2021-01-25T12:00:00Z,5980,90,211,392,5250
2021-01-25T13:00:00Z,5980,87,211,396,5250
2021-01-25T14:00:00Z,5962,85,211,400,5250
2021-01-25T15:00:00Z,5980,84,211,400,5220
2021-01-25T16:00:00Z,5980,86,211,400,5210
2021-01-25T17:00:00Z,5962,88,211,404,5195
2021-01-25T18:00:00Z,5858,91,211,404,5180
2021-01-25T19:00:00Z,5788,95,211,404,5180
2021-01-25T20:00:00Z,5805,100,211,404,5158
2021-01-25T21:00:00Z,5840,98,211,405,5150
2021-01-25T22:00:00Z,5910,97,211,408,5150
2021-01-25T23:00:00Z,5910,96,211,409,5128
2021-01-26T00:00:00Z,5910,98,211,412,5105
2021-01-26T01:00:00Z,5892,97,211,414,5098
2021-01-26T02:00:00Z,5892,97,211,416,5098
2021-01-26T03:00:00Z,5892,97,211,420,5090
2021-01-26T04:00:00Z,5910,100,211,420,5090
2021-01-26T05:00:00Z,5875,104,215,420,5120
2021-01-26T06:00:00Z,5910,104,215,420,5142
2021-01-26T07:00:00Z,5892,104,219,420,5150
2021-01-26T08:00:00Z,5840,102,219,420,5150
2021-01-26T09:00:00Z,5840,101,219,420,5165
2021-01-26T10:00:00Z,5858,98,223,420,5165
2021-01-26T11:00:00Z,5840,96,225,424,5172
2021-01-26T12:00:00Z,5840,94,227,424,5158
2021-01-26T13:00:00Z,5840,93,227,425,5158
2021-01-26T14:00:00Z,5892,92,228,429,5150
2021-01-26T15:00:00Z,5788,92,230,429,5150
2021-01-26T16:00:00Z,5752,94,232,429,5150
2021-01-26T17:00:00Z,5735,97,234,431,5135
2021-01-26T18:00:00Z,5700,100,234,434,5128
2021-01-26T19:00:00Z,5700,105,241,437,5128
2021-01-26T20:00:00Z,5700,106,242,440,5142
2021-01-26T21:00:00Z,5700,106,242,442,5120
2021-01-26T22:00:00Z,5700,107,246,442,5120
2021-01-26T23:00:00Z,5752,107,247,438,5098
2021-01-27T00:00:00Z,5858,108,250,438,5090
2021-01-27T01:00:00Z,5840,108,251,437,5082
2021-01-27T02:00:00Z,5892,108,251,437,5068
2021-01-27T03:00:00Z,5910,109,251,437,5060
2021-01-27T04:00:00Z,5910,111,251,437,5060
2021-01-27T05:00:00Z,5910,111,251,434,5052
2021-01-27T06:00:00Z,5910,113,251,433,5060
2021-01-27T07:00:00Z,5910,111,251,433,5060
2021-01-27T08:00:00Z,5910,112,251,433,5052
2021-01-27T09:00:00Z,5910,111,251,433,5045
2021-01-27T10:00:00Z,5910,109,251,433,5038
2021-01-27T11:00:00Z,5910,104,251,433,5030
2021-01-27T12:00:00Z,5910,102,251,433,5030
2021-01-27T13:00:00Z,5840,100,251,433,5060
2021-01-27T14:00:00Z,5858,96,251,433,5050
2021-01-27T15:00:00Z,5840,95,255,433,5050
2021-01-27T16:00:00Z,5718,96,255,433,5040
2021-01-27T17:00:00Z,5752,97,255,433,5040
2021-01-27T18:00:00Z,5752,99,255,433,5052
2021-01-27T19:00:00Z,5752,103,255,433,5075
2021-01-27T20:00:00Z,5752,106,252,433,5075
2021-01-27T21:00:00Z,5840,104,251,433,5070
2021-01-27T22:00:00Z,5858,104,251,431,5112
2021-01-27T23:00:00Z,5840,104,248,430,5120
2021-01-28T00:00:00Z,5822,104,247,429,5142
2021-01-28T01:00:00Z,5822,104,243,428,5135
2021-01-28T02:00:00Z,5788,102,242,424,5140
2021-01-28T03:00:00Z,5788,102,242,424,5142
2021-01-28T04:00:00Z,5770,102,239,424,5142
2021-01-28T05:00:00Z,5788,104,238,424,5150
2021-01-28T06:00:00Z,5770,106,238,423,5150
2021-01-28T07:00:00Z,5770,104,234,423,5150
2021-01-28T08:00:00Z,5770,102,234,424,5107
2021-01-28T09:00:00Z,5752,100,234,424,5080
2021-01-28T10:00:00Z,5770,97,231,424,5057
2021-01-28T11:00:00Z,5718,94,230,424,5010
2021-01-28T12:00:00Z,5682,91,230,424,5000
2021-01-28T13:00:00Z,5700,89,230,424,4990
2021-01-28T14:00:00Z,5770,87,227,420,4970
2021-01-28T15:00:00Z,5718,88,227,422,4910
2021-01-28T16:00:00Z,5612,89,224,420,4940
2021-01-28T17:00:00Z,5682,91,223,420,4962
2021-01-28T18:00:00Z,5595,94,223,420,4985
2021-01-28T19:00:00Z,5612,98,223,421,5008
2021-01-28T20:00:00Z,5490,99,219,421,4992
2021-01-28T21:00:00Z,5612,102,219,420,5000
2021-01-28T22:00:00Z,5402,102,219,419,5050
2021-01-28T23:00:00Z,5700,101,217,416,5060
2021-01-29T00:00:00Z,5648,101,215,415,5150
2021-01-29T01:00:00Z,5735,101,215,414,5112
2021-01-29T02:00:00Z,5770,100,215,409,5135
2021-01-29T03:00:00Z,5822,101,213,409,5172
2021-01-29T04:00:00Z,5770,102,211,407,5223
2021-01-29T05:00:00Z,5718,100,211,404,5248
2021-01-29T06:00:00Z,5682,99,211,404,5280
2021-01-29T07:00:00Z,5788,100,208,404,5353
2021-01-29T08:00:00Z,5665,97,207,402,5388
2021-01-29T09:00:00Z,5612,97,207,402,5380
2021-01-29T10:00:00Z,5752,95,207,400,5390
2021-01-29T11:00:00Z,5822,93,202,399,5395
2021-01-29T12:00:00Z,5770,88,198,396,5410
2021-01-29T13:00:00Z,5735,84,196,393,5388
2021-01-29T14:00:00Z,5735,83,193,393,5332
2021-01-29T15:00:00Z,5700,82,193,386,5325
2021-01-29T16:00:00Z,5735,83,193,380,5325
2021-01-29T17:00:00Z,5752,85,192,377,5332
2021-01-29T18:00:00Z,5840,88,190,373,5380
2021-01-29T19:00:00Z,5858,93,191,372,5345
2021-01-29T20:00:00Z,5910,97,194,374,5380
2021-01-29T21:00:00Z,5945,96,196,375,5353
2021-01-29T22:00:00Z,5965,97,193,373,5400
2021-01-29T23:00:00Z,5945,97,191,368,5380
2021-01-30T00:00:00Z,5965,95,188,365,5360
2021-01-30T01:00:00Z,5980,94,184,364,5380
2021-01-30T02:00:00Z,5980,93,181,360,5380
2021-01-30T03:00:00Z,5980,93,174,360,5410
2021-01-30T04:00:00Z,5980,94,169,357,5410
2021-01-30T05:00:00Z,5980,95,169,350,5440
2021-01-30T06:00:00Z,6020,97,164,347,5497
2021-01-30T07:00:00Z,5980,95,157,344,5540
2021-01-30T08:00:00Z,5980,94,166,340,5578
2021-01-30T09:00:00Z,6000,91,180,336,5600
2021-01-30T10:00:00Z,6000,89,181,333,5600
2021-01-30T11:00:00Z,6020,86,170,333,5592
2021-01-30T12:00:00Z,6040,80,155,337,5620
2021-01-30T13:00:00Z,6020,76,139,334,5620
2021-01-30T14:00:00Z,6000,74,122,330,5612
2021-01-30T15:00:00Z,5980,74,102,324,5580
2021-01-30T16:00:00Z,5962,74,108,318,5620
2021-01-30T17:00:00Z,5962,73,137,316,5648
2021-01-30T18:00:00Z,5962,74,163,315,5700
2021-01-30T19:00:00Z,5962,80,192,313,5740
2021-01-30T20:00:00Z,5980,88,215,313,5760
2021-01-30T21:00:00Z,5980,93,219,316,5778
2021-01-30T22:00:00Z,5980,94,218,318,5800
2021-01-30T23:00:00Z,5962,94,214,318,5815
2021-01-31T00:00:00Z,5945,94,209,319,5822
2021-01-31T01:00:00Z,5928,94,201,319,5840
2021-01-31T02:00:00Z,5910,93,200,320,5860
2021-01-31T03:00:00Z,5910,93,202,323,5840
2021-01-31T04:00:00Z,5928,93,208,329,5830
2021-01-31T05:00:00Z,5945,93,212,338,5808
2021-01-31T06:00:00Z,5945,93,216,350,5785
2021-01-31T07:00:00Z,5945,94,219,363,5755
2021-01-31T08:00:00Z,5980,93,219,375,5720
2021-01-31T09:00:00Z,6000,90,219,386,5685
2021-01-31T10:00:00Z,6060,90,219,392,5655
2021-01-31T11:00:00Z,6100,89,219,392,5648
2021-01-31T12:00:00Z,6120,87,219,391,5648
2021-01-31T13:00:00Z,6158,84,217,387,5648
2021-01-31T14:00:00Z,6192,83,233,382,5655
2021-01-31T15:00:00Z,6210,82,344,379,5670
2021-01-31T16:00:00Z,6250,82,356,375,5690
2021-01-31T17:00:00Z,6290,83,364,372,5678
2021-01-31T18:00:00Z,6310,85,330,372,5710
2021-01-31T19:00:00Z,6350,87,293,372,5700
2021-01-31T20:00:00Z,6370,94,262,375,5670
2021-01-31T21:00:00Z,6370,100,234,376,5685
2021-01-31T22:00:00Z,6370,103,228,377,5685
2021-01-31T23:00:00Z,6370,104,220,378,5712
2021-02-01T00:00:00Z,6370,104,209,380,5730
2021-02-01T01:00:00Z,6350,106,204,380,5748
2021-02-01T02:00:00Z,6370,106,201,382,5755
2021-02-01T03:00:00Z,6350,107,204,384,5748
2021-02-01T04:00:00Z,6310,108,203,385,5720
2021-02-01T05:00:00Z,6350,108,197,385,5692
2021-02-01T06:00:00Z,6370,108,190,382,5678
2021-02-01T07:00:00Z,6390,110,193,379,5670
2021-02-01T08:00:00Z,6430,107,195,376,5640
2021-02-01T09:00:00Z,6450,105,201,372,5640
2021-02-01T10:00:00Z,6430,103,206,370,5630
2021-02-01T11:00:00Z,6410,99,211,365,5630
2021-02-01T12:00:00Z,6410,96,211,358,5630
2021-02-01T13:00:00Z,6390,94,211,351,5640
2021-02-01T14:00:00Z,6450,93,212,346,5648
2021-02-01T15:00:00Z,6450,93,217,339,5655
2021-02-01T16:00:00Z,6470,93,226,334,5655
2021-02-01T17:00:00Z,6470,95,230,333,5645
2021-02-01T18:00:00Z,6490,99,231,331,5620
2021-02-01T19:00:00Z,6490,103,234,330,5620
2021-02-01T20:00:00Z,6450,106,241,332,5600
2021-02-01T21:00:00Z,6430,108,247,333,5640
2021-02-01T22:00:00Z,6430,112,247,334,5640
2021-02-01T23:00:00Z,6390,116,243,340,5585
2021-02-02T00:00:00Z,6370,116,236,346,5600
2021-02-02T01:00:00Z,6370,120,231,349,5600
2021-02-02T02:00:00Z,6370,123,230,352,5600
2021-02-02T03:00:00Z,6370,124,230,355,5640
2021-02-02T04:00:00Z,6370,126,230,356,5600
2021-02-02T05:00:00Z,6370,127,228,356,5627
2021-02-02T06:00:00Z,6370,128,227,359,5613
2021-02-02T07:00:00Z,6390,126,227,366,5600
2021-02-02T08:00:00Z,6370,124,226,374,5585
2021-02-02T09:00:00Z,6450,120,223,379,5585
2021-02-02T10:00:00Z,6450,116,223,376,5532
2021-02-02T11:00:00Z,6430,109,223,373,5530
2021-02-02T12:00:00Z,6430,106,221,370,5530
2021-02-02T13:00:00Z,6430,105,219,372,5505
2021-02-02T14:00:00Z,6450,103,219,377,5498
2021-02-02T15:00:00Z,6430,102,219,381,5482
2021-02-02T16:00:00Z,6390,102,219,385,5455
2021-02-02T17:00:00Z,6410,103,219,388,5470
2021-02-02T18:00:00Z,6410,107,219,392,5432
2021-02-02T19:00:00Z,6370,113,219,398,5410
2021-02-02T20:00:00Z,6350,115,219,403,5425
2021-02-02T21:00:00Z,6250,116,217,412,5402
2021-02-02T22:00:00Z,6270,117,215,420,5410
2021-02-02T23:00:00Z,6350,117,215,430,5440
2021-02-03T00:00:00Z,6330,117,215,438,5410
2021-02-03T01:00:00Z,6310,118,215,443,5440
2021-02-03T02:00:00Z,6350,118,213,445,NA
2021-02-03T03:00:00Z,6235,116,211,454,5448
2021-02-03T04:00:00Z,6270,120,211,466,5410
2021-02-03T05:00:00Z,6350,120,211,482,5390
2021-02-03T06:00:00Z,6310,119,211,487,5400
2021-02-03T07:00:00Z,6330,120,211,487,5395
2021-02-03T08:00:00Z,6310,118,211,486,5395
2021-02-03T09:00:00Z,6330,112,211,482,5400
2021-02-03T10:00:00Z,6290,109,211,478,5395
2021-02-03T11:00:00Z,6350,105,211,474,5390
2021-02-03T12:00:00Z,6330,102,211,473,5395
2021-02-03T13:00:00Z,6290,100,211,468,5360
2021-02-03T14:00:00Z,6330,98,209,464,5332
2021-02-03T15:00:00Z,6250,97,207,460,5353
2021-02-03T16:00:00Z,6252,98,207,455,5420
2021-02-03T17:00:00Z,6250,100,207,452,5418
2021-02-03T18:00:00Z,6175,103,207,451,5402
2021-02-03T19:00:00Z,6195,106,207,450,5400
2021-02-03T20:00:00Z,6195,106,207,446,5440
2021-02-03T21:00:00Z,6212,107,207,445,5455
2021-02-03T22:00:00Z,6263,106,207,442,5482
2021-02-03T23:00:00Z,6290,108,207,442,5532
2021-02-04T00:00:00Z,6310,106,207,442,5532
2021-02-04T01:00:00Z,6270,105,207,442,5518
2021-02-04T02:00:00Z,6270,105,206,442,5518
2021-02-04T03:00:00Z,6250,106,206,441,5525
2021-02-04T04:00:00Z,6330,107,206,442,5570
2021-02-04T05:00:00Z,6350,108,204,442,5590
2021-02-04T06:00:00Z,6330,111,204,442,5613
2021-02-04T07:00:00Z,6350,110,207,445,5585
2021-02-04T08:00:00Z,6330,108,205,446,5570
2021-02-04T09:00:00Z,6290,106,204,446,5570
2021-02-04T10:00:00Z,6270,102,204,445,5620
2021-02-04T11:00:00Z,6230,99,207,442,5640
2021-02-04T12:00:00Z,6230,95,207,442,5655
2021-02-04T13:00:00Z,6290,92,207,437,5610
2021-02-04T14:00:00Z,6330,91,207,437,NA
2021-02-04T15:00:00Z,6370,89,204,437,5620
2021-02-04T16:00:00Z,6310,88,204,435,5635
2021-02-04T17:00:00Z,6330,88,204,431,5652
2021-02-04T18:00:00Z,6390,92,204,424,5650
2021-02-04T19:00:00Z,6430,101,204,418,5648
2021-02-04T20:00:00Z,6470,101,204,408,5630
2021-02-04T21:00:00Z,6450,100,204,397,5640
2021-02-04T22:00:00Z,6430,101,204,383,5640
2021-02-04T23:00:00Z,6450,102,204,373,5610
2021-02-05T00:00:00Z,6410,100,203,364,5592
2021-02-05T01:00:00Z,6370,99,200,358,5570
2021-02-05T02:00:00Z,6370,99,200,352,5570
2021-02-05T03:00:00Z,6370,100,197,352,5548
2021-02-05T04:00:00Z,6350,102,197,353,5570
2021-02-05T05:00:00Z,6370,105,197,357,5562
2021-02-05T06:00:00Z,6370,106,197,364,5570
2021-02-05T07:00:00Z,6370,104,197,372,5562
2021-02-05T08:00:00Z,6370,104,197,384,5555
2021-02-05T09:00:00Z,6370,103,197,398,5548
2021-02-05T10:00:00Z,6370,99,199,409,5555
2021-02-05T11:00:00Z,6370,97,200,419,5540
2021-02-05T12:00:00Z,6350,95,203,424,5525
2021-02-05T13:00:00Z,6370,93,206,429,5525
2021-02-05T14:00:00Z,6370,92,209,429,5555
2021-02-05T15:00:00Z,6370,91,211,429,5540
2021-02-05T16:00:00Z,6370,94,211,431,5532
2021-02-05T17:00:00Z,6350,97,214,434,5518
2021-02-05T18:00:00Z,6350,102,215,433,5520
2021-02-05T19:00:00Z,6350,108,219,433,5540
2021-02-05T20:00:00Z,6350,108,221,433,5550
2021-02-05T21:00:00Z,6350,114,227,437,5532
2021-02-05T22:00:00Z,6390,117,231,440,5532
2021-02-05T23:00:00Z,6330,122,237,444,5540
2021-02-06T00:00:00Z,6330,128,241,451,5540
2021-02-06T01:00:00Z,6350,132,250,452,5570
2021-02-06T02:00:00Z,6370,134,251,458,5550
2021-02-06T03:00:00Z,6370,140,251,462,5532
2021-02-06T04:00:00Z,6370,144,251,466,5518
2021-02-06T05:00:00Z,6370,145,253,473,5500
2021-02-06T06:00:00Z,6390,147,255,480,5490
2021-02-06T07:00:00Z,6450,146,257,488,5480
2021-02-06T08:00:00Z,6370,146,259,494,5470
2021-02-06T09:00:00Z,6390,142,259,498,5470
2021-02-06T10:00:00Z,6410,137,263,503,5470
2021-02-06T11:00:00Z,6370,133,268,505,5480
2021-02-06T12:00:00Z,6410,126,274,510,5510
2021-02-06T13:00:00Z,6430,121,280,511,5510
2021-02-06T14:00:00Z,6450,116,286,515,5510
2021-02-06T15:00:00Z,6450,114,288,515,5510
2021-02-06T16:00:00Z,6530,113,293,515,5525
2021-02-06T17:00:00Z,6528,112,295,515,5540
2021-02-06T18:00:00Z,6565,113,295,520,5550
2021-02-06T19:00:00Z,6620,118,295,523,5555
2021-02-06T20:00:00Z,6620,122,295,524,5548
2021-02-06T21:00:00Z,6600,123,295,524,5570
2021-02-06T22:00:00Z,6582,124,291,524,5555
2021-02-06T23:00:00Z,6600,126,287,524,5540
2021-02-07T00:00:00Z,6582,124,286,525,5540
2021-02-07T01:00:00Z,6548,121,285,529,5540
2021-02-07T02:00:00Z,6530,120,281,533,5540
2021-02-07T03:00:00Z,6530,120,279,534,5540
2021-02-07T04:00:00Z,6530,117,277,536,5540
2021-02-07T05:00:00Z,6510,119,273,539,5540
2021-02-07T06:00:00Z,6530,117,272,542,5562
2021-02-07T07:00:00Z,6530,116,268,544,5570
2021-02-07T08:00:00Z,6530,116,268,543,5570
2021-02-07T09:00:00Z,6510,114,268,544,5578
2021-02-07T10:00:00Z,6530,111,268,545,5600
2021-02-07T11:00:00Z,6548,108,268,552,5648
2021-02-07T12:00:00Z,6582,111,268,555,5670
2021-02-07T13:00:00Z,6620,110,268,562,5720
2021-02-07T14:00:00Z,6700,110,271,565,5748
2021-02-07T15:00:00Z,6782,112,276,569,5778
2021-02-07T16:00:00Z,6870,118,277,574,5808
2021-02-07T17:00:00Z,6890,128,281,574,5810
2021-02-07T18:00:00Z,6930,146,284,578,5830
2021-02-07T19:00:00Z,6990,172,286,584,5870
2021-02-07T20:00:00Z,7070,213,293,592,5860
2021-02-07T21:00:00Z,7130,252,299,600,5890
2021-02-07T22:00:00Z,7170,286,311,605,5900
2021-02-07T23:00:00Z,7170,302,318,604,5915
2021-02-08T00:00:00Z,7252,313,329,604,5930
2021-02-08T01:00:00Z,7295,310,340,604,5970
2021-02-08T02:00:00Z,7340,308,345,604,5960
2021-02-08T03:00:00Z,7465,301,350,603,6000
2021-02-08T04:00:00Z,7570,298,350,599,5992
2021-02-08T05:00:00Z,7635,291,350,599,6000
2021-02-08T06:00:00Z,7680,283,354,595,6008
2021-02-08T07:00:00Z,7680,272,351,594,6030
2021-02-08T08:00:00Z,7680,259,350,594,6040
2021-02-08T09:00:00Z,7680,244,350,594,6070
2021-02-08T10:00:00Z,7680,229,350,594,6078
2021-02-08T11:00:00Z,7680,216,350,594,6092
2021-02-08T12:00:00Z,7680,199,350,592,6122
2021-02-08T13:00:00Z,7700,187,350,589,6130
2021-02-08T14:00:00Z,7700,179,350,589,6130
2021-02-08T15:00:00Z,7680,170,346,586,6140
2021-02-08T16:00:00Z,7720,167,345,583,6160
2021-02-08T17:00:00Z,7658,166,345,579,6170
2021-02-08T18:00:00Z,7658,168,338,575,6170
2021-02-08T19:00:00Z,7680,171,332,573,6192
2021-02-08T20:00:00Z,7658,167,329,569,6220
2021-02-08T21:00:00Z,7658,166,326,563,6240
2021-02-08T22:00:00Z,7635,161,322,556,6270
2021-02-08T23:00:00Z,7550,163,316,553,6292
2021-02-09T00:00:00Z,7530,157,312,544,6310
2021-02-09T01:00:00Z,7510,156,309,536,6340
2021-02-09T02:00:00Z,7510,156,305,528,6348
2021-02-09T03:00:00Z,7420,168,305,517,6370
2021-02-09T04:00:00Z,7420,165,301,511,6390
2021-02-09T05:00:00Z,7442,162,295,505,6410
2021-02-09T06:00:00Z,7400,159,295,505,6410
2021-02-09T07:00:00Z,7420,155,295,505,6418
2021-02-09T08:00:00Z,7420,149,295,505,6440
2021-02-09T09:00:00Z,7442,144,293,506,6440
2021-02-09T10:00:00Z,7420,138,291,510,6448
2021-02-09T11:00:00Z,7400,131,291,511,6455
2021-02-09T12:00:00Z,7420,126,294,515,6448
2021-02-09T13:00:00Z,7442,123,295,519,6455
2021-02-09T14:00:00Z,7442,120,296,523,6455
2021-02-09T15:00:00Z,7465,120,300,523,6455
2021-02-09T16:00:00Z,7510,120,300,519,6455
2021-02-09T17:00:00Z,7550,122,296,519,6440
2021-02-09T18:00:00Z,7590,128,295,519,6448
2021-02-09T19:00:00Z,7590,130,295,519,6448
2021-02-09T20:00:00Z,7635,134,295,519,6470
2021-02-09T21:00:00Z,7658,133,294,517,6480
2021-02-09T22:00:00Z,7570,130,291,514,6470
2021-02-09T23:00:00Z,7590,129,291,508,6470
2021-02-10T00:00:00Z,7590,127,291,503,6462
2021-02-10T01:00:00Z,7590,129,291,494,6448
2021-02-10T02:00:00Z,7590,126,291,489,6448
2021-02-10T03:00:00Z,7590,128,291,480,6440
2021-02-10T04:00:00Z,7550,129,291,476,6440
2021-02-10T05:00:00Z,7570,129,291,472,6432
2021-02-10T06:00:00Z,7590,132,291,472,6432
2021-02-10T07:00:00Z,7570,131,291,473,6400
2021-02-10T08:00:00Z,7590,128,291,479,6320
2021-02-10T09:00:00Z,7570,124,291,484,6270
2021-02-10T10:00:00Z,7590,121,291,487,6270
2021-02-10T11:00:00Z,7590,118,291,489,6310
2021-02-10T12:00:00Z,7570,113,291,492,6372
2021-02-10T13:00:00Z,7550,111,291,492,6410
2021-02-10T14:00:00Z,7570,108,293,491,6425
2021-02-10T15:00:00Z,7530,108,295,487,6448
2021-02-10T16:00:00Z,7550,110,295,487,6455
2021-02-10T17:00:00Z,7550,113,295,487,6535
2021-02-10T18:00:00Z,7570,117,300,487,6602
2021-02-10T19:00:00Z,7570,121,300,489,6610
2021-02-10T20:00:00Z,7550,122,300,494,6570
2021-02-10T21:00:00Z,7530,122,300,496,6525
2021-02-10T22:00:00Z,7510,120,300,496,6470
2021-02-10T23:00:00Z,7510,121,300,496,6470
2021-02-11T00:00:00Z,7510,122,300,494,6462
2021-02-11T01:00:00Z,7510,120,300,491,6440
2021-02-11T02:00:00Z,7488,122,300,492,6440
2021-02-11T03:00:00Z,7488,125,300,496,6470
2021-02-11T04:00:00Z,7530,130,302,500,6470
2021-02-11T05:00:00Z,7590,134,305,504,6480
2021-02-11T06:00:00Z,7680,142,309,511,6480
2021-02-11T07:00:00Z,7762,145,312,515,6510
2021-02-11T08:00:00Z,7870,150,319,519,6500
2021-02-11T09:00:00Z,7930,151,330,524,6510
2021-02-11T10:00:00Z,8020,151,337,526,6510
2021-02-11T11:00:00Z,8020,155,348,529,6500
2021-02-11T12:00:00Z,8110,155,355,529,6500
2021-02-11T13:00:00Z,8110,156,360,530,6490
2021-02-11T14:00:00Z,8200,156,365,534,6490
2021-02-11T15:00:00Z,8200,156,366,534,6500
2021-02-11T16:00:00Z,8220,159,366,534,6500
2021-02-11T17:00:00Z,8260,162,370,534,6510
2021-02-11T18:00:00Z,8280,174,374,534,6490
2021-02-11T19:00:00Z,8240,176,377,535,6490
2021-02-11T20:00:00Z,8280,182,384,534,6470
2021-02-11T21:00:00Z,8220,178,388,534,6470
2021-02-11T22:00:00Z,8200,182,393,534,6462
2021-02-11T23:00:00Z,8200,180,397,534,6440
2021-02-12T00:00:00Z,8200,176,403,534,6425
2021-02-12T01:00:00Z,8178,176,403,530,6410
2021-02-12T02:00:00Z,8178,173,408,529,6410
2021-02-12T03:00:00Z,8178,171,408,529,6410
2021-02-12T04:00:00Z,8155,174,408,529,6410
2021-02-12T05:00:00Z,8155,171,408,529,6410
2021-02-12T06:00:00Z,8155,170,408,529,6400
2021-02-12T07:00:00Z,8132,167,403,529,6410
2021-02-12T08:00:00Z,8110,162,402,530,6410
2021-02-12T09:00:00Z,8110,156,397,532,6410
2021-02-12T10:00:00Z,8110,149,397,529,6410
2021-02-12T11:00:00Z,8088,142,397,529,6410
2021-02-12T12:00:00Z,8042,137,397,528,6410
2021-02-12T13:00:00Z,8020,133,392,524,6418
2021-02-12T14:00:00Z,8020,129,390,524,6418
2021-02-12T15:00:00Z,7975,128,387,522,6440
2021-02-12T16:00:00Z,7975,126,386,519,6448
2021-02-12T17:00:00Z,7952,121,381,519,6448
2021-02-12T18:00:00Z,7998,120,381,517,6490
2021-02-12T19:00:00Z,7930,121,377,515,6500
2021-02-12T20:00:00Z,7930,123,376,515,6510
2021-02-12T21:00:00Z,7930,120,375,511,6510
2021-02-12T22:00:00Z,7890,122,371,510,6500
2021-02-12T23:00:00Z,7903,123,367,508,6490
2021-02-13T00:00:00Z,7870,121,366,505,6510
2021-02-13T01:00:00Z,7850,117,361,505,6510
2021-02-13T02:00:00Z,7828,120,361,505,6532
2021-02-13T03:00:00Z,7782,118,361,505,6540
2021-02-13T04:00:00Z,7805,119,355,505,6540
2021-02-13T05:00:00Z,7760,126,355,505,6550
2021-02-13T06:00:00Z,7760,126,355,501,6550
2021-02-13T07:00:00Z,7760,125,355,504,6580
2021-02-13T08:00:00Z,7740,124,354,501,6570
2021-02-13T09:00:00Z,7760,121,350,500,6580
2021-02-13T10:00:00Z,7760,119,350,497,6580
2021-02-13T11:00:00Z,7760,116,346,495,6580
2021-02-13T12:00:00Z,7782,113,345,492,6595
2021-02-13T13:00:00Z,7760,109,345,491,6595
2021-02-13T14:00:00Z,7782,108,345,487,6595
2021-02-13T15:00:00Z,7805,106,345,487,6595
2021-02-13T16:00:00Z,7805,106,345,484,6595
2021-02-13T17:00:00Z,7828,108,345,482,6602
2021-02-13T18:00:00Z,7850,112,345,482,6610
2021-02-13T19:00:00Z,7930,119,345,482,6610
2021-02-13T20:00:00Z,7952,127,345,482,6610
2021-02-13T21:00:00Z,7930,132,345,482,6630
2021-02-13T22:00:00Z,7952,134,345,482,6623
2021-02-13T23:00:00Z,7998,138,346,481,6622
2021-02-14T00:00:00Z,8020,138,350,482,6650
2021-02-14T01:00:00Z,7998,138,350,482,6665
2021-02-14T02:00:00Z,7952,142,350,479,6680
2021-02-14T03:00:00Z,7952,141,350,478,6680
2021-02-14T04:00:00Z,7930,145,350,478,6688
2021-02-14T05:00:00Z,7952,144,350,478,6702
2021-02-14T06:00:00Z,7975,141,350,474,6730
2021-02-14T07:00:00Z,7975,141,350,474,6730
2021-02-14T08:00:00Z,7930,138,350,474,6750
2021-02-14T09:00:00Z,7930,131,350,474,6758
2021-02-14T10:00:00Z,7952,127,350,473,6772
2021-02-14T11:00:00Z,7930,124,350,476,6780
2021-02-14T12:00:00Z,7930,120,350,476,6790
2021-02-14T13:00:00Z,7910,116,350,473,6810
2021-02-14T14:00:00Z,7910,112,346,473,6820
2021-02-14T15:00:00Z,7890,111,345,472,6820
2021-02-14T16:00:00Z,7910,111,345,469,6820
2021-02-14T17:00:00Z,7850,110,345,469,6828
2021-02-14T18:00:00Z,7870,111,342,469,6820
2021-02-14T19:00:00Z,7910,118,340,465,6828
2021-02-14T20:00:00Z,7910,124,340,465,6828
2021-02-14T21:00:00Z,7910,128,340,465,6835
2021-02-14T22:00:00Z,7890,132,340,464,6842
2021-02-14T23:00:00Z,7930,131,340,465,6850
2021-02-15T00:00:00Z,7930,133,340,464,6850
2021-02-15T01:00:00Z,7930,131,341,464,6850
2021-02-15T02:00:00Z,7930,130,345,464,6880
2021-02-15T03:00:00Z,7998,135,345,464,6860
2021-02-15T04:00:00Z,8020,133,345,464,6860
2021-02-15T05:00:00Z,8020,133,345,464,6860
2021-02-15T06:00:00Z,8110,133,345,464,6890
2021-02-15T07:00:00Z,8110,135,345,465,6890
2021-02-15T08:00:00Z,8110,131,345,464,6890
2021-02-15T09:00:00Z,8110,132,349,465,6912
2021-02-15T10:00:00Z,8110,127,350,469,6920
2021-02-15T11:00:00Z,8132,124,350,469,6912
2021-02-15T12:00:00Z,8132,123,354,469,6920
2021-02-15T13:00:00Z,8132,120,355,471,6912
2021-02-15T14:00:00Z,8110,118,356,473,6920
2021-02-15T15:00:00Z,8110,117,361,473,6920
2021-02-15T16:00:00Z,8178,117,361,474,6920
2021-02-15T17:00:00Z,8132,119,361,477,6950
2021-02-15T18:00:00Z,8132,123,361,474,6968
2021-02-15T19:00:00Z,8110,127,361,476,6990
2021-02-15T20:00:00Z,8110,131,361,478,6975
2021-02-15T21:00:00Z,8110,135,361,479,6968
2021-02-15T22:00:00Z,8200,139,355,482,6960
2021-02-15T23:00:00Z,8170,142,355,482,6960
2021-02-16T00:00:00Z,8155,139,355,486,6960
2021-02-16T01:00:00Z,8178,144,355,488,6968
2021-02-16T02:00:00Z,8200,150,355,492,6982
2021-02-16T03:00:00Z,8220,160,360,498,6990
2021-02-16T04:00:00Z,8415,179,370,512,7050
2021-02-16T05:00:00Z,8822,228,406,530,7080
2021-02-16T06:00:00Z,9565,315,484,588,7108
2021-02-16T07:00:00Z,10250,506,593,654,7160
2021-02-16T08:00:00Z,10400,619,676,703,7212
2021-02-16T09:00:00Z,10725,703,747,746,7282
2021-02-16T10:00:00Z,11250,754,818,790,7368
2021-02-16T11:00:00Z,11650,757,886,840,7460
2021-02-16T12:00:00Z,11950,761,928,894,7575
2021-02-16T13:00:00Z,12200,766,965,968,7700
2021-02-16T14:00:00Z,12425,750,991,1058,7838
2021-02-16T15:00:00Z,12500,711,1038,1158,7920
2021-02-16T16:00:00Z,12500,663,1090,1262,7950
2021-02-16T17:00:00Z,12625,624,1138,1365,7990
2021-02-16T18:00:00Z,12675,594,1172,1465,7990
2021-02-16T19:00:00Z,12700,561,1195,1538,7990
2021-02-16T20:00:00Z,12775,534,1200,1602,7985
2021-02-16T21:00:00Z,12800,508,1185,1675,7990
2021-02-16T22:00:00Z,12800,492,1158,1760,8000
2021-02-16T23:00:00Z,12825,478,1115,1885,7980
2021-02-17T00:00:00Z,12750,462,1075,2055,7990
2021-02-17T01:00:00Z,12950,448,1030,2285,8023
2021-02-17T02:00:00Z,12900,441,989,2590,8015
2021-02-17T03:00:00Z,12975,436,956,2908,8040
2021-02-17T04:00:00Z,12875,431,928,3220,8090
2021-02-17T05:00:00Z,12800,428,896,3502,8172
2021-02-17T06:00:00Z,12800,420,866,3735,8250
2021-02-17T07:00:00Z,12875,410,846,3940,8347
2021-02-17T08:00:00Z,12775,394,826,4120,8420
2021-02-17T09:00:00Z,12725,379,808,4275,8460
2021-02-17T10:00:00Z,12650,363,792,4405,8537
2021-02-17T11:00:00Z,12600,350,777,4482,8660
2021-02-17T12:00:00Z,12650,341,764,4520,8767
2021-02-17T13:00:00Z,12625,328,749,4518,8883
2021-02-17T14:00:00Z,12650,320,736,4482,8970
2021-02-17T15:00:00Z,12600,310,719,4402,9075
2021-02-17T16:00:00Z,12675,307,708,4300,9238
2021-02-17T17:00:00Z,12775,306,694,4170,9440
2021-02-17T18:00:00Z,12850,308,686,4018,9625
2021-02-17T19:00:00Z,13200,304,675,3840,9862
2021-02-17T20:00:00Z,13375,297,667,3658,10125
2021-02-17T21:00:00Z,13600,290,660,3475,10375
2021-02-17T22:00:00Z,13800,287,650,3288,10700
2021-02-17T23:00:00Z,13975,280,646,3105,11025
2021-02-18T00:00:00Z,14150,276,636,2940,11350
2021-02-18T01:00:00Z,14450,272,632,2788,11700
2021-02-18T02:00:00Z,14675,270,627,2652,12125
2021-02-18T03:00:00Z,14800,268,618,2530,12500
2021-02-18T04:00:00Z,14975,268,613,2425,12950
2021-02-18T05:00:00Z,15050,264,611,2332,13425
2021-02-18T06:00:00Z,15250,262,606,2258,13975
2021-02-18T07:00:00Z,15350,259,604,2185,14500
2021-02-18T08:00:00Z,15500,252,604,2125,15100
2021-02-18T09:00:00Z,15575,245,600,2072,15575
2021-02-18T10:00:00Z,15675,238,597,2032,16025
2021-02-18T11:00:00Z,15775,236,597,1995,16500
2021-02-18T12:00:00Z,15975,235,597,1968,16850
2021-02-18T13:00:00Z,16200,233,597,1938,17100
2021-02-18T14:00:00Z,16400,235,604,1915,17350
2021-02-18T15:00:00Z,16725,242,606,1892,17450
2021-02-18T16:00:00Z,17075,252,611,1872,17500
2021-02-18T17:00:00Z,17350,252,611,1845,17600
2021-02-18T18:00:00Z,17800,259,618,1810,17600
2021-02-18T19:00:00Z,18150,270,618,1775,17600
2021-02-18T20:00:00Z,18500,268,618,1745,17675
2021-02-18T21:00:00Z,18800,270,618,1715,17700
2021-02-18T22:00:00Z,19125,265,618,1690,17775
2021-02-18T23:00:00Z,19300,267,618,1662,17825
2021-02-19T00:00:00Z,19567,266,618,1645,17900
2021-02-19T01:00:00Z,19750,260,616,1625,17925
2021-02-19T02:00:00Z,19950,255,611,1605,18000
2021-02-19T03:00:00Z,20075,257,611,1588,18100
2021-02-19T04:00:00Z,20150,257,611,1570,18200
2021-02-19T05:00:00Z,20200,254,611,1542,18250
2021-02-19T06:00:00Z,20250,250,606,1522,18375
2021-02-19T07:00:00Z,20350,245,604,1495,18400
2021-02-19T08:00:00Z,20400,241,599,1472,18500
2021-02-19T09:00:00Z,20400,235,597,1448,18550
2021-02-19T10:00:00Z,20400,228,590,1432,18600
2021-02-19T11:00:00Z,20350,221,575,1412,18600
2021-02-19T12:00:00Z,20400,213,575,1395,18600
2021-02-19T13:00:00Z,20400,212,572,1385,18600
2021-02-19T14:00:00Z,20500,207,563,1368,18550
2021-02-19T15:00:00Z,20525,203,559,1352,18475
2021-02-19T16:00:00Z,20550,204,552,1342,18425
2021-02-19T17:00:00Z,20600,206,547,1325,18375
2021-02-19T18:00:00Z,20650,216,542,1320,18275
2021-02-19T19:00:00Z,20650,220,538,1308,18200
2021-02-19T20:00:00Z,20800,220,533,1298,18075
2021-02-19T21:00:00Z,20800,219,533,1285,17950
2021-02-19T22:00:00Z,20800,221,528,1280,17900
2021-02-19T23:00:00Z,20800,221,527,1275,17775
2021-02-20T00:00:00Z,20800,221,527,1268,17675
2021-02-20T01:00:00Z,20675,226,527,1255,17500
2021-02-20T02:00:00Z,20750,224,524,1250,17400
2021-02-20T03:00:00Z,20825,229,520,1242,17300
2021-02-20T04:00:00Z,20525,232,520,1228,17133
2021-02-20T05:00:00Z,20550,227,520,1220,17000
2021-02-20T06:00:00Z,20425,230,520,1210,16867
2021-02-20T07:00:00Z,20300,225,520,1200,16800
2021-02-20T08:00:00Z,20175,219,520,1190,16733
2021-02-20T09:00:00Z,20075,215,520,1185,16500
2021-02-20T10:00:00Z,20000,207,520,1175,16400
2021-02-20T11:00:00Z,19825,200,520,1168,NA
2021-02-20T12:00:00Z,19675,193,520,1160,16200
2021-02-20T13:00:00Z,19550,186,514,1152,16075
2021-02-20T14:00:00Z,19400,181,508,1145,16000
2021-02-20T15:00:00Z,19275,176,506,1135,15767
2021-02-20T16:00:00Z,19225,173,501,1128,15600
2021-02-20T17:00:00Z,19000,176,498,1122,15500
2021-02-20T18:00:00Z,18975,176,495,1112,15467
2021-02-20T19:00:00Z,18750,188,492,1108,15325
2021-02-20T20:00:00Z,18675,191,489,1095,15300
2021-02-20T21:00:00Z,18550,195,484,1082,15250
2021-02-20T22:00:00Z,18425,194,483,1080,15100
2021-02-20T23:00:00Z,18175,192,483,1070,14975
2021-02-21T00:00:00Z,18100,195,480,1065,15000
2021-02-21T01:00:00Z,18000,193,477,1060,14875
2021-02-21T02:00:00Z,17775,190,477,1055,14775
2021-02-21T03:00:00Z,17700,186,474,1040,14625
2021-02-21T04:00:00Z,17600,190,471,1038,14575
2021-02-21T05:00:00Z,17500,189,466,1030,14500
2021-02-21T06:00:00Z,17450,182,465,1020,14400
2021-02-21T07:00:00Z,17175,178,460,1010,14325
2021-02-21T08:00:00Z,17050,172,459,1008,14225
2021-02-21T09:00:00Z,17000,168,459,993,14150
2021-02-21T10:00:00Z,16925,164,459,983,14075
2021-02-21T11:00:00Z,16825,157,454,971,14000
2021-02-21T12:00:00Z,16700,150,449,960,13900
2021-02-21T13:00:00Z,16575,144,449,950,13800
2021-02-21T14:00:00Z,16525,141,446,940,13675
2021-02-21T15:00:00Z,16400,138,443,929,13575
2021-02-21T16:00:00Z,16300,138,443,908,13475
2021-02-21T17:00:00Z,16200,138,439,887,13350
2021-02-21T18:00:00Z,16150,139,434,868,13275
2021-02-21T19:00:00Z,15950,153,433,850,13150
2021-02-21T20:00:00Z,15775,159,428,837,13100
2021-02-21T21:00:00Z,15750,166,426,832,13075
2021-02-21T22:00:00Z,15650,169,423,834,13000
2021-02-21T23:00:00Z,15575,169,423,838,12950
2021-02-22T00:00:00Z,15500,174,423,848,12900
2021-02-22T01:00:00Z,15400,180,426,853,12900
2021-02-22T02:00:00Z,15175,177,428,853,12825
2021-02-22T03:00:00Z,15125,180,433,858,12800
2021-02-22T04:00:00Z,15000,185,436,860,12725
2021-02-22T05:00:00Z,14925,186,440,862,12650
2021-02-22T06:00:00Z,14825,182,449,858,12600
2021-02-22T07:00:00Z,14725,182,455,848,12500
2021-02-22T08:00:00Z,14700,179,459,839,12500
2021-02-22T09:00:00Z,14650,172,462,829,12450
2021-02-22T10:00:00Z,14575,166,468,822,12400
2021-02-22T11:00:00Z,14525,161,472,824,12275
2021-02-22T12:00:00Z,14500,154,477,827,12175
2021-02-22T13:00:00Z,14450,151,477,836,12100
2021-02-22T14:00:00Z,14425,147,483,847,12000
2021-02-22T15:00:00Z,14425,148,483,868,11975
2021-02-22T16:00:00Z,14425,157,483,890,11925
2021-02-22T17:00:00Z,14450,169,483,903,11900
2021-02-22T18:00:00Z,14575,185,484,913,11800
2021-02-22T19:00:00Z,14650,201,495,915,11750
2021-02-22T20:00:00Z,14800,215,500,917,11650
2021-02-22T21:00:00Z,14725,244,510,920,11600
2021-02-22T22:00:00Z,14750,278,526,922,11550
2021-02-22T23:00:00Z,14800,310,542,929,11450
2021-02-23T00:00:00Z,14850,335,556,927,11400
2021-02-23T01:00:00Z,14950,340,566,929,11400
2021-02-23T02:00:00Z,14925,341,575,929,11375
2021-02-23T03:00:00Z,14900,337,578,929,11400
2021-02-23T04:00:00Z,14775,336,582,929,11300
2021-02-23T05:00:00Z,14775,335,582,929,11300
2021-02-23T06:00:00Z,14725,324,588,929,11275
2021-02-23T07:00:00Z,14675,314,590,929,11225
2021-02-23T08:00:00Z,14625,301,604,922,11200
2021-02-23T09:00:00Z,14550,293,608,913,11200
2021-02-23T10:00:00Z,14500,280,618,904,11200
2021-02-23T11:00:00Z,14425,267,623,898,11200
2021-02-23T12:00:00Z,14300,258,625,892,11200
2021-02-23T13:00:00Z,14175,247,625,887,11125
2021-02-23T14:00:00Z,14125,238,625,880,11075
2021-02-23T15:00:00Z,14025,232,620,880,11000
2021-02-23T16:00:00Z,14000,230,611,880,10933
2021-02-23T17:00:00Z,13925,233,604,885,10825
2021-02-23T18:00:00Z,13900,240,604,892,10767
2021-02-23T19:00:00Z,13825,249,604,898,10700
2021-02-23T20:00:00Z,14050,258,613,903,10667
2021-02-23T21:00:00Z,13850,281,641,913,10650
2021-02-23T22:00:00Z,13800,317,671,931,10633
2021-02-23T23:00:00Z,13850,362,689,946,10750
2021-02-24T00:00:00Z,13875,398,706,960,10875
2021-02-24T01:00:00Z,13950,411,728,982,11000
2021-02-24T02:00:00Z,13975,408,762,1010,11100
2021-02-24T03:00:00Z,14050,408,790,1045,11250
2021-02-24T04:00:00Z,14100,421,820,1078,11350
2021-02-24T05:00:00Z,14200,444,852,1128,11400
2021-02-24T06:00:00Z,14300,452,887,1188,11475
2021-02-24T07:00:00Z,14400,444,928,1255,11500
2021-02-24T08:00:00Z,14400,423,952,1308,11575
2021-02-24T09:00:00Z,14425,393,967,1358,11625
2021-02-24T10:00:00Z,14425,370,967,1402,11700
2021-02-24T11:00:00Z,14500,349,962,1440,11700
2021-02-24T12:00:00Z,14525,331,941,1465,11700
2021-02-24T13:00:00Z,14575,316,917,1485,11700
2021-02-24T14:00:00Z,14625,303,887,1500,11700
2021-02-24T15:00:00Z,14600,294,856,1522,11750
2021-02-24T16:00:00Z,14650,290,832,1530,11800
2021-02-24T17:00:00Z,14725,289,810,1540,11833
2021-02-24T18:00:00Z,14700,290,794,1555,11900
2021-02-24T19:00:00Z,14750,290,773,1578,12075
2021-02-24T20:00:00Z,14800,296,762,1605,12300
2021-02-24T21:00:00Z,14850,307,754,1648,12550
2021-02-24T22:00:00Z,14825,324,747,1705,12925
2021-02-24T23:00:00Z,14825,334,747,1772,13250
2021-02-25T00:00:00Z,14800,341,747,1888,13650
2021-02-25T01:00:00Z,14800,344,747,2045,14050
2021-02-25T02:00:00Z,14900,343,747,2232,14350
2021-02-25T03:00:00Z,14925,345,750,2438,14750
2021-02-25T04:00:00Z,15050,350,760,2655,15050
2021-02-25T05:00:00Z,15125,363,762,2828,15300
2021-02-25T06:00:00Z,15325,369,767,2975,15625
2021-02-25T07:00:00Z,15550,368,777,3102,15825
2021-02-25T08:00:00Z,15725,360,785,3222,15950
2021-02-25T09:00:00Z,15975,355,792,3328,16233
2021-02-25T10:00:00Z,16275,341,792,3432,16467
2021-02-25T11:00:00Z,16500,329,792,3545,16700
2021-02-25T12:00:00Z,16900,317,792,3688,16900
2021-02-25T13:00:00Z,17175,307,792,3935,17050
2021-02-25T14:00:00Z,17575,301,788,4382,17325
2021-02-25T15:00:00Z,17950,296,785,4628,17625
2021-02-25T16:00:00Z,18425,292,777,4800,17900
2021-02-25T17:00:00Z,18800,296,771,4920,18200
2021-02-25T18:00:00Z,19150,297,762,4970,18550
2021-02-25T19:00:00Z,19525,295,756,4965,18925
2021-02-25T20:00:00Z,19925,292,747,4920,19475
2021-02-25T21:00:00Z,20325,287,739,4838,19975
2021-02-25T22:00:00Z,20725,284,732,4730,20550
2021-02-25T23:00:00Z,21025,279,721,4605,21200
2021-02-26T00:00:00Z,21425,278,717,4482,21900
2021-02-26T01:00:00Z,21875,276,714,4360,22600
2021-02-26T02:00:00Z,22300,272,705,4260,23300
2021-02-26T03:00:00Z,22775,272,703,4168,23975
2021-02-26T04:00:00Z,23400,270,696,4095,24675
2021-02-26T05:00:00Z,23875,267,692,4035,25325
2021-02-26T06:00:00Z,24475,268,689,3990,25900
2021-02-26T07:00:00Z,25050,265,689,3965,26425
2021-02-26T08:00:00Z,25650,266,682,3975,26950
2021-02-26T09:00:00Z,26350,259,682,4002,27375
2021-02-26T10:00:00Z,26925,250,677,4055,27875
2021-02-26T11:00:00Z,27600,244,675,4120,28350
2021-02-26T12:00:00Z,28300,238,675,4200,28750
2021-02-26T13:00:00Z,28925,233,675,4260,29150
2021-02-26T14:00:00Z,29550,229,669,4292,29525
2021-02-26T15:00:00Z,30225,227,667,4265,29850
2021-02-26T16:00:00Z,30800,227,660,4218,30200
2021-02-26T17:00:00Z,31250,232,660,4120,30500
2021-02-26T18:00:00Z,31725,237,656,3998,30800
2021-02-26T19:00:00Z,32200,239,653,3850,31050
2021-02-26T20:00:00Z,32675,238,650,3690,31325
2021-02-26T21:00:00Z,33200,234,644,3522,31575
2021-02-26T22:00:00Z,33600,229,639,3355,31775
2021-02-26T23:00:00Z,34100,227,639,3195,31950
2021-02-27T00:00:00Z,34625,228,634,3045,32100
2021-02-27T01:00:00Z,34975,224,632,2912,32150
2021-02-27T02:00:00Z,35425,226,632,2800,32250
2021-02-27T03:00:00Z,35875,226,632,2702,32300
2021-02-27T04:00:00Z,36100,229,632,2625,32325
2021-02-27T05:00:00Z,36450,233,632,2558,32350
2021-02-27T06:00:00Z,36725,241,632,2508,32300
2021-02-27T07:00:00Z,36900,244,632,2462,32225
2021-02-27T08:00:00Z,37050,253,642,2432,32125
2021-02-27T09:00:00Z,37250,265,646,2402,31975
2021-02-27T10:00:00Z,37200,278,653,2382,31825
2021-02-27T11:00:00Z,37375,287,660,2372,31700
2021-02-27T12:00:00Z,37450,294,669,2380,31575
2021-02-27T13:00:00Z,37400,301,677,2398,31425
2021-02-27T14:00:00Z,37350,309,689,2435,31200
2021-02-27T15:00:00Z,37325,318,701,2480,31050
2021-02-27T16:00:00Z,37300,330,710,2545,30900
2021-02-27T17:00:00Z,37300,348,723,2618,30700
2021-02-27T18:00:00Z,37050,366,730,2692,30475
2021-02-27T19:00:00Z,36900,373,743,2760,30300
2021-02-27T20:00:00Z,36825,379,747,2820,30075
2021-02-27T21:00:00Z,36625,376,762,2882,29850
2021-02-27T22:00:00Z,36525,371,769,2932,29675
2021-02-27T23:00:00Z,36425,370,775,2972,29450
2021-02-28T00:00:00Z,36200,370,777,3015,29250
2021-02-28T01:00:00Z,35975,367,777,3082,29075
2021-02-28T02:00:00Z,35750,359,777,3132,28900
2021-02-28T03:00:00Z,35600,352,777,3198,28725
2021-02-28T04:00:00Z,35400,342,777,3270,28500
2021-02-28T05:00:00Z,35250,332,777,3350,28350
2021-02-28T06:00:00Z,35125,326,769,3448,28175
2021-02-28T07:00:00Z,34825,317,762,3530,28050
2021-02-28T08:00:00Z,34675,312,754,3598,27875
2021-02-28T09:00:00Z,34475,304,747,3672,27725
2021-02-28T10:00:00Z,34300,296,736,3720,27575
2021-02-28T11:00:00Z,34125,290,732,3768,27475
2021-02-28T12:00:00Z,33925,286,725,3798,27375
2021-02-28T13:00:00Z,33850,281,719,3820,27300
2021-02-28T14:00:00Z,33700,281,717,3830,27225
2021-02-28T15:00:00Z,33550,281,717,3820,27100
2021-02-28T16:00:00Z,33475,288,717,3802,27025
2021-02-28T17:00:00Z,33500,307,725,3782,27025
2021-02-28T18:00:00Z,33600,347,768,3788,27050
2021-02-28T19:00:00Z,34225,449,895,3848,27300
2021-02-28T20:00:00Z,34800,679,1145,3970,27575
2021-02-28T21:00:00Z,35375,931,1438,4152,28200
2021-02-28T22:00:00Z,36200,1064,1758,4430,28900
2021-02-28T23:00:00Z,37100,1073,2205,4880,29375
2021-03-01T00:00:00Z,38200,1082,2558,5468,29725
2021-03-01T01:00:00Z,39200,1104,2748,6105,29875
2021-03-01T02:00:00Z,40025,1131,2870,6720,29900
2021-03-01T03:00:00Z,40625,1117,3020,7310,29925
2021-03-01T04:00:00Z,41025,1057,3110,7920,29925
2021-03-01T05:00:00Z,41525,969,3165,8505,30000
2021-03-01T06:00:00Z,42225,877,3178,9082,30075
2021-03-01T07:00:00Z,42700,794,3130,9632,30250
2021-03-01T08:00:00Z,43125,738,3032,10150,30475
2021-03-01T09:00:00Z,43550,699,2925,10575,30900
2021-03-01T10:00:00Z,43925,665,2812,10975,31450
2021-03-01T11:00:00Z,44225,641,2718,11300,32275
2021-03-01T12:00:00Z,44475,622,2642,11625,33350
2021-03-01T13:00:00Z,44750,612,2580,11650,34800
2021-03-01T14:00:00Z,44925,607,2530,11575,36500
2021-03-01T15:00:00Z,45425,603,2502,11500,38475
2021-03-01T16:00:00Z,46025,598,2475,11300,40825
2021-03-01T17:00:00Z,46775,590,2458,10825,43375
2021-03-01T18:00:00Z,47525,583,2435,10198,46125
2021-03-01T19:00:00Z,48625,573,2402,9572,49075
2021-03-01T20:00:00Z,49800,562,2370,8925,52150
2021-03-01T21:00:00Z,51300,548,2332,8348,55225
2021-03-01T22:00:00Z,52875,536,2278,7832,58375
2021-03-01T23:00:00Z,55050,525,2238,7408,61450
2021-03-02T00:00:00Z,57125,511,2185,7098,64425
2021-03-02T01:00:00Z,59625,498,2132,6835,67275
2021-03-02T02:00:00Z,62100,488,2085,6650,69900
2021-03-02T03:00:00Z,64575,476,2020,6492,72450
2021-03-02T04:00:00Z,66950,472,1965,6360,74925
2021-03-02T05:00:00Z,70050,462,1882,6230,77175
2021-03-02T06:00:00Z,72350,452,1812,6100,79250
2021-03-02T07:00:00Z,74800,442,1745,5958,81200
2021-03-02T08:00:00Z,77200,430,1690,5800,83075
2021-03-02T09:00:00Z,79600,422,1638,5632,84750
2021-03-02T10:00:00Z,81775,412,1592,5442,86275
2021-03-02T11:00:00Z,84150,400,1558,5262,87650
2021-03-02T12:00:00Z,85875,392,1512,5085,88700
2021-03-02T13:00:00Z,87950,383,1465,4892,89650
2021-03-02T14:00:00Z,89425,375,1428,4738,90300
2021-03-02T15:00:00Z,90600,373,1418,4570,90775
2021-03-02T16:00:00Z,92275,370,1392,4415,90925
2021-03-02T17:00:00Z,93050,371,1368,4280,91050
2021-03-02T18:00:00Z,94500,368,1342,4132,90950
2021-03-02T19:00:00Z,95400,368,1325,4012,90675
2021-03-02T20:00:00Z,96125,363,1308,3892,90200
2021-03-02T21:00:00Z,96825,356,1275,3782,89575
2021-03-02T22:00:00Z,96825,352,1262,3682,88850
2021-03-02T23:00:00Z,97000,350,1245,3580,88000
2021-03-03T00:00:00Z,97075,346,1232,3498,87100
2021-03-03T01:00:00Z,96800,342,1220,3410,86075
2021-03-03T02:00:00Z,96525,339,1192,3332,84975
2021-03-03T03:00:00Z,96025,336,1185,3258,83875
2021-03-03T04:00:00Z,95275,337,1170,3190,82700
2021-03-03T05:00:00Z,94775,334,1162,3130,81475
2021-03-03T06:00:00Z,93975,333,1150,3072,80200
2021-03-03T07:00:00Z,92975,330,1140,3020,79025
2021-03-03T08:00:00Z,92050,320,1130,2975,77725
2021-03-03T09:00:00Z,90950,316,1115,2932,76350
2021-03-03T10:00:00Z,90050,309,1102,2888,75050
2021-03-03T11:00:00Z,88750,302,1088,2855,73725
2021-03-03T12:00:00Z,87550,298,1075,2820,72300
2021-03-03T13:00:00Z,86450,293,1065,2782,71050
2021-03-03T14:00:00Z,85400,290,1055,2758,69650
2021-03-03T15:00:00Z,83900,288,1048,2725,68275
2021-03-03T16:00:00Z,82650,289,1035,2688,66900
2021-03-03T17:00:00Z,81450,293,1028,2655,65575
2021-03-03T18:00:00Z,79900,296,1015,2635,64250
2021-03-03T19:00:00Z,78850,296,1008,2605,62925
2021-03-03T20:00:00Z,77625,296,997,2575,61600
2021-03-03T21:00:00Z,76200,293,994,2545,60350
2021-03-03T22:00:00Z,74950,288,990,2522,59150
2021-03-03T23:00:00Z,73550,289,980,2488,57975
2021-03-04T00:00:00Z,72400,286,976,2462,56875
2021-03-04T01:00:00Z,70900,284,969,2448,55800
2021-03-04T02:00:00Z,69700,282,967,2420,54725
2021-03-04T03:00:00Z,68500,281,965,2398,53675
2021-03-04T04:00:00Z,67175,280,958,2372,52775
2021-03-04T05:00:00Z,66000,286,949,2358,51775
2021-03-04T06:00:00Z,64900,282,939,2338,50875
2021-03-04T07:00:00Z,63600,276,928,2310,50025
2021-03-04T08:00:00Z,62675,270,923,2300,49200
2021-03-04T09:00:00Z,61650,266,910,2285,48400
2021-03-04T10:00:00Z,60525,260,902,2270,47600
2021-03-04T11:00:00Z,59525,253,894,2250,46925
2021-03-04T12:00:00Z,58575,247,885,2240,46200
2021-03-04T13:00:00Z,57700,244,873,2228,45500
2021-03-04T14:00:00Z,56850,240,866,2215,44825
2021-03-04T15:00:00Z,55950,240,858,2195,44200
2021-03-04T16:00:00Z,55250,243,854,2180,43600
2021-03-04T17:00:00Z,54400,247,846,2172,43025
2021-03-04T18:00:00Z,53625,252,840,2160,42450
2021-03-04T19:00:00Z,53000,256,836,2135,41825
2021-03-04T20:00:00Z,52275,255,830,2120,41250
2021-03-04T21:00:00Z,51500,250,824,2100,40775
2021-03-04T22:00:00Z,50650,244,822,2080,40300
2021-03-04T23:00:00Z,50050,246,816,2065,39900
2021-03-05T00:00:00Z,49350,244,812,2052,39375
2021-03-05T01:00:00Z,48850,239,808,2030,38900
2021-03-05T02:00:00Z,48175,238,800,2012,38525
2021-03-05T03:00:00Z,47625,237,792,1978,38075
2021-03-05T04:00:00Z,47000,240,787,1970,37650
2021-03-05T05:00:00Z,46475,243,779,1962,37200
2021-03-05T06:00:00Z,45875,239,773,1948,36825
2021-03-05T07:00:00Z,45425,238,764,1930,36400
2021-03-05T08:00:00Z,44825,235,762,1908,35925
2021-03-05T09:00:00Z,44300,224,754,1890,35550
2021-03-05T10:00:00Z,43850,216,747,1878,35200
2021-03-05T11:00:00Z,43325,210,737,1860,34800
2021-03-05T12:00:00Z,42900,206,732,1850,34425
2021-03-05T13:00:00Z,42500,203,730,1832,33975
2021-03-05T14:00:00Z,41900,199,719,1820,33600
2021-03-05T15:00:00Z,41450,198,717,1808,33300
2021-03-05T16:00:00Z,40975,203,712,1788,32925
2021-03-05T17:00:00Z,40400,207,705,1778,32650
2021-03-05T18:00:00Z,40050,214,703,1768,32250
2021-03-05T19:00:00Z,39625,217,698,1752,31925
2021-03-05T20:00:00Z,39200,214,692,1732,31550
2021-03-05T21:00:00Z,38675,212,689,1720,31150
2021-03-05T22:00:00Z,38250,212,686,1710,30975
2021-03-05T23:00:00Z,37925,211,680,1698,30775
2021-03-06T00:00:00Z,37425,211,675,1685,30475
2021-03-06T01:00:00Z,37125,208,675,1662,30250
2021-03-06T02:00:00Z,36675,207,669,1652,29950
2021-03-06T03:00:00Z,36300,207,667,1645,29675
2021-03-06T04:00:00Z,35900,205,667,1635,29375
2021-03-06T05:00:00Z,35600,203,660,1618,29100
2021-03-06T06:00:00Z,35275,207,660,1605,28925
2021-03-06T07:00:00Z,35000,204,658,1592,28700
2021-03-06T08:00:00Z,34675,200,653,1588,28400
2021-03-06T09:00:00Z,34350,193,650,1568,28150
2021-03-06T10:00:00Z,34000,190,646,1558,27900
2021-03-06T11:00:00Z,33700,186,646,1545,27625
2021-03-06T12:00:00Z,33450,180,639,1532,27375
2021-03-06T13:00:00Z,33150,175,636,1530,27125
2021-03-06T14:00:00Z,32800,171,632,1518,26925
2021-03-06T15:00:00Z,32350,171,632,1505,26675
2021-03-06T16:00:00Z,32175,171,625,1492,26375
2021-03-06T17:00:00Z,31850,175,622,1485,26175
2021-03-06T18:00:00Z,31625,178,618,1480,26000
2021-03-06T19:00:00Z,31425,190,616,1470,25750
2021-03-06T20:00:00Z,31150,197,611,1458,25550
2021-03-06T21:00:00Z,30875,201,611,1450,25325
2021-03-06T22:00:00Z,30600,198,609,1438,25200
2021-03-06T23:00:00Z,30300,198,604,1438,25050
2021-03-07T00:00:00Z,29925,193,604,1425,24775
2021-03-07T01:00:00Z,29675,192,604,1420,24675
2021-03-07T02:00:00Z,29375,189,599,1410,24500
2021-03-07T03:00:00Z,29150,188,597,1398,24350
2021-03-07T04:00:00Z,28825,188,592,1392,24200
2021-03-07T05:00:00Z,28650,187,590,1390,24050
2021-03-07T06:00:00Z,28450,184,584,1378,23900
2021-03-07T07:00:00Z,28225,178,582,1370,23700
2021-03-07T08:00:00Z,28050,182,577,1358,23550
2021-03-07T09:00:00Z,27825,175,575,1350,23400
2021-03-07T10:00:00Z,27550,169,570,1348,23225
2021-03-07T11:00:00Z,27400,166,568,1335,23050
2021-03-07T12:00:00Z,27150,161,561,1322,22850
2021-03-07T13:00:00Z,27025,155,561,1320,22650
2021-03-07T14:00:00Z,26900,152,554,1315,22500
2021-03-07T15:00:00Z,26625,150,550,1305,22300
2021-03-07T16:00:00Z,26450,150,547,1298,22150
2021-03-07T17:00:00Z,26300,153,547,1285,22000
2021-03-07T18:00:00Z,26150,160,545,1280,21800
2021-03-07T19:00:00Z,25875,169,540,1278,21625
2021-03-07T20:00:00Z,25800,174,540,1270,21475
2021-03-07T21:00:00Z,25475,177,538,1260,21275
2021-03-07T22:00:00Z,25350,177,533,1250,21125
2021-03-07T23:00:00Z,25050,181,533,1248,21000
2021-03-08T00:00:00Z,24925,180,533,1228,20875
2021-03-08T01:00:00Z,24650,176,533,1218,20750
2021-03-08T02:00:00Z,24500,171,533,1222,20625
2021-03-08T03:00:00Z,24350,168,530,1220,20550
2021-03-08T04:00:00Z,24150,173,527,1220,20425
2021-03-08T05:00:00Z,23975,170,527,1218,20325
2021-03-08T06:00:00Z,23750,171,520,1205,20200
2021-03-08T07:00:00Z,23625,175,520,1200,20050
2021-03-08T08:00:00Z,23475,168,520,1190,19950
2021-03-08T09:00:00Z,23275,161,520,1188,19850
2021-03-08T10:00:00Z,23150,153,520,1180,19725
2021-03-08T11:00:00Z,22950,150,520,1170,19675
2021-03-08T12:00:00Z,22800,149,516,1160,19600
2021-03-08T13:00:00Z,22675,142,514,1160,19475
2021-03-08T14:00:00Z,22550,140,508,1158,19350
2021-03-08T15:00:00Z,22400,139,508,1152,19250
2021-03-08T16:00:00Z,22250,142,504,1142,19150
2021-03-08T17:00:00Z,22150,147,501,1138,19025
2021-03-08T18:00:00Z,22000,153,496,1130,19000
2021-03-08T19:00:00Z,21875,159,495,1130,18900
2021-03-08T20:00:00Z,21725,161,495,1128,18775
2021-03-08T21:00:00Z,21650,161,489,1118,18650
2021-03-08T22:00:00Z,21450,157,489,1110,18550
2021-03-08T23:00:00Z,21300,161,489,1108,18475
2021-03-09T00:00:00Z,21150,156,488,1092,18400
2021-03-09T01:00:00Z,20975,156,483,1088,18350
2021-03-09T02:00:00Z,20925,156,483,1090,18275
2021-03-09T03:00:00Z,20825,156,483,1100,18200
2021-03-09T04:00:00Z,20650,157,483,1090,18125
2021-03-09T05:00:00Z,20550,161,483,1090,18075
2021-03-09T06:00:00Z,20525,163,483,1082,18000
2021-03-09T07:00:00Z,20350,159,483,1080,17925
2021-03-09T08:00:00Z,20150,156,483,1080,17875
2021-03-09T09:00:00Z,20125,154,483,1075,17800
2021-03-09T10:00:00Z,20025,146,483,1065,17725
2021-03-09T11:00:00Z,19850,142,478,1060,17575
2021-03-09T12:00:00Z,19750,138,477,1060,17450
2021-03-09T13:00:00Z,19700,133,477,1055,17375
2021-03-09T14:00:00Z,19675,133,474,1050,17250
2021-03-09T15:00:00Z,19575,133,471,1048,17025
2021-03-09T16:00:00Z,19500,136,466,1050,16900
2021-03-09T17:00:00Z,19350,140,465,1050,16775
2021-03-09T18:00:00Z,19225,146,465,1048,16625
2021-03-09T19:00:00Z,19200,151,465,1040,16475
2021-03-09T20:00:00Z,19200,151,459,1040,16400
2021-03-09T21:00:00Z,19100,151,459,1038,16300
2021-03-09T22:00:00Z,18950,151,459,1040,16175
2021-03-09T23:00:00Z,18775,152,459,1028,16075
2021-03-10T00:00:00Z,18650,154,459,1025,16000
2021-03-10T01:00:00Z,18550,151,459,1022,15900
2021-03-10T02:00:00Z,18350,147,458,1020,15825
2021-03-10T03:00:00Z,18275,147,454,1020,15775
2021-03-10T04:00:00Z,18175,149,453,1012,15700
2021-03-10T05:00:00Z,18075,156,449,1010,15675
2021-03-10T06:00:00Z,18000,151,449,1010,15575
2021-03-10T07:00:00Z,17800,154,449,1008,15500
2021-03-10T08:00:00Z,17725,154,449,1002,15450
2021-03-10T09:00:00Z,17600,146,449,996,15400
2021-03-10T10:00:00Z,17525,139,449,995,15375
2021-03-10T11:00:00Z,17475,134,443,993,15300
2021-03-10T12:00:00Z,17350,129,443,993,15250
2021-03-10T13:00:00Z,17200,129,443,993,15175
2021-03-10T14:00:00Z,17125,127,438,991,15050
2021-03-10T15:00:00Z,17075,127,438,991,14925
2021-03-10T16:00:00Z,17000,130,438,993,14850
2021-03-10T17:00:00Z,16900,134,438,987,14750
2021-03-10T18:00:00Z,16875,138,436,987,14650
2021-03-10T19:00:00Z,16825,146,433,985,14525
2021-03-10T20:00:00Z,16750,143,430,982,14475
2021-03-10T21:00:00Z,16550,145,428,978,14475
2021-03-10T22:00:00Z,16550,144,428,974,14450
2021-03-10T23:00:00Z,16475,143,428,964,14400
2021-03-11T00:00:00Z,16400,142,428,959,14400
2021-03-11T01:00:00Z,16325,142,428,957,14325
2021-03-11T02:00:00Z,16250,142,428,962,14325
2021-03-11T03:00:00Z,16175,142,428,950,14225
2021-03-11T04:00:00Z,16125,142,428,945,14175
2021-03-11T05:00:00Z,16050,146,428,945,14125
2021-03-11T06:00:00Z,15950,147,428,952,14100
2021-03-11T07:00:00Z,15900,146,426,948,14000
2021-03-11T08:00:00Z,15825,142,418,943,14000
2021-03-11T09:00:00Z,15800,138,418,940,13950
2021-03-11T10:00:00Z,15725,136,418,936,13900
2021-03-11T11:00:00Z,15675,129,418,929,13900
2021-03-11T12:00:00Z,15675,125,418,929,13800
2021-03-11T13:00:00Z,15600,123,418,929,13750
2021-03-11T14:00:00Z,15525,121,418,929,13650
2021-03-11T15:00:00Z,15500,120,413,929,13575
2021-03-11T16:00:00Z,15425,123,413,927,13467
2021-03-11T17:00:00Z,15350,126,413,922,13367
2021-03-11T18:00:00Z,15400,135,413,922,13275
2021-03-11T19:00:00Z,15200,138,412,922,13200
2021-03-11T20:00:00Z,15175,139,408,917,13100
2021-03-11T21:00:00Z,15100,138,408,913,13067
2021-03-11T22:00:00Z,15100,136,408,908,13000
2021-03-11T23:00:00Z,15000,133,408,901,12925
2021-03-12T00:00:00Z,15000,133,408,903,12900
2021-03-12T01:00:00Z,14900,136,408,899,12800
2021-03-12T02:00:00Z,14850,138,408,894,12775
2021-03-12T03:00:00Z,14825,136,408,890,12700
2021-03-12T04:00:00Z,14725,135,408,894,12625
2021-03-12T05:00:00Z,14700,141,408,894,12600
2021-03-12T06:00:00Z,14600,142,404,894,12550
2021-03-12T07:00:00Z,14600,138,403,890,12500
2021-03-12T08:00:00Z,14500,139,403,887,12500
2021-03-12T09:00:00Z,14475,137,403,887,12475
2021-03-12T10:00:00Z,14425,130,398,884,12425
2021-03-12T11:00:00Z,14400,126,397,880,12400
2021-03-12T12:00:00Z,14250,122,397,880,12350
2021-03-12T13:00:00Z,14150,120,397,880,12300
2021-03-12T14:00:00Z,14100,120,397,875,12275
2021-03-12T15:00:00Z,14050,118,397,872,12200
2021-03-12T16:00:00Z,13975,120,394,870,12150
2021-03-12T17:00:00Z,13950,124,392,872,12100
2021-03-12T18:00:00Z,13925,134,392,872,12050
2021-03-12T19:00:00Z,13850,138,391,867,12000
2021-03-12T20:00:00Z,13825,140,387,865,11975
2021-03-12T21:00:00Z,13800,136,387,860,11900
2021-03-12T22:00:00Z,13775,133,387,856,11900
2021-03-12T23:00:00Z,13650,135,387,845,11800
2021-03-13T00:00:00Z,13650,138,387,838,11800
2021-03-13T01:00:00Z,13600,133,387,838,11750
2021-03-13T02:00:00Z,13575,133,387,836,11750
2021-03-13T03:00:00Z,13500,133,387,844,11800
2021-03-13T04:00:00Z,13425,133,387,842,11700
2021-03-13T05:00:00Z,13325,135,387,838,11633
2021-03-13T06:00:00Z,13325,137,387,840,11650
2021-03-13T07:00:00Z,13300,134,384,834,11600
2021-03-13T08:00:00Z,13250,130,381,834,11600
2021-03-13T09:00:00Z,13175,126,381,827,11500
2021-03-13T10:00:00Z,13125,126,381,827,11500
2021-03-13T11:00:00Z,13150,124,380,822,11525
2021-03-13T12:00:00Z,13125,120,376,820,11500
2021-03-13T13:00:00Z,13075,116,376,815,11500
2021-03-13T14:00:00Z,13075,114,376,815,11433
2021-03-13T15:00:00Z,13000,114,376,812,11400
2021-03-13T16:00:00Z,12950,114,372,808,11400
2021-03-13T17:00:00Z,12900,114,371,804,11375
2021-03-13T18:00:00Z,12950,118,368,800,11300
2021-03-13T19:00:00Z,12900,127,366,799,11300
2021-03-13T20:00:00Z,12825,133,366,796,11250
2021-03-13T21:00:00Z,12825,133,366,791,11200
2021-03-13T22:00:00Z,12750,133,366,782,11200
2021-03-13T23:00:00Z,12725,133,361,776,11200
2021-03-14T00:00:00Z,12600,128,361,760,11125
2021-03-14T01:00:00Z,12600,126,361,752,11100
2021-03-14T02:00:00Z,12600,129,360,762,11100
2021-03-14T03:00:00Z,12550,127,355,770,11025
2021-03-14T04:00:00Z,12600,126,355,765,11000
2021-03-14T05:00:00Z,12525,126,355,765,10950
2021-03-14T06:00:00Z,12500,128,355,763,10900
2021-03-14T07:00:00Z,12450,126,355,765,10800
2021-03-14T08:00:00Z,12450,125,355,762,10800
2021-03-14T09:00:00Z,12450,123,354,758,10800
2021-03-14T10:00:00Z,12400,122,350,758,10775
2021-03-14T11:00:00Z,12350,119,350,756,10700
2021-03-14T12:00:00Z,12300,116,350,755,10650
2021-03-14T13:00:00Z,12350,113,350,752,10600
2021-03-14T14:00:00Z,12300,111,345,750,10500
2021-03-14T15:00:00Z,12225,111,345,746,10500
2021-03-14T16:00:00Z,12125,111,345,742,10500
2021-03-14T17:00:00Z,12225,113,345,738,NA
2021-03-14T18:00:00Z,12225,115,345,738,10500
2021-03-14T19:00:00Z,12050,125,345,740,10467
2021-03-14T20:00:00Z,12025,131,344,736,10400
2021-03-14T21:00:00Z,12025,130,342,734,10367
2021-03-14T22:00:00Z,11950,131,340,726,10350
2021-03-14T23:00:00Z,12025,130,340,702,10300
2021-03-15T00:00:00Z,11875,130,340,672,10225
2021-03-15T01:00:00Z,11800,127,340,710,10225
2021-03-15T02:00:00Z,11775,124,340,714,10225
2021-03-15T03:00:00Z,11650,126,340,714,10200
2021-03-15T04:00:00Z,11625,126,340,710,10200
2021-03-15T05:00:00Z,11575,126,334,713,10175
2021-03-15T06:00:00Z,11625,126,334,716,10200
2021-03-15T07:00:00Z,11575,126,334,714,10150
2021-03-15T08:00:00Z,11600,122,334,710,10100
2021-03-15T09:00:00Z,11600,117,333,706,10100
2021-03-15T10:00:00Z,11575,111,329,702,10100
2021-03-15T11:00:00Z,11500,108,324,701,10067
2021-03-15T12:00:00Z,11500,108,324,700,9990
2021-03-15T13:00:00Z,11475,106,324,698,9945
2021-03-15T14:00:00Z,11475,104,324,696,9887
2021-03-15T15:00:00Z,11425,106,320,693,9872
2021-03-15T16:00:00Z,11350,108,319,692,9860
2021-03-15T17:00:00Z,11325,118,315,690,9795
2021-03-15T18:00:00Z,11300,153,314,688,9780
2021-03-15T19:00:00Z,11300,166,314,687,9780
2021-03-15T20:00:00Z,11200,166,314,681,9750
2021-03-15T21:00:00Z,11225,162,314,681,9740
2021-03-15T22:00:00Z,11200,161,314,676,9728
2021-03-15T23:00:00Z,11100,161,314,674,9728
2021-03-16T00:00:00Z,11100,156,314,671,9715
2021-03-16T01:00:00Z,11025,154,312,670,9690
2021-03-16T02:00:00Z,11000,158,310,667,9660
2021-03-16T03:00:00Z,10950,161,310,664,9660
2021-03-16T04:00:00Z,10975,161,310,662,9650
2021-03-16T05:00:00Z,10900,161,310,658,9638
2021-03-16T06:00:00Z,10875,159,310,658,9570
2021-03-16T07:00:00Z,10825,159,310,658,9560
2021-03-16T08:00:00Z,10800,152,310,654,9520
2021-03-16T09:00:00Z,10800,145,310,653,9520
2021-03-16T10:00:00Z,10775,139,310,652,9482
2021-03-16T11:00:00Z,10775,136,310,648,9470
2021-03-16T12:00:00Z,10775,130,310,647,9440
2021-03-16T13:00:00Z,10700,129,310,648,9405
2021-03-16T14:00:00Z,10700,129,310,650,9340
2021-03-16T15:00:00Z,10675,131,310,652,9323
2021-03-16T16:00:00Z,10650,134,310,653,9290
2021-03-16T17:00:00Z,10600,141,310,652,9302
2021-03-16T18:00:00Z,10600,146,310,653,9270
2021-03-16T19:00:00Z,10600,144,310,653,9290
2021-03-16T20:00:00Z,10550,150,310,653,9225
2021-03-16T21:00:00Z,10525,145,310,652,9173
2021-03-16T22:00:00Z,10475,144,310,650,9170
2021-03-16T23:00:00Z,10475,145,310,647,9180
2021-03-17T00:00:00Z,10425,142,310,647,9140
2021-03-17T01:00:00Z,10400,144,310,647,9130
2021-03-17T02:00:00Z,10400,147,310,647,9118
2021-03-17T03:00:00Z,10400,151,310,648,9082
2021-03-17T04:00:00Z,10400,151,310,648,9060
2021-03-17T05:00:00Z,10400,149,310,648,9040
2021-03-17T06:00:00Z,10375,151,310,653,9040
2021-03-17T07:00:00Z,10375,148,310,647,9018
2021-03-17T08:00:00Z,10350,144,310,647,8950
2021-03-17T09:00:00Z,10300,139,310,647,8900
2021-03-17T10:00:00Z,10275,131,310,647,8852
2021-03-17T11:00:00Z,10300,129,310,647,8790
2021-03-17T12:00:00Z,10275,128,310,647,8745
2021-03-17T13:00:00Z,10275,126,310,647,8700
2021-03-17T14:00:00Z,10225,126,310,647,8680
2021-03-17T15:00:00Z,10200,127,310,650,8670
2021-03-17T16:00:00Z,10175,132,310,650,8680
2021-03-17T17:00:00Z,10150,138,310,647,8710
2021-03-17T18:00:00Z,10100,135,310,650,8680
2021-03-17T19:00:00Z,10075,148,310,650,8670
2021-03-17T20:00:00Z,10075,148,310,647,8680
2021-03-17T21:00:00Z,10075,146,310,647,8653
2021-03-17T22:00:00Z,10025,146,310,647,8670
2021-03-17T23:00:00Z,10000,143,310,643,8640
2021-03-18T00:00:00Z,9962,143,310,642,8640
2021-03-18T01:00:00Z,9950,141,310,642,8602
2021-03-18T02:00:00Z,9925,140,310,642,8590
2021-03-18T03:00:00Z,9850,145,310,642,8580
2021-03-18T04:00:00Z,9850,145,310,642,8550
2021-03-18T05:00:00Z,9850,151,310,640,8520
2021-03-18T06:00:00Z,9828,149,310,640,8498
2021-03-18T07:00:00Z,9805,146,310,640,8472
2021-03-18T08:00:00Z,9760,143,310,638,8460
2021-03-18T09:00:00Z,9760,140,310,636,8460
2021-03-18T10:00:00Z,9760,136,310,640,8460
2021-03-18T11:00:00Z,9850,135,312,648,8498
2021-03-18T12:00:00Z,9875,140,314,668,8550
2021-03-18T13:00:00Z,9950,145,324,712,8615
2021-03-18T14:00:00Z,9975,155,326,764,8670
2021-03-18T15:00:00Z,9988,177,336,810,8700
2021-03-18T16:00:00Z,10000,217,341,832,8690
2021-03-18T17:00:00Z,10025,261,351,850,8710
2021-03-18T18:00:00Z,10000,287,356,856,8753
2021-03-18T19:00:00Z,10000,297,366,870,8780
2021-03-18T20:00:00Z,10100,299,380,903,8840
2021-03-18T21:00:00Z,10125,299,391,926,8920
2021-03-18T22:00:00Z,10200,304,400,954,8970
2021-03-18T23:00:00Z,10225,309,408,995,8992
2021-03-19T00:00:00Z,10300,314,416,1035,9005
2021-03-19T01:00:00Z,10375,309,424,1075,8970
2021-03-19T02:00:00Z,10425,304,432,1115,8970
2021-03-19T03:00:00Z,10425,297,438,1155,8950
2021-03-19T04:00:00Z,10450,288,446,1202,8960
2021-03-19T05:00:00Z,10475,277,449,1245,8970
2021-03-19T06:00:00Z,10425,267,459,1288,8992
2021-03-19T07:00:00Z,10575,258,459,1328,8980
2021-03-19T08:00:00Z,10650,246,459,1365,8960
2021-03-19T09:00:00Z,10625,233,452,1408,8950
2021-03-19T10:00:00Z,10750,219,449,1465,8980
2021-03-19T11:00:00Z,10775,210,444,1522,8970
2021-03-19T12:00:00Z,10800,201,439,1595,9018
2021-03-19T13:00:00Z,10850,194,434,1668,9070
2021-03-19T14:00:00Z,10875,190,428,1732,9108
2021-03-19T15:00:00Z,10900,188,420,1825,9150
2021-03-19T16:00:00Z,10825,188,418,1925,9150
2021-03-19T17:00:00Z,10925,193,413,2020,9190
2021-03-19T18:00:00Z,10850,197,409,2098,9225
2021-03-19T19:00:00Z,11000,193,406,2150,9233
2021-03-19T20:00:00Z,10975,188,400,2168,9250
2021-03-19T21:00:00Z,11000,183,397,2160,9280
2021-03-19T22:00:00Z,11000,182,392,2132,9340
2021-03-19T23:00:00Z,11000,179,388,2095,9380
2021-03-20T00:00:00Z,11000,175,387,2048,9448
2021-03-20T01:00:00Z,11000,173,381,1982,9518
2021-03-20T02:00:00Z,11000,170,376,1918,9580
2021-03-20T03:00:00Z,11025,173,376,1855,9650
2021-03-20T04:00:00Z,11100,173,371,1790,9702
2021-03-20T05:00:00Z,11125,171,366,1730,9760
2021-03-20T06:00:00Z,11200,171,364,1668,9792
2021-03-20T07:00:00Z,11300,166,356,1602,9862
2021-03-20T08:00:00Z,11350,163,355,1548,9945
2021-03-20T09:00:00Z,11450,161,350,1500,10025
2021-03-20T10:00:00Z,11550,153,345,1440,10100
2021-03-20T11:00:00Z,11650,146,342,1402,10175
2021-03-20T12:00:00Z,11750,142,338,1360,10225
2021-03-20T13:00:00Z,11800,139,334,1325,10300
2021-03-20T14:00:00Z,11875,138,329,1288,10325
2021-03-20T15:00:00Z,11900,138,326,1258,10400
2021-03-20T16:00:00Z,11925,139,322,1228,10500
2021-03-20T17:00:00Z,12000,144,319,1202,10500
2021-03-20T18:00:00Z,12000,147,319,1178,10500
2021-03-20T19:00:00Z,12075,158,315,1155,10567
2021-03-20T20:00:00Z,12100,160,314,1132,10625
2021-03-20T21:00:00Z,12100,163,314,1110,10700
2021-03-20T22:00:00Z,12100,162,311,1078,10700
2021-03-20T23:00:00Z,12050,160,310,1050,10700
2021-03-21T00:00:00Z,12075,153,310,NA,10725
2021-03-21T01:00:00Z,12075,151,310,NA,10800
2021-03-21T02:00:00Z,12075,150,309,NA,10833
2021-03-21T03:00:00Z,12100,156,305,979,10900
2021-03-21T04:00:00Z,12100,156,305,NA,10933
2021-03-21T05:00:00Z,12050,156,305,NA,10975
2021-03-21T06:00:00Z,12075,154,305,NA,11000
2021-03-21T07:00:00Z,12075,151,305,938,11000
2021-03-21T08:00:00Z,12075,151,305,NA,11000
2021-03-21T09:00:00Z,12100,145,305,NA,11000
2021-03-21T10:00:00Z,12125,141,305,NA,11000
2021-03-21T11:00:00Z,12100,138,301,908,11000
2021-03-21T12:00:00Z,12100,132,300,NA,11000
2021-03-21T13:00:00Z,12125,129,300,NA,10925
2021-03-21T14:00:00Z,12125,129,300,NA,10900
2021-03-21T15:00:00Z,12150,129,300,872,10900
2021-03-21T16:00:00Z,12100,129,296,NA,10850
2021-03-21T17:00:00Z,12100,130,295,NA,10800
2021-03-21T18:00:00Z,12125,135,295,NA,10800
2021-03-21T19:00:00Z,12175,147,295,847,10725
2021-03-21T20:00:00Z,12200,156,295,NA,10700
2021-03-21T21:00:00Z,12125,156,295,NA,10700
2021-03-21T22:00:00Z,12125,156,295,NA,10700
2021-03-21T23:00:00Z,12125,152,295,825,10700
2021-03-22T00:00:00Z,12125,151,295,NA,10650
2021-03-22T01:00:00Z,12100,147,295,NA,10600
2021-03-22T02:00:00Z,12100,146,292,NA,10600
2021-03-22T03:00:00Z,12075,145,291,808,10525
2021-03-22T04:00:00Z,12025,146,291,NA,10500
2021-03-22T05:00:00Z,12025,149,291,NA,10450
2021-03-22T06:00:00Z,12025,154,291,NA,10375
2021-03-22T07:00:00Z,12000,149,291,790,10400
2021-03-22T08:00:00Z,12000,145,291,NA,10325
2021-03-22T09:00:00Z,12000,140,287,NA,10300
2021-03-22T10:00:00Z,11925,136,286,NA,10300
2021-03-22T11:00:00Z,11875,128,286,779,10300
2021-03-22T12:00:00Z,11875,126,286,NA,10300
2021-03-22T13:00:00Z,11800,125,286,NA,10225
2021-03-22T14:00:00Z,11775,124,286,NA,10200
2021-03-22T15:00:00Z,11675,127,286,769,10200
2021-03-22T16:00:00Z,11675,136,286,NA,10175
2021-03-22T17:00:00Z,11600,159,284,NA,10100
2021-03-22T18:00:00Z,11600,166,281,NA,10100
2021-03-22T19:00:00Z,11575,166,281,761,10100
2021-03-22T20:00:00Z,11550,165,281,NA,10067
2021-03-22T21:00:00Z,11500,164,281,NA,10000
2021-03-22T22:00:00Z,11475,166,281,NA,10050
2021-03-22T23:00:00Z,11400,163,281,754,9990
2021-03-23T00:00:00Z,11400,180,281,NA,9978
2021-03-23T01:00:00Z,11400,188,281,NA,9932
2021-03-23T02:00:00Z,11300,189,281,NA,9932
2021-03-23T03:00:00Z,11350,196,281,753,9908
2021-03-23T04:00:00Z,11300,198,281,NA,9850
2021-03-23T05:00:00Z,11300,199,281,NA,9770
2021-03-23T06:00:00Z,11300,197,281,NA,9740
2021-03-23T07:00:00Z,11300,193,281,753,9702
2021-03-23T08:00:00Z,11225,191,278,NA,9638
2021-03-23T09:00:00Z,11200,186,277,NA,9580
2021-03-23T10:00:00Z,11200,177,277,NA,9560
2021-03-23T11:00:00Z,11175,172,277,753,9520
2021-03-23T12:00:00Z,11175,168,277,NA,9482
2021-03-23T13:00:00Z,11100,166,277,NA,9418
2021-03-23T14:00:00Z,11100,167,277,NA,9380
2021-03-23T15:00:00Z,11025,171,277,NA,9350
2021-03-23T16:00:00Z,10975,176,277,752,9292
2021-03-23T17:00:00Z,10950,182,274,750,9217
2021-03-23T18:00:00Z,10925,188,272,746,9095
2021-03-23T19:00:00Z,10900,191,272,746,8930
2021-03-23T20:00:00Z,10875,193,272,743,8927
2021-03-23T21:00:00Z,10800,193,272,738,8997
2021-03-23T22:00:00Z,10725,192,272,736,9030
2021-03-23T23:00:00Z,10675,188,272,737,9043
2021-03-24T00:00:00Z,10625,188,272,738,9105
2021-03-24T01:00:00Z,10575,187,272,738,9270
2021-03-24T02:00:00Z,10525,188,272,737,9405
2021-03-24T03:00:00Z,10525,192,272,740,9382
2021-03-24T04:00:00Z,10500,192,272,737,9292
2021-03-24T05:00:00Z,10425,193,272,736,9200
2021-03-24T06:00:00Z,10400,196,272,734,9140
2021-03-24T07:00:00Z,10300,193,272,728,9082
2021-03-24T08:00:00Z,10300,190,272,728,9030
2021-03-24T09:00:00Z,10200,182,272,728,8992
2021-03-24T10:00:00Z,10225,182,278,725,8980
2021-03-24T11:00:00Z,10200,182,287,736,9050
2021-03-24T12:00:00Z,10225,186,292,750,9018
2021-03-24T13:00:00Z,10275,189,295,797,9005
2021-03-24T14:00:00Z,10375,200,298,837,8980
2021-03-24T15:00:00Z,10725,217,300,838,8980
2021-03-24T16:00:00Z,10925,211,301,824,8970
2021-03-24T17:00:00Z,11300,213,305,810,8980
2021-03-24T18:00:00Z,11625,232,306,812,8960
2021-03-24T19:00:00Z,12050,269,310,821,8940
2021-03-24T20:00:00Z,12525,328,314,832,8913
2021-03-24T21:00:00Z,12725,387,315,844,8875
2021-03-24T22:00:00Z,12550,407,319,858,8830
2021-03-24T23:00:00Z,12275,397,320,877,8745
2021-03-25T00:00:00Z,12150,382,324,898,8638
2021-03-25T01:00:00Z,12100,375,324,922,8580
2021-03-25T02:00:00Z,11950,376,324,946,8540
2021-03-25T03:00:00Z,11775,374,324,974,8520
2021-03-25T04:00:00Z,11650,359,324,1003,8550
2021-03-25T05:00:00Z,11550,340,324,1020,8625
2021-03-25T06:00:00Z,11425,319,324,1030,8722
2021-03-25T07:00:00Z,11350,298,324,NA,8810
2021-03-25T08:00:00Z,11275,281,324,NA,8875
2021-03-25T09:00:00Z,11200,262,324,1110,8920
2021-03-25T10:00:00Z,11175,246,324,NA,8900
2021-03-25T11:00:00Z,11100,231,324,NA,8900
2021-03-25T12:00:00Z,11000,220,324,1240,8850
2021-03-25T13:00:00Z,10975,212,323,NA,8810
2021-03-25T14:00:00Z,10900,208,319,NA,8745
2021-03-25T15:00:00Z,10825,208,318,1380,8720
2021-03-25T16:00:00Z,10775,206,314,1453,8680
2021-03-25T17:00:00Z,10700,206,314,1490,8650
2021-03-25T18:00:00Z,10700,208,314,1528,8628
2021-03-25T19:00:00Z,10700,208,311,1540,8550
2021-03-25T20:00:00Z,10650,206,310,1532,8377
2021-03-25T21:00:00Z,10700,200,310,1520,8277
2021-03-25T22:00:00Z,10700,198,310,1488,8290
2021-03-25T23:00:00Z,10675,193,305,1452,8442
2021-03-26T00:00:00Z,10700,192,305,1418,8700
2021-03-26T01:00:00Z,10700,188,305,1380,8862
2021-03-26T02:00:00Z,10675,190,304,1342,8875
2021-03-26T03:00:00Z,10700,189,300,1312,8790
2021-03-26T04:00:00Z,10675,193,300,1280,8693
2021-03-26T05:00:00Z,10600,188,300,1252,8563
2021-03-26T06:00:00Z,10650,190,300,1228,8485
2021-03-26T07:00:00Z,10600,188,298,1205,8460
2021-03-26T08:00:00Z,10550,182,295,1185,8430
2021-03-26T09:00:00Z,10575,174,295,1162,8420
2021-03-26T10:00:00Z,10575,169,295,1145,8450
2021-03-26T11:00:00Z,10600,162,295,1130,8460
2021-03-26T12:00:00Z,10650,160,295,1115,8485
2021-03-26T13:00:00Z,10650,156,295,1108,8510
2021-03-26T14:00:00Z,10650,156,295,1092,8510
2021-03-26T15:00:00Z,10650,159,295,1085,8460
2021-03-26T16:00:00Z,10750,164,295,1080,8460
2021-03-26T17:00:00Z,10825,174,295,1068,8393
2021-03-26T18:00:00Z,10875,176,295,1060,8360
2021-03-26T19:00:00Z,10675,174,295,1050,8400
2021-03-26T20:00:00Z,10650,174,295,1040,8340
2021-03-26T21:00:00Z,10650,172,295,1030,8308
2021-03-26T22:00:00Z,10725,171,295,1020,8250
2021-03-26T23:00:00Z,10575,166,295,1010,8250
2021-03-27T00:00:00Z,10475,166,292,1002,8270
2021-03-27T01:00:00Z,10375,163,291,998,8250
2021-03-27T02:00:00Z,10300,162,291,989,8250
2021-03-27T03:00:00Z,10225,163,291,983,8260
2021-03-27T04:00:00Z,10175,165,288,974,8290
2021-03-27T05:00:00Z,10125,161,286,969,8280
2021-03-27T06:00:00Z,10100,164,286,964,8270
2021-03-27T07:00:00Z,10100,158,286,955,8250
2021-03-27T08:00:00Z,10075,156,286,948,8250
2021-03-27T09:00:00Z,10050,153,285,940,8250
2021-03-27T10:00:00Z,10075,148,281,931,8210
2021-03-27T11:00:00Z,9988,142,277,924,8210
2021-03-27T12:00:00Z,10000,138,277,918,8185
2021-03-27T13:00:00Z,9950,135,276,910,8160
2021-03-27T14:00:00Z,9950,133,272,904,8120
2021-03-27T15:00:00Z,9850,133,268,899,8093
2021-03-27T16:00:00Z,9850,138,268,894,8078
2021-03-27T17:00:00Z,9850,139,267,889,8050
2021-03-27T18:00:00Z,9805,148,264,884,8035
2021-03-27T19:00:00Z,9805,158,264,875,8027
2021-03-27T20:00:00Z,9782,162,264,867,8002
2021-03-27T21:00:00Z,9735,161,262,856,8028
2021-03-27T22:00:00Z,9710,159,259,850,7970
2021-03-27T23:00:00Z,9710,156,259,845,7950
2021-03-28T00:00:00Z,9638,154,259,840,7950
2021-03-28T01:00:00Z,9570,152,259,834,7930
2021-03-28T02:00:00Z,9570,151,259,827,7900
2021-03-28T03:00:00Z,9545,151,259,822,7910
2021-03-28T04:00:00Z,9545,153,259,816,7900
2021-03-28T05:00:00Z,9570,152,259,813,7870
2021-03-28T06:00:00Z,9470,147,259,806,7870
2021-03-28T07:00:00Z,9470,151,259,802,7860
2021-03-28T08:00:00Z,9425,151,259,799,7830
2021-03-28T09:00:00Z,9402,143,259,796,7818
2021-03-28T10:00:00Z,9380,142,259,792,7818
2021-03-28T11:00:00Z,9472,137,259,794,7840
2021-03-28T12:00:00Z,9520,133,259,792,7792
2021-03-28T13:00:00Z,9732,135,259,794,7830
2021-03-28T14:00:00Z,9925,133,259,798,7805
2021-03-28T15:00:00Z,9950,137,259,802,7770
2021-03-28T16:00:00Z,9950,139,259,808,7780
2021-03-28T17:00:00Z,9850,146,259,810,7780
2021-03-28T18:00:00Z,9850,158,259,810,7780
2021-03-28T19:00:00Z,9850,174,259,812,7740
2021-03-28T20:00:00Z,9828,185,264,816,7720
2021-03-28T21:00:00Z,9782,191,265,824,7687
2021-03-28T22:00:00Z,9772,192,272,842,NA
2021-03-28T23:00:00Z,9760,193,274,868,7603
2021-03-29T00:00:00Z,9852,193,278,917,7638
2021-03-29T01:00:00Z,9962,193,285,940,7652
2021-03-29T02:00:00Z,9930,203,287,943,7690
2021-03-29T03:00:00Z,9735,212,286,945,7713
2021-03-29T04:00:00Z,9925,220,290,957,7650
2021-03-29T05:00:00Z,9950,224,295,980,7660
2021-03-29T06:00:00Z,9975,218,295,1006,7630
2021-03-29T07:00:00Z,10050,216,295,1045,7660
2021-03-29T08:00:00Z,9902,204,300,1082,7650
2021-03-29T09:00:00Z,9808,200,304,1118,NA
2021-03-29T10:00:00Z,9685,203,305,1145,7680
2021-03-29T11:00:00Z,9568,199,305,1168,7680
2021-03-29T12:00:00Z,9470,188,305,1202,7770
2021-03-29T13:00:00Z,9520,180,305,1235,7770
2021-03-29T14:00:00Z,9520,169,305,1272,7762
2021-03-29T15:00:00Z,9472,167,305,1310,7792
2021-03-29T16:00:00Z,9448,167,310,1358,7818
2021-03-29T17:00:00Z,9472,167,310,1412,7813
2021-03-29T18:00:00Z,9495,171,308,1488,7792
2021-03-29T19:00:00Z,9522,168,305,1560,7805
2021-03-29T20:00:00Z,9542,169,305,1628,7780
2021-03-29T21:00:00Z,9495,171,304,1675,7770
2021-03-29T22:00:00Z,9520,166,300,1700,7780
2021-03-29T23:00:00Z,9495,162,296,1700,7780
2021-03-30T00:00:00Z,9470,161,294,1698,7830
2021-03-30T01:00:00Z,9470,159,291,1675,7860
2021-03-30T02:00:00Z,9495,156,287,1635,7920
2021-03-30T03:00:00Z,9495,156,286,1595,7970
2021-03-30T04:00:00Z,9470,160,286,1545,8015
2021-03-30T05:00:00Z,9495,162,282,1498,8070
2021-03-30T06:00:00Z,9520,158,279,1450,8120
2021-03-30T07:00:00Z,9570,156,277,1405,8185
2021-03-30T08:00:00Z,9570,156,272,1360,8230
2021-03-30T09:00:00Z,9570,147,268,1322,8300
2021-03-30T10:00:00Z,9592,142,268,1288,8342
2021-03-30T11:00:00Z,9638,136,265,1258,8400
2021-03-30T12:00:00Z,9660,132,264,1228,8440
2021-03-30T13:00:00Z,9710,129,262,1198,8460
2021-03-30T14:00:00Z,9735,129,259,1175,8450
2021-03-30T15:00:00Z,9782,132,257,1155,8460
2021-03-30T16:00:00Z,9805,137,255,1135,8450
2021-03-30T17:00:00Z,9828,140,252,1130,8440
2021-03-30T18:00:00Z,9912,149,251,1115,8447
2021-03-30T19:00:00Z,9962,148,251,1102,8452
2021-03-30T20:00:00Z,10025,145,251,1080,8485
2021-03-30T21:00:00Z,10000,148,251,1065,8510
2021-03-30T22:00:00Z,10000,146,251,1050,8460
2021-03-30T23:00:00Z,9988,145,251,1035,8460
2021-03-31T00:00:00Z,9988,143,251,1015,8460
2021-03-31T01:00:00Z,9975,142,251,1008,8460
2021-03-31T02:00:00Z,10000,146,251,998,8440
2021-03-31T03:00:00Z,10000,149,251,983,8420
2021-03-31T04:00:00Z,10000,146,251,973,8400
2021-03-31T05:00:00Z,10000,150,251,962,8355
2021-03-31T06:00:00Z,10000,148,248,957,8300
2021-03-31T07:00:00Z,10050,150,247,950,8290
2021-03-31T08:00:00Z,10050,144,247,940,8270
2021-03-31T09:00:00Z,10000,137,247,936,8300
2021-03-31T10:00:00Z,10025,130,247,927,8310
2021-03-31T11:00:00Z,9988,133,247,918,8330
2021-03-31T12:00:00Z,10025,128,247,910,8330
2021-03-31T13:00:00Z,9975,126,247,908,8330
2021-03-31T14:00:00Z,9962,126,244,899,8300
2021-03-31T15:00:00Z,9950,127,242,898,8290
2021-03-31T16:00:00Z,9925,134,242,896,8290
2021-03-31T17:00:00Z,9975,147,244,898,8320
2021-03-31T18:00:00Z,10075,174,247,904,8342
2021-03-31T19:00:00Z,10300,184,249,926,8355
2021-03-31T20:00:00Z,10500,221,252,960,8390
2021-03-31T21:00:00Z,10500,294,256,976,8440
2021-03-31T22:00:00Z,10550,350,259,982,8450
2021-03-31T23:00:00Z,10650,404,264,983,8460
2021-04-01T00:00:00Z,10725,420,267,982,8485
2021-04-01T01:00:00Z,10800,419,271,991,8510
2021-04-01T02:00:00Z,10925,413,278,1005,8530
2021-04-01T03:00:00Z,10975,408,290,1025,8537
2021-04-01T04:00:00Z,11025,402,299,1045,8550
2021-04-01T05:00:00Z,10925,391,313,1062,8638
2021-04-01T06:00:00Z,10900,385,340,1082,8660
2021-04-01T07:00:00Z,11150,392,364,1100,8722
2021-04-01T08:00:00Z,11150,406,402,1118,8768
2021-04-01T09:00:00Z,11325,430,458,1140,8820
2021-04-01T10:00:00Z,11475,480,538,1168,8900
2021-04-01T11:00:00Z,11575,531,611,1190,8960
2021-04-01T12:00:00Z,11800,558,662,1210,8980
2021-04-01T13:00:00Z,11975,558,678,1220,9040
2021-04-01T14:00:00Z,12150,540,686,1230,8980
2021-04-01T15:00:00Z,12225,521,689,1248,8997
2021-04-01T16:00:00Z,12600,508,703,1272,9095
2021-04-01T17:00:00Z,12900,503,724,1305,9205
2021-04-01T18:00:00Z,13250,491,752,1350,9323
2021-04-01T19:00:00Z,13325,469,788,1395,9323
2021-04-01T20:00:00Z,13275,444,826,1432,9405
2021-04-01T21:00:00Z,13325,421,854,1465,9443
2021-04-01T22:00:00Z,13350,396,875,1482,9470
2021-04-01T23:00:00Z,13325,376,889,1500,9460
2021-04-02T00:00:00Z,13375,358,883,1525,9475
2021-04-02T01:00:00Z,13200,343,864,1540,9508
2021-04-02T02:00:00Z,13150,333,840,1570,9550
2021-04-02T03:00:00Z,13225,322,816,1592,9612
2021-04-02T04:00:00Z,13200,311,785,1625,9828
2021-04-02T05:00:00Z,13150,306,758,1650,9887
2021-04-02T06:00:00Z,13125,297,726,1678,9990
2021-04-02T07:00:00Z,13150,290,698,1705,10250
2021-04-02T08:00:00Z,13000,281,676,1720,10467
2021-04-02T09:00:00Z,13000,268,656,1738,10625
2021-04-02T10:00:00Z,13000,257,634,1748,10700
2021-04-02T11:00:00Z,12950,252,618,1760,10750
2021-04-02T12:00:00Z,12900,249,602,1765,10875
2021-04-02T13:00:00Z,12825,240,590,1770,10925
2021-04-02T14:00:00Z,12800,238,573,1760,11050
2021-04-02T15:00:00Z,12800,235,563,1748,11167
2021-04-02T16:00:00Z,12800,236,550,1738,11325
2021-04-02T17:00:00Z,12775,241,545,1728,11467
2021-04-02T18:00:00Z,12775,242,535,1712,11700
2021-04-02T19:00:00Z,13025,242,530,1690,11950
2021-04-02T20:00:00Z,13200,239,522,1662,12100
2021-04-02T21:00:00Z,13175,236,517,1635,12400
2021-04-02T22:00:00Z,13200,239,512,1600,12600
2021-04-02T23:00:00Z,13375,253,508,1575,13000
2021-04-03T00:00:00Z,13375,255,504,1535,13225
2021-04-03T01:00:00Z,13425,255,495,1505,13475
2021-04-03T02:00:00Z,13550,254,495,1480,13667
2021-04-03T03:00:00Z,13650,250,489,1450,13900
2021-04-03T04:00:00Z,13725,254,484,1425,14100
2021-04-03T05:00:00Z,13850,249,483,1395,14250
2021-04-03T06:00:00Z,13975,246,478,1370,14375
2021-04-03T07:00:00Z,14125,245,477,1348,14500
2021-04-03T08:00:00Z,14325,242,471,1322,14600
2021-04-03T09:00:00Z,14550,234,471,1310,14700
2021-04-03T10:00:00Z,14725,231,465,1288,14750
2021-04-03T11:00:00Z,14875,225,460,1270,14800
2021-04-03T12:00:00Z,15050,221,459,1250,14800
2021-04-03T13:00:00Z,15225,218,456,1240,14800
2021-04-03T14:00:00Z,15450,214,449,1222,14850
2021-04-03T15:00:00Z,15600,214,449,1212,14900
2021-04-03T16:00:00Z,15725,218,446,1195,14900
2021-04-03T17:00:00Z,15850,222,443,1188,14875
2021-04-03T18:00:00Z,16000,232,439,1172,14900
2021-04-03T19:00:00Z,16150,235,438,1165,14875
2021-04-03T20:00:00Z,16200,235,438,1155,14850
2021-04-03T21:00:00Z,16275,234,438,1138,14800
2021-04-03T22:00:00Z,16325,235,433,1130,14800
2021-04-03T23:00:00Z,16325,232,433,1118,14800
2021-04-04T00:00:00Z,16325,230,433,1110,14725
2021-04-04T01:00:00Z,16350,226,429,1108,14700
2021-04-04T02:00:00Z,16350,229,428,1100,14700
2021-04-04T03:00:00Z,16375,228,428,1088,14600
2021-04-04T04:00:00Z,16400,224,428,1080,14600
2021-04-04T05:00:00Z,16400,224,423,1080,14500
2021-04-04T06:00:00Z,16375,226,422,1072,14425
2021-04-04T07:00:00Z,16400,222,418,1062,14350
2021-04-04T08:00:00Z,16400,220,418,1060,14300
2021-04-04T09:00:00Z,16325,214,418,1052,14200
2021-04-04T10:00:00Z,16300,209,418,1048,14125
2021-04-04T11:00:00Z,16300,203,418,1040,14100
2021-04-04T12:00:00Z,16275,203,418,1040,14033
2021-04-04T13:00:00Z,16225,204,418,1035,13925
2021-04-04T14:00:00Z,16225,198,416,1030,13800
2021-04-04T15:00:00Z,16075,198,413,1025,13750
2021-04-04T16:00:00Z,16000,200,412,1018,13700
2021-04-04T17:00:00Z,15850,203,408,1010,13625
2021-04-04T18:00:00Z,15825,213,408,1010,13525
2021-04-04T19:00:00Z,15800,224,408,1010,13500
2021-04-04T20:00:00Z,15775,223,408,1010,13400
2021-04-04T21:00:00Z,15775,224,403,1005,13267
2021-04-04T22:00:00Z,15700,224,403,998,13200
2021-04-04T23:00:00Z,15575,224,403,993,13200
2021-04-05T00:00:00Z,15500,218,403,987,13100
2021-04-05T01:00:00Z,15450,213,403,983,13050
2021-04-05T02:00:00Z,15300,213,402,982,13000
2021-04-05T03:00:00Z,15200,209,397,978,12900
2021-04-05T04:00:00Z,15125,213,397,978,12875
2021-04-05T05:00:00Z,15025,214,397,973,12775
2021-04-05T06:00:00Z,14975,214,396,971,12700
2021-04-05T07:00:00Z,14900,209,392,966,12675
2021-04-05T08:00:00Z,14875,210,390,964,12600
2021-04-05T09:00:00Z,14800,203,387,960,12525
2021-04-05T10:00:00Z,14750,193,387,957,12500
2021-04-05T11:00:00Z,14700,193,386,950,12425
2021-04-05T12:00:00Z,14625,191,381,945,12375
2021-04-05T13:00:00Z,14575,186,378,943,12300
2021-04-05T14:00:00Z,14525,173,376,940,12225
2021-04-05T15:00:00Z,14475,168,376,936,12200
2021-04-05T16:00:00Z,14400,163,372,936,12125
2021-04-05T17:00:00Z,14250,154,370,929,12000
2021-04-05T18:00:00Z,14200,150,366,922,12000
2021-04-05T19:00:00Z,14200,145,366,920,11875
2021-04-05T20:00:00Z,14150,142,366,915,11875
2021-04-05T21:00:00Z,14025,141,366,913,11800
2021-04-05T22:00:00Z,13950,141,362,908,11750
2021-04-05T23:00:00Z,13875,142,361,904,11700
2021-04-06T00:00:00Z,13775,138,361,901,11700
2021-04-06T01:00:00Z,13675,138,361,899,11650
2021-04-06T02:00:00Z,13575,141,361,898,11600
2021-04-06T03:00:00Z,13550,142,361,899,11600
2021-04-06T04:00:00Z,13475,142,361,898,11525
2021-04-06T05:00:00Z,13475,142,361,894,11500
2021-04-06T06:00:00Z,13400,143,356,894,11450
2021-04-06T07:00:00Z,13325,140,355,885,11400
2021-04-06T08:00:00Z,13275,138,355,878,11400
2021-04-06T09:00:00Z,13200,132,355,873,11350
2021-04-06T10:00:00Z,13200,126,355,867,11300
2021-04-06T11:00:00Z,13150,124,352,864,11250
2021-04-06T12:00:00Z,13100,121,350,860,11200
2021-04-06T13:00:00Z,13100,120,350,860,11100
2021-04-06T14:00:00Z,12900,120,350,855,11100
2021-04-06T15:00:00Z,12900,122,345,853,11025
2021-04-06T16:00:00Z,12900,123,345,848,11000
2021-04-06T17:00:00Z,12825,131,345,848,10875
2021-04-06T18:00:00Z,12775,137,340,845,10825
2021-04-06T19:00:00Z,12775,139,340,840,10825
2021-04-06T20:00:00Z,12725,134,340,837,10700
2021-04-06T21:00:00Z,12650,132,340,834,10700
2021-04-06T22:00:00Z,12600,131,340,834,10700
2021-04-06T23:00:00Z,12550,133,340,830,10700
2021-04-07T00:00:00Z,12500,132,340,830,10675
2021-04-07T01:00:00Z,12450,129,338,827,10700
2021-04-07T02:00:00Z,12400,130,334,824,10675
2021-04-07T03:00:00Z,12400,131,334,821,10625
2021-04-07T04:00:00Z,12300,137,334,821,10650
2021-04-07T05:00:00Z,12300,138,334,818,10675
2021-04-07T06:00:00Z,12225,138,334,815,10600
2021-04-07T07:00:00Z,12150,132,334,810,10600
2021-04-07T08:00:00Z,12125,130,334,808,10575
2021-04-07T09:00:00Z,12100,127,334,804,10525
2021-04-07T10:00:00Z,12025,121,329,800,10475
2021-04-07T11:00:00Z,12000,117,329,798,10400
2021-04-07T12:00:00Z,11975,117,324,796,10325
2021-04-07T13:00:00Z,11900,114,324,791,10250
2021-04-07T14:00:00Z,11900,115,323,789,10175
2021-04-07T15:00:00Z,11900,116,319,789,10100
2021-04-07T16:00:00Z,11825,120,319,788,10100
2021-04-07T17:00:00Z,11850,126,319,783,10050
2021-04-07T18:00:00Z,11875,132,318,783,9980
2021-04-07T19:00:00Z,11825,130,314,782,9978
2021-04-07T20:00:00Z,11800,129,314,777,9920
2021-04-07T21:00:00Z,11775,128,314,774,9860
2021-04-07T22:00:00Z,11700,126,314,771,9818
2021-04-07T23:00:00Z,11650,128,314,771,9792
2021-04-08T00:00:00Z,11600,127,314,770,9780
2021-04-08T01:00:00Z,11600,126,314,765,9770
2021-04-08T02:00:00Z,11500,127,314,770,9770
2021-04-08T03:00:00Z,11450,128,314,765,9770
2021-04-08T04:00:00Z,11425,132,314,766,9740
2021-04-08T05:00:00Z,11350,133,312,765,9728
2021-04-08T06:00:00Z,11275,133,310,765,9690
2021-04-08T07:00:00Z,11200,132,310,765,9670
2021-04-08T08:00:00Z,11200,129,310,762,9625
2021-04-08T09:00:00Z,11150,124,310,762,9570
2021-04-08T10:00:00Z,11150,120,310,763,9560
2021-04-08T11:00:00Z,11100,116,310,758,9560
2021-04-08T12:00:00Z,11075,114,310,758,9508
2021-04-08T13:00:00Z,11100,112,306,758,9450
2021-04-08T14:00:00Z,11000,111,305,752,9405
2021-04-08T15:00:00Z,10950,113,305,748,9315
2021-04-08T16:00:00Z,10950,117,305,746,9225
2021-04-08T17:00:00Z,10875,122,305,742,9190
2021-04-08T18:00:00Z,10850,129,305,742,9160
2021-04-08T19:00:00Z,10875,126,301,743,9150
2021-04-08T20:00:00Z,10800,126,300,737,9120
2021-04-08T21:00:00Z,10775,124,300,734,9040
2021-04-08T22:00:00Z,10750,122,300,728,9057
2021-04-08T23:00:00Z,10725,122,300,725,9057
2021-04-09T00:00:00Z,10700,124,298,722,9040
2021-04-09T01:00:00Z,10625,123,295,720,9018
2021-04-09T02:00:00Z,10600,123,295,716,9040
2021-04-09T03:00:00Z,10600,123,295,714,9060
2021-04-09T04:00:00Z,10600,124,295,710,9030
2021-04-09T05:00:00Z,10500,126,295,710,9018
2021-04-09T06:00:00Z,10500,126,295,707,8992
2021-04-09T07:00:00Z,10525,126,302,712,8982
2021-04-09T08:00:00Z,10575,133,313,722,9062
2021-04-09T09:00:00Z,10775,137,332,740,9070
2021-04-09T10:00:00Z,11050,138,348,800,9120
2021-04-09T11:00:00Z,11100,140,367,850,9108
2021-04-09T12:00:00Z,11000,164,376,865,9082
2021-04-09T13:00:00Z,11000,188,386,847,9070
2021-04-09T14:00:00Z,11000,209,398,824,9070
2021-04-09T15:00:00Z,11075,216,412,812,9050
2021-04-09T16:00:00Z,11100,208,424,808,9030
2021-04-09T17:00:00Z,11100,211,434,813,9030
2021-04-09T18:00:00Z,11175,212,438,815,8992
2021-04-09T19:00:00Z,11200,206,443,827,9018
2021-04-09T20:00:00Z,11200,203,450,847,8980
2021-04-09T21:00:00Z,11150,198,464,853,8970
2021-04-09T22:00:00Z,11200,194,476,848,8960
2021-04-09T23:00:00Z,11225,187,492,847,8940
2021-04-10T00:00:00Z,11300,181,501,840,8930
2021-04-10T01:00:00Z,11250,177,510,840,8940
2021-04-10T02:00:00Z,11275,176,514,840,8930
2021-04-10T03:00:00Z,11225,174,511,840,8930
2021-04-10T04:00:00Z,11225,175,503,840,8930
2021-04-10T05:00:00Z,11200,172,489,840,8910
2021-04-10T06:00:00Z,11175,166,480,836,8910
2021-04-10T07:00:00Z,11125,159,470,834,8875
2021-04-10T08:00:00Z,11100,153,460,834,8862
2021-04-10T09:00:00Z,11100,150,449,830,8850
2021-04-10T10:00:00Z,11025,145,442,830,8830
2021-04-10T11:00:00Z,11025,140,437,830,8810
2021-04-10T12:00:00Z,11000,133,429,830,8820
2021-04-10T13:00:00Z,10950,130,424,829,8790
2021-04-10T14:00:00Z,10900,128,418,829,8735
2021-04-10T15:00:00Z,10900,129,414,829,8582
2021-04-10T16:00:00Z,10850,129,408,827,8550
2021-04-10T17:00:00Z,10800,131,408,824,8570
2021-04-10T18:00:00Z,10800,140,404,821,8582
2021-04-10T19:00:00Z,10800,144,398,820,8680
2021-04-10T20:00:00Z,10750,150,397,820,8853
2021-04-10T21:00:00Z,10700,150,393,815,8940
2021-04-10T22:00:00Z,10625,146,391,815,8992
2021-04-10T23:00:00Z,10625,142,387,812,8950
2021-04-11T00:00:00Z,10600,142,387,808,8920
2021-04-11T01:00:00Z,10600,138,387,808,8900
2021-04-11T02:00:00Z,10550,138,387,808,8900
2021-04-11T03:00:00Z,10500,138,376,808,8850
2021-04-11T04:00:00Z,10400,138,378,808,8850
2021-04-11T05:00:00Z,10425,142,381,810,8910
2021-04-11T06:00:00Z,10400,142,381,816,8920
2021-04-11T07:00:00Z,10450,140,387,844,8900
2021-04-11T08:00:00Z,10500,141,387,898,8913
2021-04-11T09:00:00Z,10525,138,387,926,8950
2021-04-11T10:00:00Z,10600,141,388,943,8970
2021-04-11T11:00:00Z,10650,142,394,980,9005
2021-04-11T12:00:00Z,10700,142,398,1022,9040
2021-04-11T13:00:00Z,10775,146,406,1050,9070
2021-04-11T14:00:00Z,10775,152,409,1098,9095
2021-04-11T15:00:00Z,10900,159,418,1170,9118
2021-04-11T16:00:00Z,10875,164,427,1270,9150
2021-04-11T17:00:00Z,11025,168,433,1445,9200
2021-04-11T18:00:00Z,11000,184,452,1680,9263
2021-04-11T19:00:00Z,11000,193,472,1882,9323
2021-04-11T20:00:00Z,11000,193,500,2052,9382
2021-04-11T21:00:00Z,10925,191,533,2165,9462
2021-04-11T22:00:00Z,10925,186,575,2230,9560
2021-04-11T23:00:00Z,10950,182,620,2275,9760
2021-04-12T00:00:00Z,11025,178,653,2360,9890
2021-04-12T01:00:00Z,11075,169,669,2535,10100
2021-04-12T02:00:00Z,11125,172,675,2755,10350
2021-04-12T03:00:00Z,11175,176,671,2965,10625
2021-04-12T04:00:00Z,11200,186,660,3185,10950
2021-04-12T05:00:00Z,11250,202,644,3448,11475
2021-04-12T06:00:00Z,11350,210,628,3680,12275
2021-04-12T07:00:00Z,11425,205,613,3848,13600
2021-04-12T08:00:00Z,11525,189,592,3932,15525
2021-04-12T09:00:00Z,11675,182,575,3932,17725
2021-04-12T10:00:00Z,11850,175,559,3868,19850
2021-04-12T11:00:00Z,12050,169,549,3735,21850
2021-04-12T12:00:00Z,12325,167,536,3575,23675
2021-04-12T13:00:00Z,12575,164,530,3372,25200
2021-04-12T14:00:00Z,12825,161,520,3175,26400
2021-04-12T15:00:00Z,13300,161,517,2982,27275
2021-04-12T16:00:00Z,13775,159,508,2815,27875
2021-04-12T17:00:00Z,14475,161,503,2658,28450
2021-04-12T18:00:00Z,15625,192,496,2528,28900
2021-04-12T19:00:00Z,17275,208,495,2420,29275
2021-04-12T20:00:00Z,19475,209,490,2340,29675
2021-04-12T21:00:00Z,22025,213,489,2278,30300
2021-04-12T22:00:00Z,24450,212,483,2270,31375
2021-04-12T23:00:00Z,26475,214,483,2285,32875
2021-04-13T00:00:00Z,28300,214,477,2338,34475
2021-04-13T01:00:00Z,29775,219,477,2372,36150
2021-04-13T02:00:00Z,30900,235,477,2380,37775
2021-04-13T03:00:00Z,31900,252,477,2378,39050
2021-04-13T04:00:00Z,32800,280,474,2355,40225
2021-04-13T05:00:00Z,33650,325,471,2305,41150
2021-04-13T06:00:00Z,34600,360,471,2245,42000
2021-04-13T07:00:00Z,35850,366,471,2185,42700
2021-04-13T08:00:00Z,37400,356,466,2128,43275
2021-04-13T09:00:00Z,39025,343,465,2075,43675
2021-04-13T10:00:00Z,40600,330,465,2025,43850
2021-04-13T11:00:00Z,42200,314,465,1972,43925
2021-04-13T12:00:00Z,43750,300,465,1930,43850
2021-04-13T13:00:00Z,44925,287,465,1885,43550
2021-04-13T14:00:00Z,46150,279,465,1845,43300
2021-04-13T15:00:00Z,47075,270,465,1810,42875
2021-04-13T16:00:00Z,47775,265,465,1775,42375
2021-04-13T17:00:00Z,48375,265,459,1750,41825
2021-04-13T18:00:00Z,48575,258,459,1720,41225
2021-04-13T19:00:00Z,48850,255,459,1692,40650
2021-04-13T20:00:00Z,48900,247,459,1670,40100
2021-04-13T21:00:00Z,48800,244,449,1645,39525
2021-04-13T22:00:00Z,48600,239,449,1618,38900
2021-04-13T23:00:00Z,48200,234,449,1590,38325
2021-04-14T00:00:00Z,47800,229,449,1570,37675
2021-04-14T01:00:00Z,47200,224,438,1548,37075
2021-04-14T02:00:00Z,46750,225,438,1528,36525
2021-04-14T03:00:00Z,46175,224,438,1510,36000
2021-04-14T04:00:00Z,45550,224,434,1485,35450
2021-04-14T05:00:00Z,44900,224,433,1475,34925
2021-04-14T06:00:00Z,44250,221,429,1450,34375
2021-04-14T07:00:00Z,43750,219,428,1435,33800
2021-04-14T08:00:00Z,42950,212,426,1415,33300
2021-04-14T09:00:00Z,42350,203,423,1395,32800
2021-04-14T10:00:00Z,41700,200,422,1385,32300
2021-04-14T11:00:00Z,41150,193,418,1365,31825
2021-04-14T12:00:00Z,40500,187,418,1352,31350
2021-04-14T13:00:00Z,39750,187,418,1342,30950
2021-04-14T14:00:00Z,39175,188,418,1325,30450
2021-04-14T15:00:00Z,38700,190,413,1320,30050
2021-04-14T16:00:00Z,38075,196,413,1312,29650
2021-04-14T17:00:00Z,37550,199,413,1300,29275
2021-04-14T18:00:00Z,36975,203,413,1292,28925
2021-04-14T19:00:00Z,36425,206,413,1280,28525
2021-04-14T20:00:00Z,35900,206,413,1280,28150
2021-04-14T21:00:00Z,35425,208,413,1275,27800
2021-04-14T22:00:00Z,34875,214,413,1265,27425
2021-04-14T23:00:00Z,34500,214,418,1258,27175
2021-04-15T00:00:00Z,34075,216,418,1250,26925
2021-04-15T01:00:00Z,33700,224,420,1250,26675
2021-04-15T02:00:00Z,33325,235,427,1250,26450
2021-04-15T03:00:00Z,32925,250,436,1250,26200
2021-04-15T04:00:00Z,32500,261,439,1250,25975
2021-04-15T05:00:00Z,32175,272,449,1248,25675
2021-04-15T06:00:00Z,31875,276,459,1240,25425
2021-04-15T07:00:00Z,31600,272,471,1232,25175
2021-04-15T08:00:00Z,31300,269,480,1230,24900
2021-04-15T09:00:00Z,30975,261,486,1222,24650
2021-04-15T10:00:00Z,30650,250,492,1220,24400
2021-04-15T11:00:00Z,30450,243,500,1220,24200
2021-04-15T12:00:00Z,30100,237,508,1220,23925
2021-04-15T13:00:00Z,29925,232,517,1220,23650
2021-04-15T14:00:00Z,29525,229,528,1220,23450
2021-04-15T15:00:00Z,29225,228,538,1220,23250
2021-04-15T16:00:00Z,28950,230,554,1212,23050
2021-04-15T17:00:00Z,28625,235,563,1202,22825
2021-04-15T18:00:00Z,28350,235,575,1200,22625
2021-04-15T19:00:00Z,28150,230,575,1190,22475
2021-04-15T20:00:00Z,27875,225,575,1190,22375
2021-04-15T21:00:00Z,27525,219,570,1178,22200
2021-04-15T22:00:00Z,27275,219,559,1172,22100
2021-04-15T23:00:00Z,26975,216,549,1165,21975
2021-04-16T00:00:00Z,26700,213,538,1160,21875
2021-04-16T01:00:00Z,26400,208,532,1160,21750
2021-04-16T02:00:00Z,26175,213,522,1152,21650
2021-04-16T03:00:00Z,25900,213,512,1145,21525
2021-04-16T04:00:00Z,25675,211,506,1140,21350
2021-04-16T05:00:00Z,25450,212,495,1130,21225
2021-04-16T06:00:00Z,25200,208,489,1128,21200
2021-04-16T07:00:00Z,25100,206,483,1115,21150
2021-04-16T08:00:00Z,24800,202,476,1110,21100
2021-04-16T09:00:00Z,24675,196,471,1108,21025
2021-04-16T10:00:00Z,24500,190,465,1092,20950
2021-04-16T11:00:00Z,24350,184,459,1085,20825
2021-04-16T12:00:00Z,24125,179,455,1080,20700
2021-04-16T13:00:00Z,24050,177,449,1072,20575
2021-04-16T14:00:00Z,23850,177,449,1062,20450
2021-04-16T15:00:00Z,23700,180,443,1060,20300
2021-04-16T16:00:00Z,23675,185,443,1058,20175
2021-04-16T17:00:00Z,23625,188,438,1045,20000
2021-04-16T18:00:00Z,23475,190,438,1040,19900
2021-04-16T19:00:00Z,23225,196,433,1038,19775
2021-04-16T20:00:00Z,23075,197,433,1030,19675
2021-04-16T21:00:00Z,23000,193,428,1020,19600
2021-04-16T22:00:00Z,22975,196,428,1010,19550
2021-04-16T23:00:00Z,22775,193,423,1010,19450
2021-04-17T00:00:00Z,22675,193,423,1008,19350
2021-04-17T01:00:00Z,22550,189,418,998,19300
2021-04-17T02:00:00Z,22325,187,418,995,19225
2021-04-17T03:00:00Z,22225,192,418,985,19100
2021-04-17T04:00:00Z,22050,193,418,980,19025
2021-04-17T05:00:00Z,21825,193,418,976,19000
2021-04-17T06:00:00Z,21725,191,417,969,19000
2021-04-17T07:00:00Z,21475,188,413,964,18900
2021-04-17T08:00:00Z,21375,184,413,959,18875
2021-04-17T09:00:00Z,21300,182,413,950,18800
2021-04-17T10:00:00Z,21150,177,409,946,18700
2021-04-17T11:00:00Z,21050,168,408,943,18650
2021-04-17T12:00:00Z,20975,166,408,936,18550
2021-04-17T13:00:00Z,20900,162,408,932,18500
2021-04-17T14:00:00Z,20825,161,404,927,18425
2021-04-17T15:00:00Z,20800,163,403,924,18375
2021-04-17T16:00:00Z,20700,166,402,922,18325
2021-04-17T17:00:00Z,20575,171,397,917,18225
2021-04-17T18:00:00Z,20525,180,397,913,18200
2021-04-17T19:00:00Z,20450,191,397,908,18150
2021-04-17T20:00:00Z,20350,188,397,908,18100
2021-04-17T21:00:00Z,20200,188,397,904,18025
2021-04-17T22:00:00Z,20100,188,397,896,17950
2021-04-17T23:00:00Z,20050,188,397,890,17925
2021-04-18T00:00:00Z,20000,182,397,887,17900
2021-04-18T01:00:00Z,19800,181,397,880,17825
2021-04-18T02:00:00Z,19750,185,387,878,17775
2021-04-18T03:00:00Z,19700,184,387,873,17675
2021-04-18T04:00:00Z,19667,182,387,870,17600
2021-04-18T05:00:00Z,19600,182,387,867,17550
2021-04-18T06:00:00Z,19525,182,387,867,17500
2021-04-18T07:00:00Z,19400,180,386,860,17400
2021-04-18T08:00:00Z,19350,176,381,855,17400
2021-04-18T09:00:00Z,19250,172,381,852,17325
2021-04-18T10:00:00Z,19200,168,381,847,17275
2021-04-18T11:00:00Z,19100,161,377,842,17100
2021-04-18T12:00:00Z,19100,157,376,840,17025
2021-04-18T13:00:00Z,19000,156,376,840,16925
2021-04-18T14:00:00Z,18900,155,376,836,16850
2021-04-18T15:00:00Z,18775,156,371,834,16775
2021-04-18T16:00:00Z,18700,157,371,827,16600
2021-04-18T17:00:00Z,18700,159,368,827,16600
2021-04-18T18:00:00Z,18600,147,366,824,16475
2021-04-18T19:00:00Z,18550,141,366,822,16425
2021-04-18T20:00:00Z,18450,134,366,816,16350
2021-04-18T21:00:00Z,18300,128,366,815,16225
2021-04-18T22:00:00Z,18200,126,366,808,16175
2021-04-18T23:00:00Z,18125,124,366,805,16075
2021-04-19T00:00:00Z,18050,121,366,800,16000
2021-04-19T01:00:00Z,17950,118,366,798,15950
2021-04-19T02:00:00Z,17825,115,365,798,15900
2021-04-19T03:00:00Z,17700,113,361,796,15800
2021-04-19T04:00:00Z,17600,115,361,796,15725
2021-04-19T05:00:00Z,17525,114,361,798,15650
2021-04-19T06:00:00Z,17400,113,361,796,15575
2021-04-19T07:00:00Z,17350,111,361,791,15500
2021-04-19T08:00:00Z,17175,107,356,789,15450
2021-04-19T09:00:00Z,17150,106,355,783,15400
2021-04-19T10:00:00Z,17050,102,355,782,15300
2021-04-19T11:00:00Z,17000,98,355,777,15250
2021-04-19T12:00:00Z,16900,96,355,776,15200
2021-04-19T13:00:00Z,16875,95,355,771,15175
2021-04-19T14:00:00Z,16800,95,355,765,15075
2021-04-19T15:00:00Z,16800,98,355,762,15000
2021-04-19T16:00:00Z,16600,102,350,758,15000
2021-04-19T17:00:00Z,16600,103,350,758,15000
2021-04-19T18:00:00Z,16500,107,346,752,14950
2021-04-19T19:00:00Z,16450,110,345,752,14900
2021-04-19T20:00:00Z,16325,109,345,752,14900
2021-04-19T21:00:00Z,16325,106,345,749,14875
2021-04-19T22:00:00Z,16250,106,345,746,14825
2021-04-19T23:00:00Z,16175,106,345,746,14850
2021-04-20T00:00:00Z,16125,106,345,746,14800
2021-04-20T01:00:00Z,16100,104,345,740,14800
2021-04-20T02:00:00Z,15950,106,345,740,14775
2021-04-20T03:00:00Z,15950,108,345,738,14700
2021-04-20T04:00:00Z,15900,108,345,736,14700
2021-04-20T05:00:00Z,15800,108,340,734,14600
2021-04-20T06:00:00Z,15800,110,334,728,14575
2021-04-20T07:00:00Z,15750,108,334,728,14500
2021-04-20T08:00:00Z,15700,105,334,722,14450
2021-04-20T09:00:00Z,15700,103,334,718,14400
2021-04-20T10:00:00Z,15700,99,334,716,14325
2021-04-20T11:00:00Z,15650,95,334,714,14275
2021-04-20T12:00:00Z,15600,93,334,710,14200
2021-04-20T13:00:00Z,15575,93,334,710,14075
2021-04-20T14:00:00Z,15550,93,329,710,14000
2021-04-20T15:00:00Z,15500,95,326,710,13950
2021-04-20T16:00:00Z,15475,98,324,708,13900
2021-04-20T17:00:00Z,15425,102,322,710,13875
2021-04-20T18:00:00Z,15425,104,319,710,13800
2021-04-20T19:00:00Z,15300,104,319,712,13700
2021-04-20T20:00:00Z,15350,104,319,708,13600
2021-04-20T21:00:00Z,15250,102,316,706,13600
2021-04-20T22:00:00Z,15150,102,314,704,13500
2021-04-20T23:00:00Z,15075,102,314,702,13450
2021-04-21T00:00:00Z,15000,102,314,697,13400
2021-04-21T01:00:00Z,14975,104,314,694,13275
2021-04-21T02:00:00Z,14875,104,314,690,13175
2021-04-21T03:00:00Z,14825,103,314,687,13075
2021-04-21T04:00:00Z,14750,103,311,686,12950
2021-04-21T05:00:00Z,14700,106,310,682,12800
2021-04-21T06:00:00Z,14600,106,310,681,12675
2021-04-21T07:00:00Z,14550,104,310,675,12575
2021-04-21T08:00:00Z,14525,100,310,675,12500
2021-04-21T09:00:00Z,14500,100,310,675,12350
2021-04-21T10:00:00Z,14400,96,310,671,12225
2021-04-21T11:00:00Z,14200,92,310,670,12125
2021-04-21T12:00:00Z,14200,90,305,667,12025
2021-04-21T13:00:00Z,14100,89,305,662,11950
2021-04-21T14:00:00Z,14075,89,305,660,11825
2021-04-21T15:00:00Z,14050,92,305,658,11575
2021-04-21T16:00:00Z,13975,95,305,656,11625
2021-04-21T17:00:00Z,13775,98,305,657,11425
2021-04-21T18:00:00Z,13700,110,300,656,11375
2021-04-21T19:00:00Z,13575,133,296,652,11225
2021-04-21T20:00:00Z,13500,136,295,650,11150
2021-04-21T21:00:00Z,13550,136,295,644,11025
2021-04-21T22:00:00Z,13525,133,295,643,11025
2021-04-21T23:00:00Z,13375,133,295,639,11050
2021-04-22T00:00:00Z,13275,132,295,636,11000
2021-04-22T01:00:00Z,13125,131,295,631,11000
2021-04-22T02:00:00Z,13000,132,295,631,10925
2021-04-22T03:00:00Z,12800,135,295,631,10825
2021-04-22T04:00:00Z,12775,136,295,628,10850
2021-04-22T05:00:00Z,12600,138,295,628,10825
2021-04-22T06:00:00Z,12550,138,295,625,10800
2021-04-22T07:00:00Z,12475,136,295,625,10775
2021-04-22T08:00:00Z,12400,131,295,625,10775
2021-04-22T09:00:00Z,12300,127,295,621,10700
2021-04-22T10:00:00Z,12275,123,291,619,10700
2021-04-22T11:00:00Z,12175,119,288,616,10675
2021-04-22T12:00:00Z,12125,116,286,615,10600
2021-04-22T13:00:00Z,12075,115,286,612,10525
2021-04-22T14:00:00Z,11975,114,284,609,10525
2021-04-22T15:00:00Z,11925,118,281,609,10300
2021-04-22T16:00:00Z,11850,122,281,609,10325
2021-04-22T17:00:00Z,11950,127,280,604,10225
2021-04-22T18:00:00Z,11850,129,277,603,10175
2021-04-22T19:00:00Z,11775,131,277,600,10068
2021-04-22T20:00:00Z,11825,128,273,596,10042
2021-04-22T21:00:00Z,11675,128,272,595,9980
2021-04-22T22:00:00Z,11675,128,272,593,9978
2021-04-22T23:00:00Z,11550,126,272,589,9992
2021-04-23T00:00:00Z,11500,128,272,584,9985
