date,lfalls,seneca,goose,monoc_jug,por
2020-07-18 0:00,196.115,21,6,44,711
2020-07-18 1:00,192.115,20,6,44,717
2020-07-18 2:00,185.115,20,6,44,725
2020-07-18 3:00,185.115,20,6,43,729
2020-07-18 4:00,171.115,20,6,43,731
2020-07-18 5:00,161.115,20,6,43,736
2020-07-18 6:00,154.115,20,6,42,736
2020-07-18 7:00,150.115,21,6,42,739
2020-07-18 8:00,143.115,21,6,41,743
2020-07-18 9:00,136.115,21,6,41,736
2020-07-18 10:00,136.115,20,6,41,736
2020-07-18 11:00,133.115,19,6,41,736
2020-07-18 12:00,126.115,18,6,40,732
2020-07-18 13:00,126.115,17,6,40,728
2020-07-18 14:00,108.115,17,6,40,723
2020-07-18 15:00,112.115,17,6,39,719
2020-07-18 16:00,108.115,17,6,39,717
2020-07-18 17:00,97.115,18,6,39,717
2020-07-18 18:00,97.115,18,6,40,714
2020-07-18 19:00,97.115,21,6,40,705
2020-07-18 20:00,90.115,22,6,41,701
2020-07-18 21:00,90.115,23,6,41,703
2020-07-18 22:00,90.115,22,6,40,703
2020-07-18 23:00,83.115,24,6,40,703
2020-07-19 0:00,83.115,23,6,40,705
2020-07-19 1:00,83.115,22,6,40,711
2020-07-19 2:00,87.115,22,6,40,715
2020-07-19 3:00,90.115,20,6,40,717
2020-07-19 4:00,97.115,20,6,40,723
2020-07-19 5:00,97.115,20,6,40,725
2020-07-19 6:00,94.115,19,6,40,725
2020-07-19 7:00,97.115,19,6,40,725
2020-07-19 8:00,97.115,18,6,39,725
2020-07-19 9:00,97.115,18,6,39,729
2020-07-19 10:00,97.115,17,6,39,731
2020-07-19 11:00,97.115,16,6,39,736
2020-07-19 12:00,97.115,15,6,39,743
2020-07-19 13:00,100.115,15,6,39,753
2020-07-19 14:00,100.115,14,6,40,765
2020-07-19 15:00,97.115,14,6,41,771
2020-07-19 16:00,97.115,14,6,41,787
2020-07-19 17:00,103.115,15,6,42,802
2020-07-19 18:00,94.115,15,6,43,816
2020-07-19 19:00,87.115,18,6,43,825
2020-07-19 20:00,83.115,19,6,44,832
2020-07-19 21:00,83.115,20,6,45,844
2020-07-19 22:00,87.115,24,6,45,844
2020-07-19 23:00,83.115,25,6,44,853
2020-07-20 0:00,80.115,24,6,44,858
2020-07-20 1:00,80.115,24,6,43,865
2020-07-20 2:00,80.115,24,6,43,865
2020-07-20 3:00,83.115,24,6,42,865
2020-07-20 4:00,76.115,24,6,41,862
2020-07-20 5:00,76.115,25,5,41,862
2020-07-20 6:00,69.115,24,5,41,854
2020-07-20 7:00,76.115,24,5,41,850
2020-07-20 8:00,83.115,24,5,40,846
2020-07-20 9:00,80.115,23,5,39,839
2020-07-20 10:00,83.115,22,5,39,834
2020-07-20 11:00,87.115,21,5,38,826
2020-07-20 12:00,87.115,20,5,38,823
2020-07-20 13:00,97.115,19,5,38,811
2020-07-20 14:00,100.115,19,5,38,800
2020-07-20 15:00,80.115,19,5,37,794
2020-07-20 16:00,73.115,20,5,37,784
2020-07-20 17:00,80.115,20,5,37,778
2020-07-20 18:00,87.115,22,5,38,774
2020-07-20 19:00,97.115,22,5,38,763
2020-07-20 20:00,136.115,24,5,38,759
2020-07-20 21:00,154.115,23,5,38,759
2020-07-20 22:00,164.115,23,5,38,748
2020-07-20 23:00,171.115,22,5,37,745
2020-07-21 0:00,189.115,22,5,36,743
2020-07-21 1:00,199.115,22,5,36,739
2020-07-21 2:00,210.115,21,5,36,736
2020-07-21 3:00,210.115,22,5,35,736
2020-07-21 4:00,206.115,22,5,35,732
2020-07-21 5:00,210.115,23,5,35,731
2020-07-21 6:00,210.115,23,5,35,728
2020-07-21 7:00,210.115,23,5,34,725
2020-07-21 8:00,210.115,23,5,34,721
2020-07-21 9:00,210.115,22,5,34,717
2020-07-21 10:00,217.115,21,5,34,713
2020-07-21 11:00,224.115,20,5,34,711
2020-07-21 12:00,234.115,19,5,34,703
2020-07-21 13:00,227.115,18,5,33,699
2020-07-21 14:00,220.115,18,5,33,689
2020-07-21 15:00,213.115,18,5,33,683
2020-07-21 16:00,210.115,19,5,33,679
2020-07-21 17:00,199.115,20,5,33,675
2020-07-21 18:00,192.115,21,5,34,670
2020-07-21 19:00,189.115,22,5,34,662
2020-07-21 20:00,178.115,22,5,34,658
2020-07-21 21:00,178.115,22,5,34,658
2020-07-21 22:00,175.115,22,5,34,658
2020-07-21 23:00,168.115,23,5,33,658
2020-07-22 0:00,164.115,22,5,33,658
2020-07-22 1:00,178.115,22,5,33,658
2020-07-22 2:00,203.115,22,5,34,664
2020-07-22 3:00,192.115,23,5,34,664
2020-07-22 4:00,203.115,22,5,34,664
2020-07-22 5:00,252.115,24,5,36,668
2020-07-22 6:00,248.115,24,5,37,672
2020-07-22 7:00,213.115,23,5,38,672
2020-07-22 8:00,196.115,23,5,37,666
2020-07-22 9:00,199.115,22,5,37,662
2020-07-22 10:00,220.115,21,5,37,657
2020-07-22 11:00,234.115,20,5,37,650
2020-07-22 12:00,227.115,19,5,36,641
2020-07-22 13:00,206.115,18,5,36,634
2020-07-22 14:00,189.115,18,5,36,623
2020-07-22 15:00,175.115,18,5,36,616
2020-07-22 16:00,161.115,19,5,36,609
2020-07-22 17:00,150.115,20,5,36,605
2020-07-22 18:00,140.115,20,5,36,602
2020-07-22 19:00,133.115,22,5,38,629
2020-07-22 20:00,164.115,26,6,38,642
2020-07-22 21:00,331.115,27,6,40,653
2020-07-22 22:00,808.115,27,6,40,658
2020-07-22 23:00,794.115,30,6,40,658
2020-07-23 0:00,699.115,34,6,41,661
2020-07-23 1:00,699.115,67,7,42,666
2020-07-23 2:00,826.115,101,9,43,672
2020-07-23 3:00,906.115,96,38,43,675
2020-07-23 4:00,873.115,90,59,43,678
2020-07-23 5:00,822.115,82,57,44,683
2020-07-23 6:00,780.115,72,49,44,687
2020-07-23 7:00,771.115,64,40,44,697
2020-07-23 8:00,739.115,57,34,44,703
2020-07-23 9:00,680.115,50,30,44,714
2020-07-23 10:00,611.115,44,27,44,725
2020-07-23 11:00,561.115,39,25,43,735
2020-07-23 12:00,506.115,36,24,43,744
2020-07-23 13:00,472.115,34,22,43,764
2020-07-23 14:00,444.115,33,21,43,781
2020-07-23 15:00,421.115,32,20,44,790
2020-07-23 16:00,404.115,32,19,46,795
2020-07-23 17:00,389.115,32,18,47,798
2020-07-23 18:00,377.115,32,17,47,798
2020-07-23 19:00,365.115,31,17,46,798
2020-07-23 20:00,355.115,31,18,47,794
2020-07-23 21:00,355.115,31,18,47,790
2020-07-23 22:00,346.115,31,18,47,784
2020-07-23 23:00,338.115,30,17,47,821
2020-07-24 0:00,342.115,29,17,48,858
2020-07-24 1:00,355.115,30,17,49,883
2020-07-24 2:00,339.115,30,16,55,904
2020-07-24 3:00,342.115,30,16,63,935
2020-07-24 4:00,355.115,31,16,68,955
2020-07-24 5:00,342.115,32,15,67,946
2020-07-24 6:00,338.115,32,15,66,923
2020-07-24 7:00,338.115,33,15,64,902
2020-07-24 8:00,366.115,33,15,60,885
2020-07-24 9:00,436.115,32,16,59,874
2020-07-24 10:00,498.115,32,18,57,871
2020-07-24 11:00,548.115,32,22,56,871
2020-07-24 12:00,548.115,32,26,55,872
2020-07-24 13:00,544.115,32,30,56,876
2020-07-24 14:00,531.115,34,33,57,883
2020-07-24 15:00,514.115,36,36,58,889
2020-07-24 16:00,535.115,38,40,59,893
2020-07-24 17:00,561.115,41,45,60,893
2020-07-24 18:00,565.115,41,51,61,899
2020-07-24 19:00,565.115,39,52,62,907
2020-07-24 20:00,565.115,36,50,63,911
2020-07-24 21:00,573.115,35,46,64,920
2020-07-24 22:00,590.115,34,43,62,924
2020-07-24 23:00,619.115,33,40,60,924
2020-07-25 0:00,649.115,31,37,59,924
2020-07-25 1:00,694.115,31,35,58,924
2020-07-25 2:00,712.115,30,34,57,928
2020-07-25 3:00,707.115,30,32,56,934
2020-07-25 4:00,694.115,63,31,55,946
2020-07-25 5:00,677.115,91,30,54,955
2020-07-25 6:00,659.115,84,29,53,960
2020-07-25 7:00,645.115,75,29,53,963
2020-07-25 8:00,649.115,67,27,53,969
2020-07-25 9:00,663.115,59,26,52,963
2020-07-25 10:00,649.115,52,25,54,960
2020-07-25 11:00,632.115,45,24,59,958
2020-07-25 12:00,619.115,39,24,64,953
2020-07-25 13:00,598.115,35,23,69,946
2020-07-25 14:00,603.115,32,22,72,938
2020-07-25 15:00,598.115,30,22,74,936
2020-07-25 16:00,598.115,29,22,74,928
2020-07-25 17:00,598.115,29,21,73,922
2020-07-25 18:00,594.115,29,21,72,913
2020-07-25 19:00,590.115,29,21,70,920
2020-07-25 20:00,582.115,29,21,69,918
2020-07-25 21:00,577.115,29,21,67,924
2020-07-25 22:00,565.115,28,22,66,932
2020-07-25 23:00,565.115,31,22,65,940
2020-07-26 0:00,552.115,33,22,64,954
2020-07-26 1:00,548.115,35,22,63,965
2020-07-26 2:00,540.115,34,22,62,973
2020-07-26 3:00,540.115,34,22,61,988
2020-07-26 4:00,531.115,33,21,60,997
2020-07-26 5:00,531.115,34,21,59,1006
2020-07-26 6:00,556.115,34,20,58,1016
2020-07-26 7:00,586.115,33,20,57,1026
2020-07-26 8:00,611.115,32,19,56,1037
2020-07-26 9:00,611.115,31,19,55,1053
2020-07-26 10:00,586.115,30,18,55,1072
2020-07-26 11:00,565.115,29,18,54,1095
2020-07-26 12:00,540.115,29,17,54,1112
2020-07-26 13:00,523.115,28,17,53,1131
2020-07-26 14:00,502.115,27,17,53,1151
2020-07-26 15:00,485.115,27,16,53,1168
2020-07-26 16:00,481.115,27,16,52,1182
2020-07-26 17:00,481.115,28,15,52,1196
2020-07-26 18:00,485.115,29,15,51,1203
2020-07-26 19:00,477.115,30,15,51,1207
2020-07-26 20:00,485.115,31,15,51,1221
2020-07-26 21:00,481.115,32,14,50,1226
2020-07-26 22:00,481.115,32,14,50,1238
2020-07-26 23:00,493.115,30,14,49,1240
2020-07-27 0:00,498.115,28,14,48,1249
2020-07-27 1:00,498.115,27,14,48,1253
2020-07-27 2:00,498.115,27,13,48,1257
2020-07-27 3:00,510.115,27,13,48,1257
2020-07-27 4:00,514.115,26,13,48,1266
2020-07-27 5:00,514.115,26,13,48,1257
2020-07-27 6:00,523.115,27,13,48,1257
2020-07-27 7:00,531.115,27,13,48,1257
2020-07-27 8:00,531.115,27,12,48,1257
2020-07-27 9:00,544.115,25,12,47,1249
2020-07-27 10:00,548.115,25,12,47,1247
2020-07-27 11:00,561.115,24,12,47,1238
2020-07-27 12:00,573.115,23,11,47,1228
2020-07-27 13:00,586.115,22,11,47,1215
2020-07-27 14:00,593.115,21,11,47,1205
2020-07-27 15:00,598.115,20,11,48,1201
2020-07-27 16:00,615.115,20,11,50,1197
2020-07-27 17:00,611.115,21,11,51,1193
2020-07-27 18:00,632.115,22,10,52,1187
2020-07-27 19:00,640.115,22,10,53,1187
2020-07-27 20:00,659.115,23,10,53,1182
2020-07-27 21:00,668.115,22,10,54,1180
2020-07-27 22:00,685.115,22,10,53,1172
2020-07-27 23:00,685.115,22,10,53,1165
2020-07-28 0:00,677.115,22,10,52,1168
2020-07-28 1:00,668.115,22,10,51,1168
2020-07-28 2:00,668.115,22,10,50,1168
2020-07-28 3:00,668.115,22,10,50,1170
2020-07-28 4:00,649.115,22,10,50,1174
2020-07-28 5:00,649.115,22,9,48,1168
2020-07-28 6:00,645.115,23,9,48,1163
2020-07-28 7:00,636.115,23,9,48,1155
2020-07-28 8:00,619.115,22,9,48,1138
2020-07-28 9:00,615.115,21,9,47,1123
2020-07-28 10:00,615.115,20,9,46,1103
2020-07-28 11:00,603.115,20,9,46,1086
2020-07-28 12:00,598.115,18,9,45,1072
2020-07-28 13:00,598.115,18,8,45,1060
2020-07-28 14:00,598.115,17,8,45,1056
2020-07-28 15:00,586.115,18,8,45,1053
2020-07-28 16:00,586.115,18,8,45,1043
2020-07-28 17:00,590.115,20,8,46,1043
2020-07-28 18:00,598.115,20,8,47,1035
2020-07-28 19:00,590.115,21,8,46,1030
2020-07-28 20:00,603.115,21,8,46,1016
2020-07-28 21:00,598.115,23,8,45,1019
2020-07-28 22:00,603.115,24,8,44,1014
2020-07-28 23:00,594.115,24,8,43,1002
2020-07-29 0:00,582.115,23,8,43,991
2020-07-29 1:00,586.115,23,8,43,983
2020-07-29 2:00,577.115,24,8,43,973
2020-07-29 3:00,556.115,24,8,43,959
2020-07-29 4:00,548.115,24,8,43,951
2020-07-29 5:00,544.115,23,8,42,934
2020-07-29 6:00,531.115,23,8,42,920
2020-07-29 7:00,527.115,24,7,42,906
2020-07-29 8:00,514.115,24,7,41,895
2020-07-29 9:00,514.115,22,7,41,881
2020-07-29 10:00,510.115,21,7,41,870
2020-07-29 11:00,493.115,21,7,41,858
2020-07-29 12:00,481.115,20,7,40,846
2020-07-29 13:00,468.115,19,7,40,836
2020-07-29 14:00,456.115,18,7,40,828
2020-07-29 15:00,447.115,17,7,39,822
2020-07-29 16:00,440.115,17,7,40,816
2020-07-29 17:00,429.115,17,7,40,812
2020-07-29 18:00,416.115,17,7,40,808
2020-07-29 19:00,416.115,18,7,40,806
2020-07-29 20:00,416.115,18,7,41,798
2020-07-29 21:00,412.115,18,7,41,798
2020-07-29 22:00,404.115,17,7,40,798
2020-07-29 23:00,396.115,17,7,40,797
2020-07-30 0:00,381.115,18,7,39,792
2020-07-30 1:00,377.115,19,7,39,792
2020-07-30 2:00,373.115,20,6,39,786
2020-07-30 3:00,358.115,19,6,39,781
2020-07-30 4:00,351.115,20,6,39,774
2020-07-30 5:00,338.115,20,6,39,767
2020-07-30 6:00,324.115,20,6,38,760
2020-07-30 7:00,320.115,20,6,38,753
2020-07-30 8:00,311.115,20,6,38,748
2020-07-30 9:00,300.115,19,6,38,743
2020-07-30 10:00,290.115,18,6,37,734
2020-07-30 11:00,283.115,17,6,37,729
2020-07-30 12:00,275.115,16,6,37,721
2020-07-30 13:00,259.115,15,6,37,714
2020-07-30 14:00,248.115,15,6,37,703
2020-07-30 15:00,244.115,15,6,37,697
2020-07-30 16:00,227.115,16,6,37,693
2020-07-30 17:00,224.115,17,6,37,692
2020-07-30 18:00,220.115,18,6,37,683
2020-07-30 19:00,220.115,19,6,37,683
2020-07-30 20:00,217.115,19,6,37,683
2020-07-30 21:00,217.115,19,6,36,682
2020-07-30 22:00,210.115,19,6,36,683
2020-07-30 23:00,206.115,19,6,36,685
2020-07-31 0:00,217.115,19,6,36,685
2020-07-31 1:00,224.115,20,6,36,683
2020-07-31 2:00,217.115,22,6,35,692
2020-07-31 3:00,203.115,30,6,35,692
2020-07-31 4:00,203.115,37,6,35,696
2020-07-31 5:00,206.115,33,6,35,701
2020-07-31 6:00,217.115,30,6,35,703
2020-07-31 7:00,220.115,31,6,35,703
2020-07-31 8:00,231.115,35,6,35,705
2020-07-31 9:00,231.115,35,7,35,703
2020-07-31 10:00,231.115,32,7,35,703
2020-07-31 11:00,234.115,31,7,35,699
2020-07-31 12:00,245.115,30,7,35,697
2020-07-31 13:00,274.115,30,8,36,696
2020-07-31 14:00,311.115,30,8,36,693
2020-07-31 15:00,311.115,34,8,36,683
2020-07-31 16:00,331.115,33,8,37,679
2020-07-31 17:00,331.115,32,9,38,678
2020-07-31 18:00,324.115,34,9,38,676
2020-07-31 19:00,327.115,37,9,39,670
2020-07-31 20:00,335.115,36,10,40,672
2020-07-31 21:00,342.115,33,10,40,672
2020-07-31 22:00,355.115,32,10,40,670
2020-07-31 23:00,365.115,31,10,40,664
2020-08-01 0:00,369.115,30,10,40,664
2020-08-01 1:00,369.115,29,10,40,664
2020-08-01 2:00,369.115,28,10,41,658
2020-08-01 3:00,369.115,28,10,43,654
2020-08-01 4:00,365.115,28,11,43,652
2020-08-01 5:00,358.115,27,11,43,644
2020-08-01 6:00,355.115,27,11,42,638
2020-08-01 7:00,346.115,26,11,42,636
2020-08-01 8:00,327.115,25,11,42,633
2020-08-01 9:00,324.115,24,11,41,633
2020-08-01 10:00,316.115,23,11,40,633
2020-08-01 11:00,304.115,22,11,39,633
2020-08-01 12:00,297.115,21,11,39,633
2020-08-01 13:00,286.115,20,10,39,634
2020-08-01 14:00,279.115,19,10,38,638
2020-08-01 15:00,262.115,19,10,38,640
2020-08-01 16:00,252.115,19,10,38,646
2020-08-01 17:00,245.115,20,10,38,650
2020-08-01 18:00,231.115,20,10,39,654
2020-08-01 19:00,220.115,22,10,41,658
2020-08-01 20:00,217.115,23,9,41,659
2020-08-01 21:00,213.115,24,9,41,661
2020-08-01 22:00,192.115,26,9,41,662
2020-08-01 23:00,192.115,28,9,40,668
2020-08-02 0:00,189.115,27,9,41,668
2020-08-02 1:00,178.115,27,9,41,672
2020-08-02 2:00,178.115,26,9,41,672
2020-08-02 3:00,178.115,26,9,42,673
2020-08-02 4:00,171.115,25,9,43,673
2020-08-02 5:00,164.115,23,9,43,672
2020-08-02 6:00,164.115,22,9,44,672
2020-08-02 7:00,150.115,21,9,44,676
2020-08-02 8:00,150.115,21,9,44,678
2020-08-02 9:00,150.115,20,9,43,678
2020-08-02 10:00,143.115,19,9,43,678
2020-08-02 11:00,136.115,18,9,42,683
2020-08-02 12:00,136.115,17,9,42,683
2020-08-02 13:00,129.115,17,9,42,683
2020-08-02 14:00,129.115,16,9,42,683
2020-08-02 15:00,127.115,16,9,42,683
2020-08-02 16:00,133.115,16,9,42,687
2020-08-02 17:00,122.115,17,10,42,689
2020-08-02 18:00,129.115,18,10,43,692
2020-08-02 19:00,122.115,20,10,43,692
2020-08-02 20:00,129.115,21,10,45,689
2020-08-02 21:00,126.115,21,10,46,689
2020-08-02 22:00,122.115,22,10,48,696
2020-08-02 23:00,119.115,22,10,50,699
2020-08-03 0:00,122.115,21,10,52,703
2020-08-03 1:00,115.115,21,10,52,703
2020-08-03 2:00,112.115,22,10,52,703
2020-08-03 3:00,122.115,22,10,53,701
2020-08-03 4:00,122.115,22,10,52,703
2020-08-03 5:00,122.115,21,10,52,709
2020-08-03 6:00,126.115,22,10,51,715
2020-08-03 7:00,126.115,22,10,50,725
2020-08-03 8:00,122.115,21,10,49,745
2020-08-03 9:00,119.115,21,10,48,764
2020-08-03 10:00,112.115,20,10,47,792
2020-08-03 11:00,108.115,19,10,47,830
2020-08-03 12:00,108.115,18,10,47,880
2020-08-03 13:00,108.115,17,10,47,931
2020-08-03 14:00,108.115,17,10,48,986
2020-08-03 15:00,106.115,17,10,51,1033
2020-08-03 16:00,108.115,17,10,61,1070
2020-08-03 17:00,108.115,18,9,74,1093
2020-08-03 18:00,115.115,19,9,88,1116
2020-08-03 19:00,122.115,20,9,97,1128
2020-08-03 20:00,140.115,20,9,100,1136
2020-08-03 21:00,164.115,21,9,100,1145
2020-08-03 22:00,255.115,22,10,99,1142
2020-08-03 23:00,241.115,23,10,97,1149
2020-08-04 0:00,231.115,24,10,98,1151
2020-08-04 1:00,220.115,24,10,99,1153
2020-08-04 2:00,224.115,26,10,97,1159
2020-08-04 3:00,234.115,32,10,95,1161
2020-08-04 4:00,238.115,37,10,92,1159
2020-08-04 5:00,241.115,41,10,90,1157
2020-08-04 6:00,248.115,39,10,89,1147
2020-08-04 7:00,271.115,36,10,88,1138
2020-08-04 8:00,308.115,34,10,88,1123
2020-08-04 9:00,358.115,32,10,87,1114
2020-08-04 10:00,436.115,34,11,87,1101
2020-08-04 11:00,565.115,37,12,89,1095
2020-08-04 12:00,791.115,53,14,94,1100
2020-08-04 13:00,1275.115,98,16,107,1134
2020-08-04 14:00,1919.115,157,18,127,1151
2020-08-04 15:00,2164.115,218,20,151,1163
2020-08-04 16:00,2213.115,286,23,164,1190
2020-08-04 17:00,2153.115,324,25,162,1200
2020-08-04 18:00,2272.115,340,27,152,1217
2020-08-04 19:00,2444.115,344,29,142,1236
2020-08-04 20:00,2549.115,329,32,135,1253
2020-08-04 21:00,2570.115,288,39,132,1266
2020-08-04 22:00,2570.115,241,45,132,1266
2020-08-04 23:00,2577.115,204,48,134,1253
2020-08-05 0:00,2521.115,179,48,135,1247
2020-08-05 1:00,2430.115,157,46,136,1245
2020-08-05 2:00,2272.115,138,44,136,1249
2020-08-05 3:00,2113.115,122,42,137,1249
2020-08-05 4:00,1976.115,110,41,139,1243
2020-08-05 5:00,1854.115,100,41,142,1234
2020-08-05 6:00,1755.115,92,41,145,1232
2020-08-05 7:00,1675.115,83,40,147,1226
2020-08-05 8:00,1580.115,77,39,149,1224
2020-08-05 9:00,1508.115,70,38,152,1224
2020-08-05 10:00,1427.115,64,36,155,1230
2020-08-05 11:00,1388.115,59,36,165,1232
2020-08-05 12:00,1347.115,55,36,188,1236
2020-08-05 13:00,1347.115,51,36,226,1240
2020-08-05 14:00,1340.115,48,37,269,1247
2020-08-05 15:00,1310.115,46,37,300,1251
2020-08-05 16:00,1296.115,49,38,311,1249
2020-08-05 17:00,1270.115,53,37,307,1257
2020-08-05 18:00,1254.115,52,36,295,1251
2020-08-05 19:00,1237.115,50,35,281,1249
2020-08-05 20:00,1209.115,48,34,265,1249
2020-08-05 21:00,1187.115,45,32,248,1249
2020-08-05 22:00,1156.115,43,31,232,1240
2020-08-05 23:00,1128.115,42,30,218,1240
2020-08-06 0:00,1107.115,40,29,205,1240
2020-08-06 1:00,1088.115,39,28,194,1240
2020-08-06 2:00,1058.115,38,27,184,1240
2020-08-06 3:00,1034.115,38,26,176,1240
2020-08-06 4:00,995.115,38,25,169,1234
2020-08-06 5:00,975.115,38,24,163,1232
2020-08-06 6:00,999.115,36,24,158,1232
2020-08-06 7:00,985.115,35,24,153,1232
2020-08-06 8:00,990.115,35,24,149,1240
2020-08-06 9:00,1125.115,34,23,144,1240
2020-08-06 10:00,1171.115,33,23,139,1240
2020-08-06 11:00,1156.115,32,22,136,1232
2020-08-06 12:00,1172.115,34,22,131,1230
2020-08-06 13:00,1172.115,33,22,127,1221
2020-08-06 14:00,1198.115,35,22,123,1217
2020-08-06 15:00,1186.115,38,21,119,1215
2020-08-06 16:00,1198.115,39,21,115,1207
2020-08-06 17:00,1209.115,39,21,112,1209
2020-08-06 18:00,1214.115,39,21,109,1217
2020-08-06 19:00,1226.115,38,21,106,1232
2020-08-06 20:00,1220.115,37,20,104,1253
2020-08-06 21:00,1209.115,36,20,101,1282
2020-08-06 22:00,1203.115,36,20,99,1320
2020-08-06 23:00,1186.115,36,20,99,1341
2020-08-07 0:00,1172.115,35,21,103,1352
2020-08-07 1:00,1167.115,34,21,105,1354
2020-08-07 2:00,1144.115,34,20,107,1387
2020-08-07 3:00,1128.115,35,20,116,1387
2020-08-07 4:00,1107.115,35,21,144,1362
2020-08-07 5:00,1083.115,35,34,192,1396
2020-08-07 6:00,1068.115,34,120,212,1702
2020-08-07 7:00,1049.115,34,623,206,1987
2020-08-07 8:00,1058.115,34,936,192,2091
2020-08-07 9:00,1078.115,33,1032,178,2118
2020-08-07 10:00,1093.115,32,993,167,2162
2020-08-07 11:00,1161.115,30,853,158,2201
2020-08-07 12:00,1382.115,29,636,149,2166
2020-08-07 13:00,1744.115,29,387,141,2059
2020-08-07 14:00,2067.115,28,273,134,1912
2020-08-07 15:00,2234.115,28,216,130,1756
2020-08-07 16:00,2283.115,29,184,129,1597
2020-08-07 17:00,2318.115,30,161,131,1469
2020-08-07 18:00,2339.115,30,144,134,1394
2020-08-07 19:00,2360.115,30,131,134,1352
2020-08-07 20:00,2388.115,30,119,134,1324
2020-08-07 21:00,2416.115,30,109,141,1299
2020-08-07 22:00,2409.115,29,101,204,1282
2020-08-07 23:00,2395.115,29,94,286,1274
2020-08-08 0:00,2353.115,29,89,312,1266
2020-08-08 1:00,2332.115,29,84,318,1255
2020-08-08 2:00,2276.115,29,80,309,1245
2020-08-08 3:00,2207.115,28,77,291,1240
2020-08-08 4:00,2119.115,29,73,269,1238
2020-08-08 5:00,2034.115,29,70,249,1236
2020-08-08 6:00,1931.115,29,66,230,1238
2020-08-08 7:00,1829.115,28,63,213,1249
2020-08-08 8:00,1706.115,27,60,199,1257
2020-08-08 9:00,1627.115,27,57,187,1257
2020-08-08 10:00,1543.115,26,55,176,1253
2020-08-08 11:00,1478.115,25,53,167,1240
2020-08-08 12:00,1405.115,25,50,159,1224
2020-08-08 13:00,1330.115,24,48,153,1205
2020-08-08 14:00,1270.115,24,47,147,1194
2020-08-08 15:00,1216.115,24,45,142,1184
2020-08-08 16:00,1166.115,24,44,137,1178
2020-08-08 17:00,1133.115,25,42,132,1174
2020-08-08 18:00,1097.115,26,41,127,1159
2020-08-08 19:00,1073.115,27,40,124,1151
2020-08-08 20:00,1063.115,27,39,120,1149
2020-08-08 21:00,1068.115,28,38,117,1168
2020-08-08 22:00,1063.115,28,37,114,1297
2020-08-08 23:00,1049.115,28,35,111,1547
2020-08-09 0:00,1044.115,27,35,108,1803
2020-08-09 1:00,1039.115,27,34,105,1957
2020-08-09 2:00,1024.115,27,34,103,2029
2020-08-09 3:00,1024.115,26,33,101,2044
2020-08-09 4:00,1004.115,27,32,98,2024
2020-08-09 5:00,995.115,26,32,97,1992
2020-08-09 6:00,980.115,27,31,95,1953
2020-08-09 7:00,960.115,26,30,94,1907
2020-08-09 8:00,941.115,27,30,92,1865
2020-08-09 9:00,921.115,26,29,91,1817
2020-08-09 10:00,901.115,25,29,90,1784
2020-08-09 11:00,887.115,24,28,89,1751
2020-08-09 12:00,872.115,24,28,88,1715
2020-08-09 13:00,887.115,23,27,87,1682
2020-08-09 14:00,906.115,23,27,87,1652
2020-08-09 15:00,951.115,22,26,85,1624
2020-08-09 16:00,1014.115,23,26,84,1611
2020-08-09 17:00,1093.115,23,25,83,1592
2020-08-09 18:00,1177.115,24,25,82,1567
2020-08-09 19:00,1264.115,26,25,81,1548
2020-08-09 20:00,1335.115,28,25,80,1525
2020-08-09 21:00,1377.115,NA,25,79,1517
2020-08-09 22:00,1405.115,27,24,78,1506
2020-08-09 23:00,1410.115,25,24,77,1487
2020-08-10 0:00,1399.115,24,24,76,1478
2020-08-10 1:00,1377.115,22,23,75,1464
2020-08-10 2:00,1353.115,22,23,74,1455
2020-08-10 3:00,1329.115,22,22,74,1446
2020-08-10 4:00,1312.115,22,22,73,1438
2020-08-10 5:00,1291.115,23,22,73,1434
2020-08-10 6:00,1259.115,23,22,72,1434
2020-08-10 7:00,1226.115,23,21,71,1434
2020-08-10 8:00,1203.115,22,21,71,1436
2020-08-10 9:00,1177.115,21,20,71,1444
2020-08-10 10:00,1144.115,20,20,70,1450
2020-08-10 11:00,1128.115,19,20,70,1450
2020-08-10 12:00,1102.115,18,20,70,1450
2020-08-10 13:00,1083.115,18,20,69,1450
2020-08-10 14:00,1063.115,18,20,69,1442
2020-08-10 15:00,1044.115,18,20,68,1438
2020-08-10 16:00,1029.115,18,19,69,1431
2020-08-10 17:00,1019.115,19,19,69,1423
2020-08-10 18:00,1004.115,21,18,69,1411
2020-08-10 19:00,985.115,22,18,69,1400
2020-08-10 20:00,980.115,21,18,68,1394
2020-08-10 21:00,985.115,22,18,68,1381
2020-08-10 22:00,990.115,22,18,67,1371
2020-08-10 23:00,985.115,22,18,66,1364
2020-08-11 0:00,985.115,21,18,65,1358
2020-08-11 1:00,975.115,21,18,64,1358
2020-08-11 2:00,955.115,21,17,63,1354
2020-08-11 3:00,931.115,21,17,63,1352
2020-08-11 4:00,926.115,22,17,62,1354
2020-08-11 5:00,916.115,22,17,62,1350
2020-08-11 6:00,911.115,22,17,61,1350
2020-08-11 7:00,906.115,21,17,61,1341
2020-08-11 8:00,906.115,21,16,61,1341
2020-08-11 9:00,906.115,20,16,60,1333
2020-08-11 10:00,897.115,20,16,60,1335
2020-08-11 11:00,892.115,18,16,60,1339
2020-08-11 12:00,887.115,17,16,60,1358
2020-08-11 13:00,882.115,17,16,59,1408
2020-08-11 14:00,867.115,17,16,59,1485
2020-08-11 15:00,867.115,18,15,59,1602
2020-08-11 16:00,867.115,18,15,59,1703
2020-08-11 17:00,863.115,19,15,59,1784
2020-08-11 18:00,855.115,20,15,58,1842
2020-08-11 19:00,850.115,21,15,59,1873
2020-08-11 20:00,850.115,21,15,58,1879
2020-08-11 21:00,845.115,20,15,58,1868
2020-08-11 22:00,845.115,21,15,57,1851
2020-08-11 23:00,831.115,20,15,56,1842
2020-08-12 0:00,831.115,20,14,56,1825
2020-08-12 1:00,826.115,19,14,55,1809
2020-08-12 2:00,831.115,19,14,55,1799
2020-08-12 3:00,826.115,19,14,54,1781
2020-08-12 4:00,831.115,19,14,54,1767
2020-08-12 5:00,841.115,19,14,53,1751
2020-08-12 6:00,850.115,20,14,53,1737
2020-08-12 7:00,868.115,20,14,53,1717
2020-08-12 8:00,901.115,20,14,52,1699
2020-08-12 9:00,951.115,18,14,52,1682
2020-08-12 10:00,1014.115,17,15,52,1666
2020-08-12 11:00,1078.115,17,20,52,1648
2020-08-12 12:00,1112.115,16,39,52,1622
2020-08-12 13:00,1166.115,15,114,51,1602
2020-08-12 14:00,1326.115,15,103,51,1579
2020-08-12 15:00,1450.115,15,75,50,1553
2020-08-12 16:00,1497.115,15,57,50,1532
2020-08-12 17:00,1514.115,17,46,50,1510
2020-08-12 18:00,1562.115,18,40,49,1487
2020-08-12 19:00,1633.115,19,37,49,1469
2020-08-12 20:00,1706.115,18,35,49,1450
2020-08-12 21:00,1669.115,19,33,49,1436
2020-08-12 22:00,1604.115,19,30,49,1421
2020-08-12 23:00,1514.115,19,28,50,1417
2020-08-13 0:00,1580.115,19,30,57,1375
2020-08-13 1:00,1886.115,19,34,94,1366
2020-08-13 2:00,1919.115,19,31,144,1352
2020-08-13 3:00,1682.115,20,28,145,1324
2020-08-13 4:00,1681.115,21,25,132,1301
2020-08-13 5:00,1804.115,21,23,130,1289
2020-08-13 6:00,1905.115,21,22,131,1274
2020-08-13 7:00,2074.115,21,28,124,1257
2020-08-13 8:00,2402.115,20,44,113,1243
2020-08-13 9:00,2724.115,19,52,102,1240
2020-08-13 10:00,2864.115,19,52,92,1240
2020-08-13 11:00,2850.115,18,48,86,1232
2020-08-13 12:00,2787.115,17,44,80,1230
2020-08-13 13:00,2682.115,17,42,76,1221
2020-08-13 14:00,2563.115,17,44,74,1211
2020-08-13 15:00,2444.115,18,49,73,1203
2020-08-13 16:00,2325.115,20,50,71,1194
2020-08-13 17:00,2203.115,23,50,70,1193
2020-08-13 18:00,2054.115,24,50,71,1199
2020-08-13 19:00,1924.115,25,50,71,1213
2020-08-13 20:00,1848.115,26,49,71,1213
2020-08-13 21:00,1791.115,25,46,69,1201
2020-08-13 22:00,1749.115,25,43,66,1180
2020-08-13 23:00,1687.115,25,40,62,1166
2020-08-14 0:00,1609.115,25,39,60,1149
2020-08-14 1:00,1538.115,24,37,58,1142
2020-08-14 2:00,1461.115,24,36,57,1140
2020-08-14 3:00,1410.115,24,36,55,1132
2020-08-14 4:00,1353.115,25,36,55,1126
2020-08-14 5:00,1312.115,27,34,54,1119
2020-08-14 6:00,1281.115,27,34,53,1113
2020-08-14 7:00,1231.115,27,32,53,1107
2020-08-14 8:00,1198.115,26,32,52,1103
2020-08-14 9:00,1177.115,24,31,52,1098
2020-08-14 10:00,1144.115,23,30,52,1089
2020-08-14 11:00,1112.115,22,29,51,1088
2020-08-14 12:00,1088.115,20,29,52,1084
2020-08-14 13:00,1058.115,20,28,52,1079
2020-08-14 14:00,1034.115,19,28,52,1076
2020-08-14 15:00,999.115,19,27,53,1070
2020-08-14 16:00,972.115,20,27,53,1074
2020-08-14 17:00,936.115,21,26,53,1077
2020-08-14 18:00,906.115,22,26,55,1083
2020-08-14 19:00,882.115,22,26,54,1089
2020-08-14 20:00,859.115,22,25,53,1090
2020-08-14 21:00,845.115,22,25,53,1105
2020-08-14 22:00,821.115,22,25,53,1109
2020-08-14 23:00,811.115,21,24,52,1115
2020-08-15 0:00,799.115,21,24,51,1107
2020-08-15 1:00,780.115,20,24,49,1114
2020-08-15 2:00,775.115,20,23,49,1119
2020-08-15 3:00,771.115,21,23,49,1112
2020-08-15 4:00,762.115,21,22,48,1105
2020-08-15 5:00,775.115,21,22,48,1086
2020-08-15 6:00,775.115,22,22,48,1072
2020-08-15 7:00,758.115,23,22,47,1058
2020-08-15 8:00,738.115,24,22,47,1045
2020-08-15 9:00,721.115,25,21,46,1035
2020-08-15 10:00,702.115,26,21,46,1028
2020-08-15 11:00,689.115,25,21,46,1021
2020-08-15 12:00,685.115,24,20,46,1012
2020-08-15 13:00,673.115,28,20,45,1008
2020-08-15 14:00,668.115,30,20,45,1000
2020-08-15 15:00,659.115,28,20,45,1004
2020-08-15 16:00,668.115,27,20,45,1008
2020-08-15 17:00,668.115,26,20,45,1010
2020-08-15 18:00,677.115,26,20,45,1016
2020-08-15 19:00,685.115,26,20,46,1025
2020-08-15 20:00,685.115,26,20,46,1035
2020-08-15 21:00,685.115,26,20,46,1051
2020-08-15 22:00,685.115,25,20,46,1068
2020-08-15 23:00,685.115,25,19,46,1084
2020-08-16 0:00,685.115,24,19,46,1112
2020-08-16 1:00,677.115,25,20,46,1138
2020-08-16 2:00,668.115,24,20,46,1165
2020-08-16 3:00,668.115,25,20,46,1190
2020-08-16 4:00,673.115,25,21,46,1217
2020-08-16 5:00,668.115,28,22,47,1251
2020-08-16 6:00,677.115,33,24,48,1285
2020-08-16 7:00,699.115,52,27,48,1312
2020-08-16 8:00,752.115,86,31,48,1341
2020-08-16 9:00,822.115,98,36,48,1366
2020-08-16 10:00,882.115,118,41,49,1389
2020-08-16 11:00,965.115,130,45,50,1408
2020-08-16 12:00,1146.115,125,50,51,1423
2020-08-16 13:00,1325.115,114,56,50,1431
2020-08-16 14:00,1410.115,105,61,50,1438
2020-08-16 15:00,1433.115,97,62,49,1442
2020-08-16 16:00,1416.115,92,62,48,1442
2020-08-16 17:00,1410.115,90,61,48,1445
2020-08-16 18:00,1405.115,87,60,47,1442
2020-08-16 19:00,1399.115,82,59,46,1436
2020-08-16 20:00,1410.115,77,59,45,1434
2020-08-16 21:00,1410.115,72,58,46,1425
2020-08-16 22:00,1416.115,69,57,45,1421
2020-08-16 23:00,1410.115,64,55,45,1417
2020-08-17 0:00,1416.115,59,52,45,1417
2020-08-17 1:00,1410.115,57,50,45,1411
2020-08-17 2:00,1410.115,54,49,45,1404
2020-08-17 3:00,1388.115,53,47,45,1398
2020-08-17 4:00,1394.115,51,45,45,1389
2020-08-17 5:00,1382.115,50,44,45,1379
2020-08-17 6:00,1366.115,47,43,46,1375
2020-08-17 7:00,1347.115,45,41,47,1366
2020-08-17 8:00,1324.115,43,41,47,1358
2020-08-17 9:00,1312.115,40,40,48,1358
2020-08-17 10:00,1296.115,38,39,48,1350
2020-08-17 11:00,1276.115,36,39,48,1350
2020-08-17 12:00,1254.115,35,38,48,1354
2020-08-17 13:00,1237.115,34,38,49,1364
2020-08-17 14:00,1220.115,33,36,48,1404
2020-08-17 15:00,1198.115,33,36,48,1516
2020-08-17 16:00,1180.115,34,36,48,1700
2020-08-17 17:00,1167.115,34,35,48,1892
2020-08-17 18:00,1144.115,35,34,48,2056
2020-08-17 19:00,1139.115,35,34,49,2141
2020-08-17 20:00,1133.115,35,33,49,2206
2020-08-17 21:00,1122.115,34,32,50,2265
2020-08-17 22:00,1112.115,35,31,49,2319
2020-08-17 23:00,1112.115,34,31,50,2382
2020-08-18 0:00,1128.115,33,30,50,2458
2020-08-18 1:00,1144.115,32,29,49,2549
2020-08-18 2:00,1123.115,31,29,49,2633
2020-08-18 3:00,1088.115,31,28,49,2717
2020-08-18 4:00,1058.115,32,28,49,2799
2020-08-18 5:00,1044.115,32,27,48,2863
2020-08-18 6:00,1044.115,31,27,49,2898
2020-08-18 7:00,1078.115,30,26,48,2933
2020-08-18 8:00,1128.115,29,26,48,2954
2020-08-18 9:00,1198.115,28,26,48,2940
2020-08-18 10:00,1286.115,27,25,49,2940
2020-08-18 11:00,1376.115,26,25,48,2919
2020-08-18 12:00,1467.115,25,25,48,2884
2020-08-18 13:00,1573.115,25,24,50,2842
2020-08-18 14:00,1662.115,24,24,53,2828
2020-08-18 15:00,1761.115,25,24,53,2794
2020-08-18 16:00,1854.115,25,24,50,2771
2020-08-18 17:00,1950.115,25,23,48,2739
2020-08-18 18:00,2034.115,27,23,47,2724
2020-08-18 19:00,2100.115,27,22,47,2724
2020-08-18 20:00,2160.115,27,22,47,2722
2020-08-18 21:00,2199.115,27,22,47,2771
2020-08-18 22:00,2237.115,26,22,47,2849
2020-08-18 23:00,2262.115,27,21,46,2954
2020-08-19 0:00,2269.115,27,21,46,3043
2020-08-19 1:00,2276.115,26,21,45,3171
2020-08-19 2:00,2276.115,25,20,45,3248
2020-08-19 3:00,2276.115,26,20,45,3318
2020-08-19 4:00,2269.115,26,20,44,3374
2020-08-19 5:00,2248.115,26,20,44,3402
2020-08-19 6:00,2241.115,26,20,44,3416
2020-08-19 7:00,2234.115,26,19,43,3388
2020-08-19 8:00,2227.115,25,19,43,3381
2020-08-19 9:00,2220.115,24,18,43,3353
2020-08-19 10:00,2227.115,24,18,43,3325
2020-08-19 11:00,2241.115,24,18,43,3297
2020-08-19 12:00,2276.115,23,18,43,3262
2020-08-19 13:00,2318.115,23,18,43,3227
2020-08-19 14:00,2388.115,23,18,43,3185
2020-08-19 15:00,2444.115,24,18,44,3150
2020-08-19 16:00,2493.115,26,18,44,3108
2020-08-19 17:00,2556.115,28,18,44,3066
2020-08-19 18:00,2598.115,30,18,44,3017
2020-08-19 19:00,2640.115,30,18,44,2989
2020-08-19 20:00,2668.115,31,18,44,2954
2020-08-19 21:00,2696.115,30,18,44,2919
2020-08-19 22:00,2703.115,29,18,43,2870
2020-08-19 23:00,2710.115,29,18,43,2835
2020-08-20 0:00,2717.115,29,18,43,2814
2020-08-20 1:00,2717.115,29,18,43,2787
2020-08-20 2:00,2696.115,28,18,43,2761
2020-08-20 3:00,2682.115,29,18,44,2727
2020-08-20 4:00,2654.115,29,18,44,2696
2020-08-20 5:00,2605.115,29,18,42,2665
2020-08-20 6:00,2577.115,28,18,43,2636
2020-08-20 7:00,2542.115,27,18,42,2607
2020-08-20 8:00,2507.115,26,17,42,2577
2020-08-20 9:00,2472.115,26,17,42,2547
2020-08-20 10:00,2437.115,25,17,41,2515
2020-08-20 11:00,2402.115,24,17,41,2485
2020-08-20 12:00,2367.115,23,17,41,2458
2020-08-20 13:00,2346.115,22,17,41,2421
2020-08-20 14:00,2304.115,22,17,41,2379
2020-08-20 15:00,2290.115,22,16,41,2349
2020-08-20 16:00,2255.115,22,16,40,2310
2020-08-20 17:00,2237.115,23,16,40,2280
2020-08-20 18:00,2206.115,25,16,40,2247
2020-08-20 19:00,2187.115,25,16,40,2215
2020-08-20 20:00,2152.115,25,16,40,2188
2020-08-20 21:00,2133.115,25,16,40,2160
2020-08-20 22:00,2080.115,25,16,40,2141
2020-08-20 23:00,2074.115,25,16,40,2116
2020-08-21 0:00,2046.115,25,15,39,2101
2020-08-21 1:00,2027.115,25,15,39,2083
2020-08-21 2:00,1996.115,25,15,39,2071
2020-08-21 3:00,1977.115,25,15,39,2053
2020-08-21 4:00,1936.115,25,15,38,2036
2020-08-21 5:00,1911.115,25,15,38,2017
2020-08-21 6:00,1873.115,26,15,38,1999
2020-08-21 7:00,1848.115,25,14,37,1980
2020-08-21 8:00,1804.115,25,14,36,1960
2020-08-21 9:00,1779.115,24,14,36,1946
2020-08-21 10:00,1753.115,23,14,36,1929
2020-08-21 11:00,1730.115,22,14,36,1909
2020-08-21 12:00,1699.115,21,14,35,1889
2020-08-21 13:00,1681.115,21,14,36,1868
2020-08-21 14:00,1646.115,21,13,36,1851
2020-08-21 15:00,1620.115,21,13,36,1840
2020-08-21 16:00,1588.115,21,13,36,1831
2020-08-21 17:00,1573.115,23,13,36,1831
2020-08-21 18:00,1554.115,24,13,36,1851
2020-08-21 19:00,1542.115,24,13,36,1870
2020-08-21 20:00,1536.115,24,13,37,1893
2020-08-21 21:00,1514.115,24,13,37,1926
2020-08-21 22:00,1484.115,25,13,36,1948
2020-08-21 23:00,1466.115,24,13,36,1963
2020-08-22 0:00,1450.115,24,13,36,1963
2020-08-22 1:00,1416.115,24,13,36,1950
2020-08-22 2:00,1404.115,23,13,36,1943
2020-08-22 3:00,1385.115,24,13,36,1949
2020-08-22 4:00,1374.115,24,13,35,1957
2020-08-22 5:00,1357.115,24,13,35,1948
2020-08-22 6:00,1346.115,24,13,35,1931
2020-08-22 7:00,1335.115,24,13,35,1906
2020-08-22 8:00,1329.115,23,13,35,1879
2020-08-22 9:00,1324.115,22,13,35,1851
2020-08-22 10:00,1329.115,22,13,35,1819
2020-08-22 11:00,1324.115,21,12,35,1797
2020-08-22 12:00,1335.115,20,12,35,1777
2020-08-22 13:00,1335.115,20,12,35,1756
2020-08-22 14:00,1346.115,19,12,35,1737
2020-08-22 15:00,1357.115,19,12,35,1720
2020-08-22 16:00,1363.115,19,12,35,1704
2020-08-22 17:00,1363.115,20,12,35,1680
2020-08-22 18:00,1368.115,21,13,35,1663
2020-08-22 19:00,1374.115,23,13,35,1648
2020-08-22 20:00,1385.115,24,13,35,1629
2020-08-22 21:00,1363.115,24,13,35,1620
2020-08-22 22:00,1363.115,25,12,35,1609
2020-08-22 23:00,1357.115,24,12,35,1594
2020-08-23 0:00,1352.115,23,12,35,1583
2020-08-23 1:00,1340.115,24,12,35,1571
2020-08-23 2:00,1340.115,23,12,35,1562
2020-08-23 3:00,1318.115,23,12,35,1549
2020-08-23 4:00,1318.115,23,12,35,1540
2020-08-23 5:00,1318.115,23,12,34,1525
2020-08-23 6:00,1318.115,23,12,34,1515
2020-08-23 7:00,1312.115,23,12,35,1501
2020-08-23 8:00,1296.115,23,12,34,1489
2020-08-23 9:00,1279.115,22,12,34,1476
2020-08-23 10:00,1256.115,22,12,34,1462
2020-08-23 11:00,1234.115,21,13,34,1450
2020-08-23 12:00,1209.115,20,13,34,1436
2020-08-23 13:00,1186.115,19,13,34,1419
2020-08-23 14:00,1170.115,19,13,34,1404
2020-08-23 15:00,1149.115,19,15,34,1392
2020-08-23 16:00,1123.115,19,15,34,1385
2020-08-23 17:00,1112.115,19,16,34,1373
2020-08-23 18:00,1088.115,20,16,34,1364
2020-08-23 19:00,1077.115,23,16,34,1356
2020-08-23 20:00,1060.115,24,16,34,1345
2020-08-23 21:00,1041.115,24,16,34,1341
2020-08-23 22:00,1026.115,24,16,38,1337
2020-08-23 23:00,1011.115,24,15,42,1341
2020-08-24 0:00,997.115,23,15,71,1333
2020-08-24 1:00,982.115,23,15,102,1320
2020-08-24 2:00,957.115,23,15,104,1310
2020-08-24 3:00,938.115,23,14,92,1297
2020-08-24 4:00,923.115,23,14,79,1278
2020-08-24 5:00,904.115,23,14,69,1261
2020-08-24 6:00,895.115,22,13,62,1249
2020-08-24 7:00,887.115,24,13,56,1253
2020-08-24 8:00,867.115,23,13,52,1257
2020-08-24 9:00,862.115,21,13,49,1263
2020-08-24 10:00,848.115,20,13,47,1266
2020-08-24 11:00,833.115,20,13,45,1266
2020-08-24 12:00,828.115,19,13,44,1261
2020-08-24 13:00,824.115,20,13,43,1257
2020-08-24 14:00,811.115,23,13,43,1257
2020-08-24 15:00,815.115,23,13,43,1255
2020-08-24 16:00,797.115,23,12,41,1257
2020-08-24 17:00,786.115,23,12,41,1266
2020-08-24 18:00,775.115,26,15,43,1255
2020-08-24 19:00,770.115,30,16,44,1249
2020-08-24 20:00,760.115,29,16,44,1253
2020-08-24 21:00,755.115,39,16,44,1271
2020-08-24 22:00,751.115,65,16,43,1268
2020-08-24 23:00,743.115,73,15,42,1259
2020-08-25 0:00,738.115,64,15,41,1253
2020-08-25 1:00,738.115,63,15,40,1249
2020-08-25 2:00,738.115,55,14,39,1245
2020-08-25 3:00,727.115,41,14,38,1238
2020-08-25 4:00,731.115,45,13,37,1228
2020-08-25 5:00,736.115,43,13,36,1217
2020-08-25 6:00,750.115,40,13,36,1203
2020-08-25 7:00,759.115,36,13,36,1196
2020-08-25 8:00,772.115,32,12,35,1182
2020-08-25 9:00,782.115,30,12,34,1172
2020-08-25 10:00,792.115,29,12,34,1163
2020-08-25 11:00,792.115,27,12,34,1161
2020-08-25 12:00,792.115,26,12,34,1202
2020-08-25 13:00,792.115,25,12,34,1316
2020-08-25 14:00,787.115,24,12,34,1490
2020-08-25 15:00,787.115,24,12,34,1655
2020-08-25 16:00,764.115,25,12,35,1758
2020-08-25 17:00,768.115,25,12,36,1817
2020-08-25 18:00,772.115,26,12,36,1848
2020-08-25 19:00,750.115,27,12,37,1858
2020-08-25 20:00,745.115,26,12,37,1840
2020-08-25 21:00,750.115,25,12,36,1815
2020-08-25 22:00,736.115,25,12,35,1794
2020-08-25 23:00,736.115,25,12,33,1778
2020-08-26 0:00,723.115,25,12,32,1768
2020-08-26 1:00,723.115,25,12,32,1756
2020-08-26 2:00,702.115,25,13,32,1749
2020-08-26 3:00,697.115,25,13,32,1734
2020-08-26 4:00,682.115,27,13,32,1719
2020-08-26 5:00,687.115,27,13,32,1699
2020-08-26 6:00,706.115,26,13,32,1682
2020-08-26 7:00,723.115,25,13,32,1661
2020-08-26 8:00,769.115,25,13,32,1643
2020-08-26 9:00,838.115,24,13,32,1624
2020-08-26 10:00,899.115,22,13,32,1604
2020-08-26 11:00,972.115,21,13,32,1581
2020-08-26 12:00,1031.115,21,13,32,1557
2020-08-26 13:00,1070.115,20,13,32,1539
2020-08-26 14:00,1106.115,20,13,31,1513
2020-08-26 15:00,1132.115,20,13,31,1498
2020-08-26 16:00,1142.115,20,13,31,1483
2020-08-26 17:00,1153.115,21,14,30,1462
2020-08-26 18:00,1147.115,23,14,31,1442
2020-08-26 19:00,1147.115,23,14,30,1425
2020-08-26 20:00,1137.115,23,14,30,1411
2020-08-26 21:00,1119.115,23,13,30,1396
2020-08-26 22:00,1119.115,23,13,30,1385
2020-08-26 23:00,1100.115,22,13,30,1375
2020-08-27 0:00,1095.115,23,13,29,1366
2020-08-27 1:00,1080.115,23,13,29,1369
2020-08-27 2:00,1060.115,22,13,29,1381
2020-08-27 3:00,1051.115,22,13,29,1394
2020-08-27 4:00,1036.115,22,13,29,1400
2020-08-27 5:00,1011.115,23,13,29,1408
2020-08-27 6:00,992.115,23,12,29,1413
2020-08-27 7:00,967.115,23,12,29,1421
2020-08-27 8:00,953.115,22,12,29,1431
2020-08-27 9:00,933.115,21,12,29,1438
2020-08-27 10:00,918.115,20,11,29,1448
2020-08-27 11:00,904.115,19,11,29,1450
2020-08-27 12:00,889.115,18,11,29,1459
2020-08-27 13:00,874.115,18,11,29,1459
2020-08-27 14:00,864.115,18,11,29,1457
2020-08-27 15:00,856.115,18,11,29,1453
2020-08-27 16:00,838.115,19,11,29,1448
2020-08-27 17:00,841.115,20,11,28,1442
2020-08-27 18:00,823.115,21,11,28,1434
2020-08-27 19:00,813.115,22,11,27,1422
2020-08-27 20:00,813.115,22,11,27,1415
2020-08-27 21:00,823.115,22,11,27,1398
2020-08-27 22:00,828.115,22,11,27,NA
2020-08-27 23:00,823.115,22,10,27,1347
2020-08-28 0:00,823.115,21,10,27,1339
2020-08-28 1:00,823.115,21,10,27,1336
2020-08-28 2:00,828.115,21,10,27,1339
2020-08-28 3:00,828.115,21,10,27,1341
2020-08-28 4:00,838.115,22,10,27,1341
2020-08-28 5:00,848.115,22,10,27,1341
2020-08-28 6:00,828.115,22,10,27,1341
2020-08-28 7:00,828.115,22,10,27,1337
2020-08-28 8:00,823.115,22,10,27,1333
2020-08-28 9:00,823.115,21,10,27,1331
2020-08-28 10:00,813.115,19,10,27,1318
2020-08-28 11:00,808.115,19,10,27,1314
2020-08-28 12:00,813.115,18,10,27,1301
2020-08-28 13:00,808.115,17,10,27,1295
2020-08-28 14:00,800.115,17,10,27,1289
2020-08-28 15:00,792.115,17,10,27,1278
2020-08-28 16:00,777.115,18,10,27,1272
2020-08-28 17:00,762.115,18,10,29,1263
2020-08-28 18:00,762.115,19,10,29,1251
2020-08-28 19:00,752.115,22,10,32,1236
2020-08-28 20:00,752.115,22,10,33,1232
2020-08-28 21:00,753.115,21,10,33,1224
2020-08-28 22:00,763.115,21,11,33,1213
2020-08-28 23:00,772.115,21,12,33,1207
2020-08-29 0:00,786.115,21,13,34,1199
2020-08-29 1:00,828.115,22,15,37,1189
2020-08-29 2:00,832.115,24,79,39,1184
2020-08-29 3:00,823.115,31,125,39,1176
2020-08-29 4:00,860.115,45,114,38,1174
2020-08-29 5:00,951.115,63,97,36,1165
2020-08-29 6:00,984.115,70,80,36,1161
2020-08-29 7:00,1004.115,69,74,36,1153
2020-08-29 8:00,1038.115,71,76,36,1145
2020-08-29 9:00,1023.115,73,94,38,1134
2020-08-29 10:00,1004.115,71,107,39,1123
2020-08-29 11:00,1018.115,70,103,40,1114
2020-08-29 12:00,1013.115,65,97,40,1103
2020-08-29 13:00,1028.115,57,102,41,1097
2020-08-29 14:00,1048.115,51,103,41,1089
2020-08-29 15:00,1080.115,46,98,42,1086
2020-08-29 16:00,1085.115,44,92,43,1086
2020-08-29 17:00,1100.115,42,88,46,1099
2020-08-29 18:00,1109.115,42,81,59,1086
2020-08-29 19:00,1100.115,42,77,77,1084
2020-08-29 20:00,1095.115,42,73,86,1089
2020-08-29 21:00,1080.115,43,71,85,1093
2020-08-29 22:00,1074.115,41,73,80,1095
2020-08-29 23:00,1053.115,39,77,74,1097
2020-08-30 0:00,1043.115,36,83,69,1103
2020-08-30 1:00,1023.115,35,87,65,1109
2020-08-30 2:00,1009.115,34,88,63,1105
2020-08-30 3:00,1004.115,33,85,63,1103
2020-08-30 4:00,989.115,38,81,64,1103
2020-08-30 5:00,965.115,54,77,65,1095
2020-08-30 6:00,945.115,52,74,66,1097
2020-08-30 7:00,930.115,45,70,65,1095
2020-08-30 8:00,906.115,39,67,64,1103
2020-08-30 9:00,888.115,35,64,63,1107
2020-08-30 10:00,869.115,32,62,62,1112
2020-08-30 11:00,859.115,30,60,60,1112
2020-08-30 12:00,841.115,28,58,59,1114
2020-08-30 13:00,832.115,27,56,57,1112
2020-08-30 14:00,828.115,26,55,56,1112
2020-08-30 15:00,808.115,25,53,54,1120
2020-08-30 16:00,799.115,25,52,53,1131
2020-08-30 17:00,790.115,25,51,52,1142
2020-08-30 18:00,785.115,27,50,50,1137
2020-08-30 19:00,799.115,28,49,49,1149
2020-08-30 20:00,789.115,28,49,49,1161
2020-08-30 21:00,789.115,28,48,48,1178
2020-08-30 22:00,789.115,28,47,46,1203
2020-08-30 23:00,776.115,27,46,45,1228
2020-08-31 0:00,772.115,26,44,45,1253
2020-08-31 1:00,762.115,26,43,44,1276
2020-08-31 2:00,752.115,26,41,43,1295
2020-08-31 3:00,748.115,25,40,43,1308
2020-08-31 4:00,736.115,25,39,42,1308
2020-08-31 5:00,740.115,25,38,41,1305
2020-08-31 6:00,731.115,25,37,41,1299
2020-08-31 7:00,721.115,25,35,41,1291
2020-08-31 8:00,716.115,25,34,41,1282
2020-08-31 9:00,699.115,24,33,40,1272
2020-08-31 10:00,699.115,23,32,40,1266
2020-08-31 11:00,694.115,22,32,40,1257
2020-08-31 12:00,680.115,20,31,40,1257
2020-08-31 13:00,685.115,20,30,39,1251
2020-08-31 14:00,680.115,20,29,39,1249
2020-08-31 15:00,680.115,20,29,38,1252
2020-08-31 16:00,680.115,21,28,38,1257
2020-08-31 17:00,699.115,22,27,38,1260
2020-08-31 18:00,708.115,24,27,38,1272
2020-08-31 19:00,721.115,25,27,39,1285
2020-08-31 20:00,736.115,24,27,39,1289
2020-08-31 21:00,744.115,25,28,39,1305
2020-08-31 22:00,772.115,25,31,40,1322
2020-08-31 23:00,794.115,25,40,43,1331
2020-09-01 0:00,817.115,26,53,47,1347
2020-09-01 1:00,845.115,27,59,50,1360
2020-09-01 2:00,845.115,31,63,52,1369
2020-09-01 3:00,850.115,50,64,53,1375
2020-09-01 4:00,864.115,60,62,53,1383
2020-09-01 5:00,877.115,58,60,52,1389
2020-09-01 6:00,896.115,52,60,51,1392
2020-09-01 7:00,911.115,46,62,49,1398
2020-09-01 8:00,925.115,41,63,48,1400
2020-09-01 9:00,935.115,38,63,47,1400
2020-09-01 10:00,950.115,35,61,46,1400
2020-09-01 11:00,960.115,32,60,46,1400
2020-09-01 12:00,969.115,31,60,46,1400
2020-09-01 13:00,984.115,29,60,46,1404
2020-09-01 14:00,999.115,29,58,46,1408
2020-09-01 15:00,1009.115,29,56,46,1413
2020-09-01 16:00,1018.115,29,54,46,1421
2020-09-01 17:00,1028.115,29,53,48,1429
2020-09-01 18:00,1033.115,30,52,48,1442
2020-09-01 19:00,1028.115,29,51,50,1478
2020-09-01 20:00,1038.115,28,52,54,1524
2020-09-01 21:00,1023.115,27,52,56,1543
2020-09-01 22:00,1018.115,27,54,57,1557
2020-09-01 23:00,1018.115,27,55,58,1551
2020-09-02 0:00,1013.115,27,57,57,1560
2020-09-02 1:00,1018.115,27,57,57,1566
2020-09-02 2:00,1018.115,26,57,56,1571
2020-09-02 3:00,1018.115,27,56,56,1579
2020-09-02 4:00,1018.115,28,56,56,1588
2020-09-02 5:00,1004.115,28,55,57,1594
2020-09-02 6:00,999.115,29,54,57,1596
2020-09-02 7:00,999.115,28,53,59,1596
2020-09-02 8:00,999.115,28,52,61,1592
2020-09-02 9:00,999.115,28,51,64,1597
2020-09-02 10:00,999.115,28,50,68,1609
2020-09-02 11:00,999.115,26,49,69,1624
2020-09-02 12:00,1013.115,26,49,72,1662
2020-09-02 13:00,1023.115,25,48,73,1712
2020-09-02 14:00,1038.115,25,48,75,1777
2020-09-02 15:00,1058.115,25,47,76,1834
2020-09-02 16:00,1082.115,25,47,76,1897
2020-09-02 17:00,1090.115,26,46,76,1967
2020-09-02 18:00,1122.115,26,46,76,2043
2020-09-02 19:00,1139.115,25,45,75,2131
2020-09-02 20:00,1158.115,25,45,75,2248
2020-09-02 21:00,1181.115,25,45,74,2373
2020-09-02 22:00,1175.115,25,45,73,2504
2020-09-02 23:00,1170.115,25,44,73,2621
2020-09-03 0:00,1181.115,27,44,82,2775
2020-09-03 1:00,1164.115,29,43,111,2856
2020-09-03 2:00,1181.115,31,42,180,2912
2020-09-03 3:00,1192.115,46,41,208,2940
2020-09-03 4:00,1225.115,67,40,206,2940
2020-09-03 5:00,1279.115,74,40,193,2912
2020-09-03 6:00,1352.115,84,39,184,2926
2020-09-03 7:00,1403.115,82,38,178,2940
2020-09-03 8:00,1484.115,77,38,174,2919
2020-09-03 9:00,1578.115,69,38,172,2870
2020-09-03 10:00,1656.115,63,41,170,2828
2020-09-03 11:00,1748.115,58,45,169,2828
2020-09-03 12:00,1873.115,54,46,169,2814
2020-09-03 13:00,1994.115,50,46,170,2792
2020-09-03 14:00,2105.115,47,45,170,2764
2020-09-03 15:00,2198.115,45,44,167,2727
2020-09-03 16:00,2276.115,43,42,164,2698
2020-09-03 17:00,2325.115,43,41,157,2664
2020-09-03 18:00,2381.115,43,40,150,2633
2020-09-03 19:00,2409.115,40,39,143,2617
2020-09-03 20:00,2430.115,38,38,139,2610
2020-09-03 21:00,2465.115,46,40,147,2685
2020-09-03 22:00,2689.115,94,41,185,2691
2020-09-03 23:00,3298.115,177,42,225,2688
2020-09-04 0:00,3410.115,247,42,227,2695
2020-09-04 1:00,3137.115,275,42,200,2745
2020-09-04 2:00,3011.115,288,43,180,2870
2020-09-04 3:00,3095.115,278,43,171,2954
2020-09-04 4:00,3158.115,272,44,174,2954
2020-09-04 5:00,3249.115,271,56,184,2912
2020-09-04 6:00,3305.115,261,69,195,2842
2020-09-04 7:00,3361.115,238,72,201,2797
2020-09-04 8:00,3382.115,207,71,200,2761
2020-09-04 9:00,3354.115,179,68,195,2736
2020-09-04 10:00,3319.115,158,64,186,2724
2020-09-04 11:00,3263.115,141,61,176,2713
2020-09-04 12:00,3193.115,131,58,167,2705
2020-09-04 13:00,3165.115,124,56,160,2695
2020-09-04 14:00,3144.115,117,55,152,2677
2020-09-04 15:00,3116.115,111,55,147,NA
2020-09-04 16:00,3074.115,106,55,141,2659
2020-09-04 17:00,3046.115,103,53,137,2637
2020-09-04 18:00,3018.115,99,52,132,2608
2020-09-04 19:00,2990.115,95,50,129,2585
2020-09-04 20:00,2955.115,91,48,126,2570
2020-09-04 21:00,2913.115,88,46,123,2547
2020-09-04 22:00,2864.115,85,45,119,2521
2020-09-04 23:00,2815.115,82,44,117,2503
2020-09-05 0:00,2766.115,80,42,114,2483
2020-09-05 1:00,2724.115,78,41,112,2461
2020-09-05 2:00,2696.115,76,41,110,2439
2020-09-05 3:00,2647.115,73,40,108,2418
2020-09-05 4:00,2605.115,71,39,106,2394
2020-09-05 5:00,2556.115,71,38,104,2372
2020-09-05 6:00,2521.115,69,37,103,2352
2020-09-05 7:00,2493.115,66,36,101,2337
2020-09-05 8:00,2451.115,62,36,100,2318
2020-09-05 9:00,2423.115,58,35,98,2302
2020-09-05 10:00,2374.115,54,34,96,2281
2020-09-05 11:00,2353.115,48,33,94,2262
2020-09-05 12:00,2318.115,43,33,93,2235
2020-09-05 13:00,2283.115,40,32,91,2209
2020-09-05 14:00,2248.115,39,32,89,2182
2020-09-05 15:00,2211.115,38,31,88,2170
2020-09-05 16:00,2190.115,39,31,87,2150
2020-09-05 17:00,2169.115,38,30,85,2136
2020-09-05 18:00,2144.115,40,30,84,2116
2020-09-05 19:00,2123.115,41,29,83,2104
2020-09-05 20:00,2091.115,40,29,81,2083
2020-09-05 21:00,2078.115,40,29,79,2072
2020-09-05 22:00,2045.115,39,28,77,2055
2020-09-05 23:00,2019.115,37,27,76,2044
2020-09-06 0:00,1987.115,36,27,75,2036
2020-09-06 1:00,1966.115,35,26,73,2022
2020-09-06 2:00,1967.115,35,26,72,2019
2020-09-06 3:00,1915.115,35,26,71,2005
2020-09-06 4:00,1884.115,34,25,69,1990
2020-09-06 5:00,1858.115,34,25,69,1980
2020-09-06 6:00,1821.115,34,25,68,1963
2020-09-06 7:00,1795.115,33,24,67,1951
2020-09-06 8:00,1777.115,32,24,66,1940
2020-09-06 9:00,1764.115,31,24,66,1938
2020-09-06 10:00,1739.115,30,24,65,1929
2020-09-06 11:00,1710.115,30,23,64,1918
2020-09-06 12:00,1691.115,29,23,63,1912
2020-09-06 13:00,1679.115,28,23,63,1902
2020-09-06 14:00,1654.115,28,23,62,1896
2020-09-06 15:00,1643.115,27,23,62,1882
2020-09-06 16:00,1618.115,28,23,61,1875
2020-09-06 17:00,1612.115,28,22,60,1870
2020-09-06 18:00,1612.115,29,22,60,1868
2020-09-06 19:00,1587.115,30,22,59,1862
2020-09-06 20:00,1581.115,31,22,59,1854
2020-09-06 21:00,1570.115,32,21,59,1847
2020-09-06 22:00,1552.115,31,21,58,1831
2020-09-06 23:00,1534.115,30,21,57,1831
2020-09-07 0:00,1511.115,30,21,56,1823
2020-09-07 1:00,1500.115,30,21,56,1820
2020-09-07 2:00,1475.115,29,20,55,1809
2020-09-07 3:00,1464.115,29,20,55,1801
2020-09-07 4:00,1447.115,29,20,54,1786
2020-09-07 5:00,1436.115,29,20,53,1777
2020-09-07 6:00,1424.115,29,20,53,1760
2020-09-07 7:00,1413.115,29,19,52,1749
2020-09-07 8:00,1402.115,29,19,52,1736
2020-09-07 9:00,1402.115,28,19,52,1722
2020-09-07 10:00,1385.115,27,19,51,1706
2020-09-07 11:00,1385.115,27,19,51,1691
2020-09-07 12:00,1380.115,26,19,50,1680
2020-09-07 13:00,1354.115,25,18,50,1663
2020-09-07 14:00,1354.115,25,18,50,1648
2020-09-07 15:00,1332.115,25,18,50,1628
2020-09-07 16:00,1326.115,25,18,50,1613
2020-09-07 17:00,1310.115,26,18,50,1602
2020-09-07 18:00,1287.115,26,18,50,1588
2020-09-07 19:00,1287.115,28,18,50,1578
2020-09-07 20:00,1277.115,29,17,50,1553
2020-09-07 21:00,1265.115,30,17,49,1525
2020-09-07 22:00,1245.115,29,17,49,1515
2020-09-07 23:00,1245.115,29,17,49,1506
2020-09-08 0:00,1223.115,28,17,48,1506
2020-09-08 1:00,1223.115,29,17,48,1506
2020-09-08 2:00,1200.115,29,17,47,1495
2020-09-08 3:00,1178.115,29,17,46,1491
2020-09-08 4:00,1178.115,30,17,46,1485
2020-09-08 5:00,1158.115,30,16,46,1478
2020-09-08 6:00,1153.115,30,16,45,1474
2020-09-08 7:00,1136.115,29,16,45,1457
2020-09-08 8:00,1126.115,29,16,44,1450
2020-09-08 9:00,1111.115,28,16,44,1440
2020-09-08 10:00,1105.115,27,16,44,1434
2020-09-08 11:00,1094.115,26,16,44,1428
2020-09-08 12:00,1074.115,25,16,44,1413
2020-09-08 13:00,1055.115,25,15,44,1404
2020-09-08 14:00,1045.115,25,15,44,1396
2020-09-08 15:00,1025.115,25,15,43,1387
2020-09-08 16:00,1011.115,25,15,43,1373
2020-09-08 17:00,1011.115,24,15,43,1364
2020-09-08 18:00,996.115,23,15,43,1356
2020-09-08 19:00,981.115,23,15,44,1347
2020-09-08 20:00,996.115,22,15,43,1339
2020-09-08 21:00,976.115,22,15,43,1335
2020-09-08 22:00,971.115,22,15,43,1324
2020-09-08 23:00,962.115,21,15,43,1312
2020-09-09 0:00,957.115,21,15,43,1297
2020-09-09 1:00,947.115,22,15,43,1282
2020-09-09 2:00,932.115,24,15,42,1263
2020-09-09 3:00,923.115,24,15,42,1253
2020-09-09 4:00,913.115,24,15,42,1238
2020-09-09 5:00,888.115,25,15,42,1228
2020-09-09 6:00,878.115,25,15,41,1213
2020-09-09 7:00,874.115,25,15,41,1207
2020-09-09 8:00,862.115,24,14,41,1198
2020-09-09 9:00,857.115,23,14,41,1194
2020-09-09 10:00,842.115,22,14,41,1193
2020-09-09 11:00,827.115,21,14,41,1193
2020-09-09 12:00,822.115,20,14,41,1193
2020-09-09 13:00,813.115,20,14,41,1193
2020-09-09 14:00,803.115,20,14,41,1193
2020-09-09 15:00,790.115,20,14,40,1189
2020-09-09 16:00,786.115,20,14,40,1184
2020-09-09 17:00,766.115,22,14,40,1182
2020-09-09 18:00,766.115,23,14,41,1174
2020-09-09 19:00,762.115,24,14,41,1170
2020-09-09 20:00,745.115,24,14,41,1161
2020-09-09 21:00,730.115,23,14,41,1159
2020-09-09 22:00,726.115,23,13,41,1153
2020-09-09 23:00,722.115,23,13,41,1149
2020-09-10 0:00,713.115,23,13,40,1142
2020-09-10 1:00,713.115,23,13,40,1134
2020-09-10 2:00,722.115,23,13,40,1130
2020-09-10 3:00,730.115,23,13,40,1126
2020-09-10 4:00,735.115,24,13,40,1126
2020-09-10 5:00,813.115,26,13,39,1126
2020-09-10 6:00,837.115,26,13,39,1132
2020-09-10 7:00,836.115,26,13,39,1134
2020-09-10 8:00,918.115,25,13,39,1134
2020-09-10 9:00,1004.115,25,13,39,1138
2020-09-10 10:00,1065.115,24,13,39,1142
2020-09-10 11:00,1074.115,23,13,39,1147
2020-09-10 12:00,1065.115,22,13,39,1153
2020-09-10 13:00,1030.115,22,13,39,1159
2020-09-10 14:00,1008.115,22,14,39,1159
2020-09-10 15:00,993.115,22,14,38,1157
2020-09-10 16:00,1009.115,22,14,38,1149
2020-09-10 17:00,1228.115,24,14,39,1138
2020-09-10 18:00,1883.115,26,14,41,1126
2020-09-10 19:00,1794.115,27,15,42,1124
2020-09-10 20:00,1610.115,34,15,44,1116
2020-09-10 21:00,1328.115,32,15,45,1105
2020-09-10 22:00,1079.115,31,15,45,1095
2020-09-10 23:00,979.115,30,16,44,1086
2020-09-11 0:00,941.115,30,16,46,1086
2020-09-11 1:00,936.115,38,16,45,1078
2020-09-11 2:00,934.115,41,16,44,1086
2020-09-11 3:00,922.115,41,16,43,1113
2020-09-11 4:00,918.115,42,16,43,1212
2020-09-11 5:00,908.115,41,16,42,1418
2020-09-11 6:00,883.115,41,16,42,1667
2020-09-11 7:00,864.115,38,16,41,1856
2020-09-11 8:00,832.115,35,16,41,1967
2020-09-11 9:00,813.115,32,16,41,2024
2020-09-11 10:00,794.115,30,16,41,2033
2020-09-11 11:00,786.115,29,16,42,2024
2020-09-11 12:00,766.115,29,16,42,1973
2020-09-11 13:00,758.115,27,16,42,1914
2020-09-11 14:00,745.115,27,16,42,1849
2020-09-11 15:00,730.115,26,16,42,1781
2020-09-11 16:00,713.115,26,16,42,1729
2020-09-11 17:00,717.115,27,16,42,1685
2020-09-11 18:00,700.115,28,16,42,1661
2020-09-11 19:00,703.115,28,17,42,1636
2020-09-11 20:00,726.115,28,19,42,1616
2020-09-11 21:00,749.115,27,20,41,1607
2020-09-11 22:00,799.115,26,21,41,1604
2020-09-11 23:00,864.115,25,21,41,1602
2020-09-12 0:00,939.115,26,21,41,1607
2020-09-12 1:00,1023.115,26,21,41,1602
2020-09-12 2:00,1104.115,25,21,42,1607
2020-09-12 3:00,1177.115,25,21,42,1607
2020-09-12 4:00,1231.115,25,20,43,1604
2020-09-12 5:00,1265.115,26,20,43,1592
2020-09-12 6:00,1276.115,26,20,45,1576
2020-09-12 7:00,1270.115,25,20,45,1551
2020-09-12 8:00,1265.115,25,19,45,1525
2020-09-12 9:00,1231.115,24,19,45,1494
2020-09-12 10:00,1214.115,24,19,45,1464
2020-09-12 11:00,1188.115,22,18,45,1434
2020-09-12 12:00,1167.115,21,18,45,1404
2020-09-12 13:00,1150.115,20,18,45,1375
2020-09-12 14:00,1139.115,19,18,45,1345
2020-09-12 15:00,1128.115,18,17,46,1312
2020-09-12 16:00,1114.115,18,17,46,1278
2020-09-12 17:00,1099.115,19,17,46,1257
2020-09-12 18:00,1077.115,20,17,46,1243
2020-09-12 19:00,1072.115,22,17,47,1228
2020-09-12 20:00,1052.115,23,17,47,1209
2020-09-12 21:00,1052.115,27,17,47,1197
2020-09-12 22:00,1052.115,29,17,47,1187
2020-09-12 23:00,1052.115,28,16,46,1180
2020-09-13 0:00,1042.115,28,16,46,1168
2020-09-13 1:00,1032.115,27,16,46,1159
2020-09-13 2:00,1023.115,27,16,45,1151
2020-09-13 3:00,1003.115,27,16,45,1142
2020-09-13 4:00,983.115,28,15,44,1136
2020-09-13 5:00,959.115,28,15,43,1130
2020-09-13 6:00,939.115,27,15,43,1126
2020-09-13 7:00,915.115,27,15,42,1126
2020-09-13 8:00,891.115,27,15,42,1121
2020-09-13 9:00,873.115,26,15,42,1120
2020-09-13 10:00,844.115,26,15,41,1120
2020-09-13 11:00,831.115,25,15,41,1120
2020-09-13 12:00,813.115,24,15,41,1118
2020-09-13 13:00,788.115,24,15,41,1114
2020-09-13 14:00,775.115,24,15,41,1112
2020-09-13 15:00,752.115,23,15,41,1112
2020-09-13 16:00,738.115,23,15,41,1112
2020-09-13 17:00,720.115,24,15,43,1109
2020-09-13 18:00,710.115,25,15,44,1105
2020-09-13 19:00,710.115,27,15,45,1106
2020-09-13 20:00,702.115,27,15,46,1100
2020-09-13 21:00,694.115,27,14,47,1095
2020-09-13 22:00,681.115,26,14,47,1093
2020-09-13 23:00,677.115,25,14,47,1086
2020-09-14 0:00,657.115,24,14,47,1082
2020-09-14 1:00,653.115,24,14,47,1077
2020-09-14 2:00,640.115,24,14,47,1074
2020-09-14 3:00,636.115,24,14,47,1070
2020-09-14 4:00,628.115,23,14,47,1064
2020-09-14 5:00,624.115,24,14,47,1056
2020-09-14 6:00,615.115,24,13,47,1047
2020-09-14 7:00,607.115,24,13,46,1041
2020-09-14 8:00,598.115,24,13,46,1035
2020-09-14 9:00,590.115,22,13,45,1030
2020-09-14 10:00,575.115,21,13,45,1028
2020-09-14 11:00,570.115,20,13,45,1023
2020-09-14 12:00,570.115,19,13,45,1014
2020-09-14 13:00,558.115,19,13,44,1004
2020-09-14 14:00,554.115,19,13,43,997
2020-09-14 15:00,558.115,19,13,43,988
2020-09-14 16:00,541.115,19,13,43,986
2020-09-14 17:00,541.115,21,13,43,980
2020-09-14 18:00,548.115,22,13,43,972
2020-09-14 19:00,545.115,23,13,43,961
2020-09-14 20:00,541.115,23,13,42,955
2020-09-14 21:00,537.115,22,13,42,955
2020-09-14 22:00,537.115,22,13,42,955
2020-09-14 23:00,537.115,23,13,41,955
2020-09-15 0:00,541.115,22,13,41,955
2020-09-15 1:00,537.115,22,13,40,955
2020-09-15 2:00,533.115,22,13,40,951
2020-09-15 3:00,520.115,22,12,40,955
2020-09-15 4:00,512.115,22,12,40,955
2020-09-15 5:00,500.115,23,12,40,955
2020-09-15 6:00,485.115,23,12,39,955
2020-09-15 7:00,481.115,22,12,39,955
2020-09-15 8:00,477.115,22,12,39,953
2020-09-15 9:00,468.115,21,12,39,951
2020-09-15 10:00,456.115,20,12,39,946
2020-09-15 11:00,456.115,19,12,38,940
2020-09-15 12:00,439.115,18,12,38,938
2020-09-15 13:00,439.115,17,12,38,930
2020-09-15 14:00,430.115,17,12,37,925
2020-09-15 15:00,422.115,17,12,37,924
2020-09-15 16:00,422.115,18,12,36,918
2020-09-15 17:00,422.115,21,12,37,907
2020-09-15 18:00,411.115,22,12,36,902
2020-09-15 19:00,411.115,23,11,36,897
2020-09-15 20:00,408.115,23,11,36,891
2020-09-15 21:00,404.115,23,11,36,891
2020-09-15 22:00,391.115,22,11,35,887
2020-09-15 23:00,395.115,22,11,35,883
2020-09-16 0:00,400.115,21,11,35,889
2020-09-16 1:00,408.115,21,11,35,893
2020-09-16 2:00,408.115,22,11,35,893
2020-09-16 3:00,408.115,22,11,35,897
2020-09-16 4:00,408.115,22,11,35,909
2020-09-16 5:00,408.115,23,11,35,927
2020-09-16 6:00,408.115,23,11,35,946
2020-09-16 7:00,408.115,22,11,35,963
2020-09-16 8:00,408.115,22,11,35,969
2020-09-16 9:00,408.115,22,11,35,959
2020-09-16 10:00,404.115,21,11,35,938
2020-09-16 11:00,395.115,20,11,34,918
2020-09-16 12:00,379.115,20,11,34,901
2020-09-16 13:00,374.115,19,11,34,885
2020-09-16 14:00,371.115,18,11,34,870
2020-09-16 15:00,364.115,17,11,33,846
2020-09-16 16:00,356.115,17,11,33,821
2020-09-16 17:00,352.115,18,10,33,795
2020-09-16 18:00,348.115,20,10,33,774
2020-09-16 19:00,348.115,21,10,33,765
2020-09-16 20:00,344.115,21,10,33,755
2020-09-16 21:00,352.115,21,10,33,744
2020-09-16 22:00,344.115,20,10,33,731
2020-09-16 23:00,360.115,20,10,33,721
2020-09-17 0:00,356.115,20,10,33,715
2020-09-17 1:00,360.115,19,10,33,711
2020-09-17 2:00,364.115,18,10,32,709
2020-09-17 3:00,364.115,18,10,32,709
2020-09-17 4:00,360.115,19,10,32,711
2020-09-17 5:00,360.115,20,10,32,711
2020-09-17 6:00,364.115,20,10,32,717
2020-09-17 7:00,360.115,20,10,32,725
2020-09-17 8:00,360.115,19,10,32,731
2020-09-17 9:00,344.115,18,10,32,727
2020-09-17 10:00,344.115,17,10,32,715
2020-09-17 11:00,333.115,16,10,32,713
2020-09-17 12:00,321.115,15,10,32,722
2020-09-17 13:00,313.115,15,10,32,742
2020-09-17 14:00,302.115,14,10,32,762
2020-09-17 15:00,299.115,15,10,32,788
2020-09-17 16:00,284.115,15,10,31,816
2020-09-17 17:00,268.115,16,10,31,834
2020-09-17 18:00,257.115,18,10,31,859
2020-09-17 19:00,254.115,19,10,31,889
2020-09-17 20:00,251.115,19,10,31,904
2020-09-17 21:00,240.115,19,10,31,899
2020-09-17 22:00,240.115,19,10,31,885
2020-09-17 23:00,229.115,18,10,30,862
2020-09-18 0:00,226.115,18,10,30,844
2020-09-18 1:00,226.115,18,10,30,825
2020-09-18 2:00,212.115,18,10,31,807
2020-09-18 3:00,212.115,19,10,31,792
2020-09-18 4:00,205.115,19,10,31,777
2020-09-18 5:00,201.115,19,10,31,762
2020-09-18 6:00,212.115,20,10,32,751
2020-09-18 7:00,212.115,20,10,32,739
2020-09-18 8:00,212.115,19,10,32,725
2020-09-18 9:00,198.115,18,10,32,707
2020-09-18 10:00,198.115,17,10,32,689
2020-09-18 11:00,205.115,17,10,32,675
2020-09-18 12:00,205.115,15,10,32,676
2020-09-18 13:00,215.115,15,10,32,694
2020-09-18 14:00,223.115,15,10,32,721
2020-09-18 15:00,229.115,15,10,31,744
2020-09-18 16:00,237.115,16,10,31,762
2020-09-18 17:00,251.115,17,10,31,778
2020-09-18 18:00,265.115,18,10,31,792
2020-09-18 19:00,276.115,19,10,31,804
2020-09-18 20:00,288.115,20,10,31,798
2020-09-18 21:00,306.115,20,10,31,794
2020-09-18 22:00,313.115,19,10,31,781
2020-09-18 23:00,309.115,18,10,30,765
2020-09-19 0:00,302.115,19,10,29,753
2020-09-19 1:00,299.115,19,10,29,743
2020-09-19 2:00,295.115,18,10,29,735
2020-09-19 3:00,288.115,18,10,29,731
2020-09-19 4:00,281.115,18,10,29,731
2020-09-19 5:00,272.115,19,10,29,731
2020-09-19 6:00,261.115,18,10,29,731
2020-09-19 7:00,247.115,18,10,29,731
2020-09-19 8:00,240.115,18,10,29,731
2020-09-19 9:00,233.115,18,10,29,723
2020-09-19 10:00,229.115,17,10,29,713
2020-09-19 11:00,212.115,16,10,28,705
2020-09-19 12:00,205.115,15,10,30,703
2020-09-19 13:00,201.115,14,10,30,707
2020-09-19 14:00,192.115,14,10,30,720
2020-09-19 15:00,185.115,14,10,30,728
2020-09-19 16:00,199.115,14,10,30,734
2020-09-19 17:00,208.115,14,10,30,742
2020-09-19 18:00,219.115,15,10,30,748
2020-09-19 19:00,215.115,17,10,29,759
2020-09-19 20:00,223.115,19,10,29,759
2020-09-19 21:00,223.115,19,10,29,759
2020-09-19 22:00,226.115,19,10,29,753
2020-09-19 23:00,226.115,18,10,29,748
2020-09-20 0:00,226.115,18,10,28,745
2020-09-20 1:00,226.115,18,10,28,739
2020-09-20 2:00,223.115,17,10,28,732
2020-09-20 3:00,211.115,17,10,28,721
2020-09-20 4:00,209.115,18,10,28,714
2020-09-20 5:00,209.115,18,10,28,705
2020-09-20 6:00,195.115,18,10,28,696
2020-09-20 7:00,195.115,18,10,28,689
2020-09-20 8:00,181.115,17,9,28,678
2020-09-20 9:00,178.115,17,9,28,672
2020-09-20 10:00,167.115,16,9,28,662
2020-09-20 11:00,167.115,15,9,27,658
2020-09-20 12:00,157.115,15,9,27,650
2020-09-20 13:00,160.115,14,9,27,646
2020-09-20 14:00,157.115,13,9,28,646
2020-09-20 15:00,153.115,13,9,27,654
2020-09-20 16:00,157.115,13,9,27,660
2020-09-20 17:00,164.115,13,9,27,664
2020-09-20 18:00,157.115,14,9,27,668
2020-09-20 19:00,167.115,16,9,27,679
2020-09-20 20:00,167.115,18,9,27,682
2020-09-20 21:00,167.115,20,9,27,689
2020-09-20 22:00,171.115,20,9,27,697
2020-09-20 23:00,167.115,19,9,27,699