date,lfalls,seneca,goose,monoc_jug,por,shen_mill,antietam,opequon,conoco,hancock,cacapon,sideling,pawpaw,town,sbr,patterson,nbp_cumb,wills,luke,barnum,bloomington,kitzmiller,barton,jrr_level,sav_level,edwards_level,bennett,unity,cattail,hawlings,cedar
2020-01-01,1578.115,31,41,389,1495,302,66,37,143,624,48,11,546,16,129,21,305,77,216,150,48,99,22,NA,NA,4.83,59.9,33.9,23.3,24,68.4
2020-01-02,1332.115,28,35,291,1476,297,63,33,125,602,50,10,529,15,126,21,297,70,214,150,48,88,19,NA,NA,4.65,51.9,30.8,21.5,21.8,51.5
2020-01-03,1226.115,31,34,263,1414,300,64,33,119,588,48,9,518,14,121,21,294,68,215,150,48,94,18,NA,NA,4.57,56.2,32.6,23.1,23.4,58.3
2020-01-04,1237.115,40,46,302,1408,300,66,34,131,577,47,10,524,16,119,21,311,88,216,150,48,116,19,NA,NA,4.57,70.5,38.4,26.9,30.5,119
2020-01-05,1380.115,40,73,344,1389,305,66,36,138,588,46,11,546,18,120,20,319,95,190,136,36,165,20,NA,NA,4.67,67.1,35.4,23.9,31.2,187
2020-01-06,1254.115,31,62,264,1397,308,63,35,127,599,46,10,518,17,124,20,278,95,166,123,30,127,19,NA,NA,4.59,56.7,31.1,21.6,24.5,99.3
2020-01-07,1181.115,29,53,230,1414,311,64,34,119,563,45,10,498,16,133,20,268,88,166,123,30,109,19,NA,NA,4.56,53.4,30.3,21.5,23.4,78.4
2020-01-08,1164.115,31,51,225,1375,316,63,33,116,557,45,10,496,14,135,19,259,79,165,123,30,93,17,NA,NA,4.5,53,31.2,22.4,24.5,83.8
2020-01-09,1091.115,28,48,211,1336,311,61,32,107,538,44,8,476,12,136,19,241,66,164,123,30,88,13,NA,NA,4.44,48.7,29,21,23.2,87.4
2020-01-10,1016.115,27,44,188,1285,300,59,32,97,518,41,8,459,13,129,19,234,60,161,123,28,94,13,NA,NA,4.34,47.4,28.5,21.1,22,78.1
2020-01-11,937.115,27,45,189,1246,300,58,33,101,504,43,8,448,14,128,22,239,63,168,123,31,173,16,NA,NA,4.29,49,28.9,21.4,21.8,91.4
2020-01-12,1066.115,43,70,1089,1420,328,116,103,192,638,85,41,952,70,406,121,420,159,194,125,38,426,58,NA,NA,4.33,81.6,42.4,32,36.1,310
2020-01-13,2276.115,32,86,790,1890,384,117,97,231,1747,216,62,1593,75,664,106,462,160,288,195,76,271,57,NA,NA,5.62,67.5,36.1,24.4,26.6,166
2020-01-14,2500.115,30,70,445,3136,448,94,64,194,1747,194,41,1445,52,535,80,554,147,356,235,90,227,43,NA,NA,5.66,60,33.8,22.9,24.4,121
2020-01-15,3200.115,29,68,375,3248,689,90,55,177,1607,157,32,1338,45,434,65,543,131,347,229,90,221,34,NA,NA,6.41,57.5,33.1,22.2,23.7,109
2020-01-16,3088.115,28,60,330,3052,697,84,48,158,1425,133,26,1173,39,356,55,510,116,344,228,90,204,29,NA,NA,6.15,53.1,31.7,21.2,22.5,86.3
2020-01-17,2724.115,26,51,276,2741,613,79,42,138,1249,109,20,1028,32,294,45,473,97,342,228,89,177,23,NA,NA,5.84,47,30.1,19.6,20.6,65.3
2020-01-18,2360.115,27,46,239,2428,546,76,39,127,1106,93,17,930,27,254,41,468,94,342,234,82,187,23,NA,NA,5.59,48.3,31.8,21.2,22.3,54.7
2020-01-19,2186.115,43,57,294,2212,496,80,44,135,1064,83,20,1014,37,253,57,563,122,353,232,66,459,72,NA,NA,5.43,69.9,44.8,28.6,33,84.1
2020-01-20,2007.115,31,53,316,2117,470,76,45,129,1198,82,18,1100,38,283,62,521,94,350,232,83,278,55,NA,NA,5.36,55.2,36.3,22,25.1,63
2020-01-21,1870.115,27,41,233,2181,445,72,40,102,1156,80,14,997,27,251,54,490,70,353,232,91,220,35,NA,NA,5.3,45,31.6,20.4,22.2,46.9
2020-01-22,1864.115,26,39,196,2097,414,69,36,103,1044,65,15,902,27,216,47,465,68,350,231,91,182,30,NA,NA,5.21,40.5,31.1,19.9,21.7,40.6
2020-01-23,1696.115,25,40,187,1938,389,68,34,103,955,60,14,846,25,197,40,456,71,347,231,90,175,24,NA,NA,5.05,41.8,30.4,19.5,20.8,39
2020-01-24,1539.115,25,43,190,1814,364,67,34,104,924,66,14,815,26,190,36,442,74,347,230,90,166,20,NA,NA,4.93,44.6,31.8,20.1,20.8,37.6
2020-01-25,3648.115,239,627,1520,2688,669,162,294,563,1963,336,280,2349,288,874,192,1518,722,647,420,164,602,141,NA,NA,4.95,518,203,125,214,1010
2020-01-26,7960.115,110,297,1862,8036,2052,201,239,734,5880,983,181,4620,210,2226,203,1616,524,820,557,201,333,109,NA,NA,8.22,164,74,41.2,60.3,381
2020-01-27,11852.115,68,177,689,10864,2828,141,119,445,4452,529,91,3276,118,1288,150,1268,319,725,470,200,258,67,NA,NA,10.85,114,54.3,30.2,37.5,204
2020-01-28,9528.115,47,133,515,7896,1960,127,87,342,3080,350,57,2391,81,888,119,988,221,627,423,163,218,45,NA,NA,9.17,93.7,46.1,26.7,30.3,142
2020-01-29,6812.115,37,109,420,5964,1422,115,72,279,2355,256,40,1907,62,664,99,837,165,521,333,144,187,33,NA,NA,8.04,80,41.2,24.7,26.7,108
2020-01-30,5188.115,32,93,353,4816,1114,107,62,236,1901,199,31,1504,50,507,83,624,130,384,244,106,167,25,NA,NA,7.28,71.3,37.7,23.4,24.6,87.8
2020-01-31,4124.115,30,84,311,4004,924,101,56,209,1529,161,25,1207,42,412,70,504,109,328,228,73,155,21,NA,NA,6.71,66.3,35.9,22.9,23.5,76.6
2020-02-01,3396.115,29,78,291,3360,792,97,53,192,1294,137,22,1056,38,356,62,465,98,316,228,65,156,19,NA,NA,6.26,64.1,35.7,22.9,23.2,75.2
2020-02-02,2864.115,30,78,286,2940,722,96,52,183,1176,122,21,991,38,319,53,462,97,316,227,64,180,19,NA,NA,5.97,65.4,36.8,24,24.4,81.9
2020-02-03,2556.115,28,72,269,2705,664,93,50,169,1114,115,19,932,34,294,45,445,95,294,227,42,186,18,NA,NA,5.75,59.1,33.9,22.1,22.5,72.1
2020-02-04,2332.115,27,66,241,2537,619,88,46,155,1036,104,16,846,30,267,40,409,96,276,227,30,137,18,NA,NA,5.58,56.7,32.6,22,21.7,63.3
2020-02-05,2119.115,26,63,226,2377,577,85,44,147,944,92,14,804,27,253,36,414,105,276,226,30,147,19,NA,NA,5.43,53.7,32.9,21.8,21.6,50.1
2020-02-06,2138.115,46,78,361,2439,591,89,67,142,918,87,13,798,26,257,35,414,108,276,226,30,151,19,NA,NA,5.41,153,66.5,42.9,37.7,225
2020-02-07,3144.115,97,302,988,3108,778,149,245,240,1005,148,24,1086,44,672,57,512,174,283,227,31,216,30,NA,NA,5.89,285,102,61.8,88.4,552
2020-02-08,5216.115,59,256,1257,4536,1854,192,252,406,2940,834,49,2794,68,1868,82,540,186,280,227,31,195,34,NA,NA,7.59,145,62.3,33.9,43.7,239
2020-02-09,6812.115,40,160,554,7672,2769,139,123,291,3192,538,40,2271,52,1243,73,510,173,249,192,31,163,33,NA,NA,8.21,110,51.6,28,31.8,140
2020-02-10,7764.115,39,134,456,6720,2122,128,94,246,2316,361,36,1725,48,893,67,468,194,242,155,59,414,48,NA,NA,8.58,103,51,28.4,31.3,126
2020-02-11,6448.115,89,161,507,5460,1655,127,93,234,1907,283,36,1590,52,798,60,613,218,468,294,160,588,74,NA,NA,8,159,75.3,48.1,73.9,378
2020-02-12,5412.115,65,151,518,4760,1420,121,105,214,1985,241,31,1929,47,862,57,935,206,658,426,197,386,62,NA,NA,7.52,124,61.2,35.2,45.4,261
2020-02-13,4824.115,69,148,470,4676,1316,120,99,219,2220,211,34,2055,56,818,59,1053,276,734,493,195,442,66,NA,NA,7.45,128,64.3,38.7,47,312
2020-02-14,4880.115,50,134,482,4788,1238,115,94,220,2327,194,37,2223,62,848,60,1165,263,722,512,150,381,60,NA,NA,7.51,106,54.4,30.6,37,225
2020-02-15,4684.115,38,109,361,4760,1148,106,78,190,2313,169,31,1999,51,784,56,888,213,577,423,113,288,47,NA,NA,7.4,90.9,48.3,26.9,30.6,134
2020-02-16,4488.115,35,103,314,4564,1095,102,72,178,1960,142,31,1742,50,666,54,801,177,462,339,77,257,38,NA,NA,7.16,88.5,47.6,26.5,29.3,114
2020-02-17,4068.115,33,97,305,4060,1008,101,67,173,1742,130,29,1439,46,563,51,574,145,367,277,60,232,31,NA,NA,6.83,83.5,45.1,25.5,27.5,99.8
2020-02-18,3620.115,32,90,283,3696,932,98,63,163,1464,123,24,1254,41,476,47,552,122,372,277,67,209,26,NA,NA,6.54,78,42.8,24.7,26.1,87.3
2020-02-19,3228.115,29,84,265,3276,871,95,59,157,1341,113,22,1156,38,409,43,538,110,372,276,67,226,25,NA,NA,6.2,73.7,41,24.2,25.4,78.5
2020-02-20,2864.115,28,78,241,3024,798,93,55,145,1235,102,18,1053,33,358,39,490,90,328,244,54,194,20,NA,NA,5.98,68.2,38.9,23.2,24.3,66.2
2020-02-21,2584.115,27,73,220,2778,731,90,52,134,1109,92,15,913,29,316,35,409,75,248,183,36,172,17,NA,NA,5.77,65.1,37.8,22.7,23.6,57.6
2020-02-22,2332.115,27,68,206,2540,678,86,50,127,969,83,13,776,26,286,32,297,69,167,120,31,159,17,NA,NA,5.56,62.1,36.8,22.6,22.9,50.4
2020-02-23,2102.115,27,67,197,2313,636,85,49,121,815,76,11,658,24,262,30,274,68,167,120,31,151,15,NA,NA,5.35,61.2,35.9,22.6,22.5,47.4
2020-02-24,1875.115,27,65,192,2111,602,83,47,118,750,72,12,627,23,245,28,267,65,162,120,26,145,14,NA,NA,5.15,59.6,35.3,22.3,22.2,44.7
2020-02-25,1718.115,30,67,190,1968,571,83,48,115,720,71,12,608,24,236,27,257,62,157,119,24,149,14,NA,NA,5.06,65.8,39.5,24.6,25.6,54.9
2020-02-26,1640.115,30,74,193,1924,577,82,47,113,697,72,11,594,23,232,26,257,64,158,119,24,122,13,NA,NA,5.03,65.5,38.5,24.3,24.9,63.6
2020-02-27,2276.115,116,184,423,2041,596,97,59,132,742,87,22,728,55,245,29,375,129,169,120,28,274,22,NA,NA,5.09,180,82.2,43.3,46.4,397
2020-02-28,2360.115,64,123,456,2078,605,95,60,144,966,101,29,801,54,248,28,336,102,165,116,31,173,18,NA,NA,5.49,97.7,49.5,26.6,28.9,164
2020-02-29,2141.115,48,99,286,2260,580,83,52,122,918,105,25,725,44,237,27,316,98,161,113,31,147,16,NA,NA,5.44,82,43.5,24.5,25.7,112
2020-03-01,2085.115,39,87,238,2201,549,80,49,111,843,90,22,666,38,220,26,300,92,160,113,31,130,18,NA,NA,5.31,73.8,40.6,23.1,23.7,87.3
2020-03-02,1881.115,36,81,218,2044,515,78,47,106,776,81,20,630,35,208,25,294,90,160,113,31,135,18,NA,NA,5.17,71.8,39.6,23.1,23.5,76.4
2020-03-03,1755.115,48,83,226,1929,482,81,47,110,756,78,21,627,36,205,26,311,99,165,114,31,245,25,NA,NA,5.07,80.8,44.7,26.9,27.7,73.1
2020-03-04,1679.115,39,83,261,1966,512,87,53,137,781,80,26,703,45,242,27,356,120,169,115,31,265,36,NA,NA,5.08,77.4,43.8,26.9,24.8,76.8
2020-03-05,1696.115,34,74,252,1957,479,81,50,136,879,83,23,829,41,364,27,333,111,167,115,31,198,38,NA,NA,5.09,67.6,38.7,23.7,22.7,59.9
2020-03-06,1668.115,33,69,212,2010,468,79,47,121,972,81,21,837,37,350,26,328,112,167,115,31,170,34,NA,NA,5.1,65,37.8,23.1,22.5,52.2
2020-03-07,1679.115,32,66,198,2041,454,75,45,115,932,74,21,792,36,319,25,322,105,166,115,31,158,28,NA,NA,5.1,60.9,36.3,22.2,21.6,45.3
2020-03-08,1674.115,30,61,185,2005,428,73,43,107,876,69,18,734,31,291,24,302,91,165,115,32,143,22,NA,NA,5.05,56.9,34.1,21.4,20.6,37.3
2020-03-09,1556.115,31,59,173,1901,409,72,41,102,809,65,16,672,29,262,24,288,82,149,98,32,139,19,NA,NA,4.93,55.5,33.2,21.3,20.3,35.5
2020-03-10,1458.115,29,59,169,1789,403,72,41,100,759,62,15,627,28,253,23,257,77,137,89,32,128,18,NA,NA,4.81,55.8,33.3,21.7,20.7,34.6
2020-03-11,1366.115,30,59,172,1750,403,73,41,103,714,60,16,613,29,253,23,258,77,137,89,32,136,17,NA,NA,4.77,55.5,33.6,21.7,20.9,34.4
2020-03-12,1318.115,29,57,170,1694,392,72,40,100,706,59,15,610,27,258,22,249,72,134,86,32,129,15,NA,NA,4.72,53.6,32.9,21.2,20.1,33.5
2020-03-13,1340.115,44,63,184,1655,389,74,42,103,706,60,15,613,27,255,23,251,74,127,85,27,140,15,NA,NA,4.72,67.1,40.6,26.9,26.7,42.5
2020-03-14,1318.115,34,63,192,1672,400,72,42,104,700,60,14,596,26,265,22,231,67,122,85,24,130,13,NA,NA,4.71,55.5,34,22.4,22.2,38.6
2020-03-15,1343.115,44,61,190,1708,400,71,43,99,697,63,13,644,25,316,23,240,73,123,85,24,126,14,NA,NA,4.72,80.4,47.2,30.3,29.5,35.4
2020-03-16,1352.115,36,63,184,1655,400,70,45,94,762,66,13,708,27,367,25,249,77,123,85,24,133,15,NA,NA,4.71,66,37.7,24.5,24.4,33.6
2020-03-17,1296.115,32,59,169,1714,398,67,43,90,832,68,13,762,26,392,26,247,79,124,85,24,131,16,NA,NA,4.71,60.8,35.5,23.1,22.5,32
2020-03-18,1315.115,31,56,161,1753,392,66,41,88,862,70,13,759,26,381,26,251,83,125,85,24,130,18,NA,NA,4.75,57.5,33.5,22.1,21.4,30.8
2020-03-19,1578.115,90,68,256,1868,412,74,55,156,941,74,56,958,86,375,35,496,286,142,87,30,270,61,NA,NA,4.79,115,60.3,43.6,67.8,34
2020-03-20,1772.115,59,72,479,2064,417,83,77,236,1476,99,94,1372,122,456,46,577,328,144,87,33,274,70,NA,NA,5.06,87.4,45.8,29,35.6,36.4
2020-03-21,2206.115,45,64,297,2856,428,73,61,191,1613,149,66,1291,91,459,47,482,245,143,87,34,231,50,NA,NA,5.45,75,40.3,25.1,27.8,38.8
2020-03-22,2640.115,37,58,232,2968,420,69,52,160,1417,137,46,1112,67,420,43,406,186,167,87,60,203,37,NA,NA,5.92,67.1,37.3,23.1,24.5,35.6
2020-03-23,2528.115,44,57,211,2694,414,69,48,145,1246,122,37,1014,56,381,39,403,157,183,87,73,186,30,NA,NA,5.66,71.6,40.4,25.3,26.1,34.8
2020-03-24,2276.115,49,61,240,2450,412,71,46,154,1168,111,35,969,54,350,37,386,143,182,87,73,178,26,NA,NA,5.48,72.3,40.5,25.4,25.3,40.6
2020-03-25,2136.115,53,63,250,2372,420,74,49,167,1142,118,38,1056,62,395,73,493,184,198,90,73,227,43,NA,NA,5.46,81.3,44.9,29.2,28.8,51.9
2020-03-26,2133.115,52,76,358,2422,434,81,62,225,1565,159,49,1512,77,526,97,535,185,193,89,73,227,50,NA,NA,5.48,80.7,44.4,27.5,28.2,67.2
2020-03-27,2360.115,44,67,300,3024,476,75,56,205,1725,196,45,1425,64,526,82,515,193,240,108,106,194,47,NA,NA,5.64,72.2,39.6,24.7,24.7,53.8
2020-03-28,3060.115,80,93,420,3276,496,84,70,279,1660,197,50,1434,67,521,91,633,209,353,199,127,328,42,NA,NA,6.18,154,75.2,55.2,53.3,119
2020-03-29,3508.115,63,119,759,3556,557,101,106,515,1929,237,69,1750,84,594,103,734,218,375,235,107,291,39,NA,NA,6.44,117,58.5,35.1,36.4,107
2020-03-30,4040.115,55,97,490,4368,574,91,79,428,2008,251,66,1582,75,487,88,661,199,350,235,86,232,34,NA,NA,6.95,98.1,50.1,28.8,29.5,77.2
2020-03-31,4180.115,53,85,381,4088,543,85,64,339,1750,216,52,1372,64,412,77,594,172,330,236,69,204,30,NA,NA,6.84,87.9,45.8,26.2,26.4,59.1
2020-04-01,3676.115,51,95,356,3640,524,89,62,316,1579,193,48,1294,61,389,76,588,167,319,235,57,211,29,NA,NA,6.53,90.3,48.9,28.1,28.4,81.2
2020-04-02,3256.115,36,90,325,3332,538,87,60,277,1537,208,40,1243,55,392,69,529,133,300,235,41,195,24,NA,NA,6.32,79,43.5,24.9,25.1,67.6
2020-04-03,2976.115,34,78,276,3136,529,82,53,239,1420,189,33,1106,46,361,62,465,113,235,174,35,134,20,NA,NA,6.11,72.4,39.9,23.3,23.1,51.2
2020-04-04,2752.115,33,73,246,2940,535,78,49,214,1266,162,29,958,41,328,55,350,100,183,130,34,118,17,NA,NA,5.9,68.7,38.4,23,22.5,40.1
2020-04-05,2500.115,32,70,229,2708,518,76,46,195,1089,146,25,854,38,308,48,325,91,177,125,34,110,16,NA,NA,5.69,66.5,37.2,22.6,21.9,37.3
2020-04-06,2234.115,32,67,214,2430,504,74,44,180,1005,133,23,798,35,288,44,311,83,176,125,34,99,14,NA,NA,5.44,63.5,35.6,21.9,21.3,36.5
2020-04-07,2015.115,32,65,198,2279,490,71,43,167,944,123,20,750,33,274,41,302,78,177,125,34,102,13,NA,NA,5.3,61.7,34.9,21.6,21.2,35.8
2020-04-08,1912.115,37,84,201,2181,498,75,49,173,921,123,21,781,36,283,46,339,100,231,183,34,269,24,NA,NA,5.26,64.4,36.5,23.5,22.2,49
2020-04-09,1872.115,36,79,233,2178,521,80,53,192,1047,183,26,1142,52,521,68,574,169,319,249,35,356,59,NA,NA,5.24,68.8,38.6,24.6,22.2,44
2020-04-10,1889.115,32,71,227,2349,521,78,54,177,1868,322,33,1697,64,672,72,661,210,342,250,63,300,80,NA,NA,5.27,60,35.6,21.9,20.2,36.5
2020-04-11,2194.115,30,62,192,3276,552,71,46,155,1910,277,28,1565,49,588,63,655,193,372,249,94,220,55,NA,NA,5.43,54.9,32.8,20.6,19.1,28.1
2020-04-12,2892.115,30,59,169,3332,563,66,43,140,1728,227,25,1417,43,496,57,630,165,381,249,103,181,40,NA,NA,6.13,54.1,31.7,20.3,19,25.9
2020-04-13,4852.115,302,267,725,3332,594,98,60,253,1896,271,76,1890,115,647,154,958,297,566,417,106,395,74,NA,NA,6.14,366,345,281,475,1340
2020-04-14,5496.115,152,221,1369,4592,832,132,108,347,3528,510,123,3304,140,1616,168,1182,263,658,473,120,350,83,NA,NA,7.22,155,97.4,61.5,100,465
2020-04-15,6896.115,113,178,571,7644,2397,108,84,294,4116,538,103,3164,117,1442,133,966,233,498,316,127,280,62,NA,NA,8.34,128,81,46,62.4,404
2020-04-16,8660.115,83,142,442,7868,2240,101,73,252,3360,498,74,2478,90,1103,106,748,194,400,254,110,246,44,NA,NA,9.24,103,62.9,33.9,41,211
2020-04-17,7176.115,65,117,356,6468,1772,97,59,220,2624,395,55,1996,72,868,92,641,162,384,248,103,217,34,NA,NA,8.34,89.8,55.9,30.2,34.3,136
2020-04-18,5748.115,59,109,325,5348,1411,97,54,231,2246,330,58,1834,80,725,86,770,252,445,308,104,395,66,NA,NA,7.64,88,54.5,29.5,32.6,115
2020-04-19,4768.115,54,98,316,4760,1176,96,50,234,2192,291,50,1851,73,680,75,832,252,482,342,104,322,67,NA,NA,7.27,79.3,49.4,26.7,30,95
2020-04-20,4292.115,47,89,278,4452,1025,90,47,206,2066,246,45,1705,64,591,66,778,214,479,342,104,255,51,NA,NA,7.04,76,47.8,26,28.6,85.3
2020-04-21,3928.115,42,83,254,4060,910,85,44,192,1859,213,41,1543,58,512,60,714,182,417,276,104,228,41,NA,NA,6.73,72.4,46,25.8,27.6,74.5
2020-04-22,3508.115,36,75,234,3668,809,81,41,178,1666,185,34,1341,51,445,53,591,150,367,247,90,212,32,NA,NA,6.41,66.3,42.6,23.8,25.7,64.2
2020-04-23,3116.115,36,69,213,3304,728,78,40,163,1445,159,28,1165,44,384,48,535,125,361,247,85,188,27,NA,NA,6.18,65.7,43.3,24.7,26.4,54.4
2020-04-24,3116.115,81,101,302,3052,700,87,46,179,1341,148,30,1190,54,372,59,666,161,535,412,87,364,31,NA,NA,6.14,127,72.7,49.4,63.6,179
2020-04-25,2920.115,50,96,412,2940,694,89,50,201,1599,157,32,1688,65,594,64,904,143,560,412,86,305,29,NA,NA,6.12,88.2,52.8,31.3,36.6,114
2020-04-26,3144.115,89,114,353,3332,742,90,57,206,1954,164,32,1772,81,664,82,960,237,647,448,119,454,56,NA,NA,6.11,122,72.5,46,64.1,232
2020-04-27,3760.115,75,160,585,4032,851,105,108,367,2800,243,88,3220,220,1184,229,1660,470,795,507,199,524,121,NA,NA,6.56,129,69.1,40.2,46.9,236
2020-04-28,4796.115,58,136,426,6104,1403,95,93,316,4284,535,91,3416,166,1170,170,1476,389,778,504,204,361,90,NA,NA,7.18,100,56.1,30.7,35.6,148
2020-04-29,7204.115,55,128,339,7224,1590,90,79,270,3584,479,70,2828,122,941,139,1277,286,770,504,202,319,64,NA,NA,8.9,91.9,52.2,29.2,32.3,123
2020-04-30,7848.115,169,568,1238,7252,1646,206,198,538,4060,655,189,4648,372,1688,456,2680,1050,1053,666,234,834,283,NA,NA,8.73,509,181,105,146,499
2020-05-01,14428.115,170,596,3892,13888,3696,431,316,1324,11060,2008,308,8008,395,3696,423,2534,798,1022,630,277,487,164,NA,NA,11.06,360,135,70.9,101,571
2020-05-02,22352.115,104,302,1114,18900,4564,270,155,829,7280,958,152,4900,211,2022,268,1627,437,846,507,275,370,90,NA,NA,13.61,191,85.1,41.1,50.6,255
2020-05-03,15100.115,82,227,728,11816,3024,220,109,591,4648,622,97,3472,147,1282,195,1322,305,703,398,236,328,63,NA,NA,11.1,151,72.1,34.9,39.5,173
2020-05-04,11068.115,94,367,624,8848,2428,204,106,476,3920,588,76,3388,140,1448,223,1308,255,885,599,220,658,83,NA,NA,10.01,156,78.4,43.2,52.5,800
2020-05-05,8912.115,70,215,493,8148,2377,174,90,389,4480,767,53,3584,102,1459,180,1406,191,952,644,219,381,69,NA,NA,9.67,117,62.3,31,35.3,253
2020-05-06,8828.115,78,231,470,8064,2044,163,83,361,3808,571,47,2996,89,1170,166,1114,179,633,384,177,361,58,NA,NA,9.51,127,76.6,45.6,46.7,183
2020-05-07,7932.115,72,197,546,6972,1697,157,79,336,3164,479,41,2433,77,986,152,815,148,470,322,103,325,43,NA,NA,8.86,114,69.9,37.7,39.4,133
2020-05-08,6728.115,66,157,448,6048,1448,149,71,297,2554,384,35,2022,64,815,136,762,136,529,372,115,308,40,NA,NA,8.18,108,63,34.5,34.7,104
2020-05-09,5888.115,64,154,804,5376,1252,175,80,319,2344,356,43,1991,72,717,131,865,147,566,423,94,406,46,NA,NA,8.03,122,72,40.2,39,105
2020-05-10,5440.115,38,129,535,5068,1095,150,68,272,2223,316,37,1806,58,630,117,762,125,490,358,84,297,43,NA,NA,7.62,95.7,58.3,29.8,31.7,83.9
2020-05-11,4796.115,36,116,384,4592,977,138,61,240,1949,270,34,1568,54,529,109,680,128,451,330,84,280,40,NA,NA,7.18,89.1,55.7,29.2,29.8,69.9
2020-05-12,4180.115,34,104,333,4060,882,132,56,220,1753,244,31,1445,50,473,102,655,115,445,328,83,263,33,NA,NA,6.79,81.9,52,27.9,28,59.4
2020-05-13,3620.115,32,93,314,3640,795,126,52,201,1607,218,26,1322,44,412,92,596,101,372,272,65,230,27,NA,NA,6.52,77,48.5,26.7,26.8,48
2020-05-14,3284.115,32,86,286,3304,734,120,50,186,1434,194,23,1117,39,361,79,496,91,330,247,57,207,24,NA,NA,6.27,73.1,46.8,26.1,25.9,43.5
2020-05-15,2976.115,36,84,269,2996,683,117,48,179,1263,176,21,1036,38,330,71,470,90,254,161,57,188,21,NA,NA,6.03,72.8,45.8,25.7,25.5,45.4
2020-05-16,2668.115,46,77,250,2722,664,112,47,170,1179,165,19,896,35,302,63,339,81,182,114,42,136,19,NA,NA,5.81,66.9,42.3,24,24.1,39.2
2020-05-17,2416.115,41,71,223,2548,619,106,45,159,1005,148,17,778,31,280,57,308,76,172,113,36,120,17,NA,NA,5.64,62.9,40.9,23.5,23.2,33.5
2020-05-18,2203.115,31,69,215,2274,585,105,43,150,916,138,15,731,29,262,51,300,71,170,113,36,110,16,NA,NA,5.4,62.9,41.4,23.6,23.1,31.3
2020-05-19,1934.115,31,67,204,2092,582,102,42,141,860,131,13,686,27,251,46,288,66,169,113,35,111,14,NA,NA,5.27,59.2,39.9,22.7,22.6,29.5
2020-05-20,1816.115,29,62,183,2033,622,97,40,130,804,120,11,655,23,262,43,277,59,167,112,35,105,12,NA,NA,5.17,54.3,37.5,21.5,21.3,25
2020-05-21,1713.115,26,62,171,1991,630,93,39,122,776,110,10,675,21,291,39,265,54,165,111,35,94,11,NA,NA,5.1,53.8,36.8,21.8,21.2,23.4
2020-05-22,1702.115,36,64,177,1996,717,96,41,121,798,106,10,678,22,294,42,283,62,170,112,35,136,14,NA,NA,5.08,65.5,49.3,25.7,27.6,31.9
2020-05-23,1898.115,41,106,226,2234,974,96,56,131,865,136,13,1033,30,661,63,417,151,171,112,35,147,38,NA,NA,5.18,70.5,48.7,27.2,31.4,49.8
2020-05-24,2214.115,34,81,211,2884,1537,90,47,120,1644,336,12,1476,24,862,51,361,124,168,112,35,121,29,NA,NA,5.51,57.4,39.4,23.3,24.2,37.9
2020-05-25,2976.115,31,67,177,4172,1795,86,42,111,1607,283,9,1210,20,694,46,342,112,167,112,35,123,26,NA,NA,6.03,54.6,37.7,22.6,22.9,30.2
2020-05-26,3704.115,33,61,162,3808,1436,84,39,105,1372,220,8,1109,19,633,41,319,97,167,111,35,104,22,NA,NA,6.43,51.6,35.5,21.6,21.6,26.7
2020-05-27,3116.115,35,58,151,3276,1224,82,37,99,1229,177,7,966,17,501,38,300,84,165,111,35,92,18,NA,NA,6.06,48.4,33.3,21,20.7,22.6
2020-05-28,2724.115,34,55,144,2884,1050,81,37,96,1078,151,7,865,17,420,36,328,101,235,154,38,134,38,NA,NA,5.79,51.1,34.8,22.3,21.7,21.8
2020-05-29,2388.115,30,53,169,2612,955,88,38,100,1072,134,8,1103,42,423,43,560,129,308,210,53,187,67,NA,NA,5.58,48.3,33.6,21.5,21.3,21.7
2020-05-30,2248.115,34,50,184,2629,1109,87,38,100,1291,126,8,1137,32,431,44,526,110,325,228,60,122,45,NA,NA,5.56,45.6,32.2,20.3,20.4,26.8
2020-05-31,2388.115,32,48,156,2996,1215,77,35,93,1207,108,6,1036,23,392,40,470,97,252,154,60,101,31,NA,NA,5.67,41.4,29.4,18.4,18.6,20.7
2020-06-01,2528.115,27,47,130,2856,1128,72,33,82,1078,93,5,862,19,339,37,333,83,181,92,59,86,23,NA,NA,5.71,39.6,28.2,17.7,17.6,16.5
2020-06-02,2304.115,23,44,120,2540,980,69,32,76,882,82,4,720,17,294,34,286,73,152,82,45,78,18,NA,NA,5.43,39.9,27.6,17.7,17.5,14
2020-06-03,1948.115,23,41,118,2159,840,69,32,74,773,75,4,636,16,264,31,253,65,141,82,37,71,15,NA,NA,5.11,39.6,27.4,18.3,17.4,13.5
2020-06-04,1629.115,24,39,114,1912,731,67,31,74,697,73,4,582,15,241,28,241,59,140,82,36,72,13,NA,NA,4.9,37.9,26,16.7,17.2,13.4
2020-06-05,2192.115,202,91,159,1963,798,74,40,158,675,94,4,616,23,288,33,248,55,141,82,36,95,12,NA,NA,4.94,789,128,56.6,80.7,78.3
2020-06-06,3060.115,193,139,189,2940,2016,72,234,126,787,144,4,1081,22,865,65,259,49,136,82,33,113,10,NA,NA,5.62,252,76.1,37.2,58.4,81.8
2020-06-07,3312.115,76,78,135,3444,1837,66,71,95,1588,291,4,1179,16,759,57,212,42,131,82,31,97,8,NA,NA,6.03,101,40,21.9,27.2,30.8
2020-06-08,2948.115,42,60,112,3584,1448,63,50,82,1243,192,3,899,13,524,51,196,38,127,82,28,89,7,NA,NA,6.01,76.4,32.9,19.3,21.4,20
2020-06-09,2864.115,38,53,102,2856,1067,60,43,75,974,139,2,731,12,395,46,185,35,122,81,24,85,6,NA,NA,5.66,65.4,30,18,18.9,16.2
2020-06-10,2178.115,37,47,98,2265,868,59,40,72,882,124,3,717,11,370,45,176,33,120,82,22,88,6,NA,NA,5.27,64.4,28.5,18,17.9,14.8
2020-06-11,2724.115,200,62,127,1968,731,59,39,94,1039,137,4,876,11,440,52,196,34,120,82,22,92,7,NA,NA,5.07,245,89.5,66.6,57,470
2020-06-12,1906.115,80,48,132,2041,636,58,37,88,958,101,3,680,10,308,44,178,30,120,81,19,81,5,NA,NA,5.06,88.8,39.5,24.7,24.1,110
2020-06-13,1704.115,46,38,102,1966,647,55,34,72,722,81,3,549,9,251,38,163,27,120,81,17,51,4,NA,NA,4.94,69.9,32,19.9,19.2,51.7
2020-06-14,1492.115,34,34,89,1683,591,53,33,66,602,69,2,482,8,226,35,160,26,120,81,17,53,4,NA,NA,4.58,62.5,29.2,18,17.7,32.2
2020-06-15,1156.115,31,31,85,1456,535,53,33,63,535,60,2,456,8,211,32,159,25,120,81,17,57,4,NA,NA,4.34,57.6,28,17.4,16.7,24
2020-06-16,954.115,28,29,83,1352,487,54,32,61,504,56,1,431,7,193,29,152,23,120,81,17,50,4,NA,NA,4.21,54.6,26.6,16.7,15.8,20.1
2020-06-17,878.115,34,28,80,1249,456,53,32,58,470,53,1,398,7,180,26,150,22,120,81,17,47,3,NA,NA,4.08,54.7,27.9,16.9,17.5,18
2020-06-18,951.115,48,43,88,1260,476,54,39,60,459,56,1,414,7,189,31,178,29,130,85,18,101,9,NA,NA,4.14,66.1,33.9,20.2,22.8,47
2020-06-19,909.115,33,46,87,1296,580,53,39,59,720,63,1,2036,8,2391,52,277,31,146,98,18,165,12,NA,NA,4.14,59.5,29,18,18.4,49.9
2020-06-20,1125.115,94,38,100,1590,890,52,34,63,3136,133,5,2912,9,2422,60,291,34,160,117,18,178,11,NA,NA,4.23,181,91.3,48.5,29.1,54.9
2020-06-21,2360.115,63,39,96,4984,1459,53,81,102,2800,138,4,2304,11,1658,52,253,28,158,118,18,99,21,NA,NA,4.46,75.1,42.3,23.7,20.6,35.1
2020-06-22,4516.115,68,38,100,4816,1260,52,49,91,1985,117,4,1607,9,1078,53,240,31,192,125,20,99,27,NA,NA,7.15,214,52.3,41.9,21.3,30.1
2020-06-23,4236.115,93,46,222,3920,1170,63,50,102,1588,122,4,1369,8,815,47,356,35,185,122,20,131,24,NA,NA,6.57,256,79.5,45.3,28,70.8
2020-06-24,3984.115,95,37,266,3640,1056,81,70,93,1439,184,4,1095,7,633,45,286,27,155,103,19,117,17,NA,NA,6.45,521,105,37.3,29.9,47.3
2020-06-25,3144.115,72,31,156,2912,843,60,48,79,1204,155,4,913,8,487,40,239,26,131,86,19,104,12,NA,NA,5.87,295,47,25.1,18.5,33.9
2020-06-26,2612.115,114,26,115,2430,700,55,44,89,1005,115,3,762,7,375,36,194,22,120,80,18,62,9,NA,NA,5.4,208,42.7,23.7,26,69.1
2020-06-27,1956.115,61,24,98,2036,610,50,38,77,795,87,2,619,6,311,31,174,20,120,79,18,55,8,NA,NA,5.03,122,35.9,21.7,17.3,28.5
2020-06-28,1570.115,45,21,89,1742,529,48,35,67,672,71,2,552,5,269,27,170,19,120,79,18,125,9,NA,NA,4.69,100,32.5,20.2,15.9,21.6
2020-06-29,1200.115,31,20,85,1501,473,47,35,61,596,62,1,524,5,266,25,165,18,134,101,18,160,6,NA,NA,4.4,84.8,30,18.9,14.8,18.7
2020-06-30,971.115,29,18,78,1358,456,47,32,56,571,57,1,515,4,238,24,182,16,146,115,18,88,5,NA,NA,4.22,76.1,27.8,18.4,13.6,15.1
2020-07-01,850.115,41,16,76,1294,412,47,32,52,554,57,1,470,4,203,22,179,15,147,116,18,69,4,NA,NA,4.18,120,32.4,27,16.3,12.3
2020-07-02,775.115,31,16,67,1193,358,45,31,49,498,48,1,428,4,179,20,176,14,127,93,17,73,4,NA,NA,4.01,74.9,27.3,19,14.3,10.9
2020-07-03,638.115,25,15,65,1109,347,43,29,47,456,43,1,384,4,161,18,146,13,120,83,17,76,3,NA,NA,3.89,65.3,24.8,17,12.9,9.8
2020-07-04,545.115,28,14,60,994,322,41,29,44,406,39,1,339,4,146,17,141,13,120,82,17,70,3,NA,NA,3.71,64.3,23.1,15.5,11.8,8.91
2020-07-05,453.115,26,12,57,963,311,41,28,42,370,36,1,319,3,134,15,162,12,197,82,106,67,3,NA,NA,3.7,61.1,22.6,15.6,11.5,7.68
2020-07-06,500.115,23,11,55,885,294,40,29,41,347,33,0,375,3,123,14,187,12,120,82,17,65,3,NA,NA,3.56,54.5,21.9,14.5,11.1,7.5
2020-07-07,747.115,31,17,52,862,278,39,31,41,398,31,0,291,3,122,14,143,15,120,82,17,66,5,NA,NA,3.56,50.8,21.6,14.6,11.1,7.35
2020-07-08,486.115,53,13,65,857,286,42,30,66,316,30,0,333,3,170,14,142,14,120,82,17,67,3,NA,NA,3.5,50.1,21.9,15.1,11.2,8.76
2020-07-09,349.115,28,11,63,874,328,40,29,53,372,29,0,367,5,152,15,136,12,120,82,17,62,3,NA,NA,3.51,46.8,20.5,14,10.4,7.86
2020-07-10,330.115,26,10,56,871,325,39,27,46,378,31,0,308,5,121,13,134,14,120,84,18,62,4,NA,NA,3.5,45,19.8,13.5,10,6.7
2020-07-11,330.115,31,9,57,904,286,43,30,46,347,32,0,316,6,149,16,161,18,120,83,17,43,14,NA,NA,3.5,46.8,21.7,13.7,13.5,6.03
2020-07-12,355.115,27,10,53,868,251,39,27,42,358,34,0,375,5,157,17,145,15,120,73,17,29,6,NA,NA,3.5,43.8,21.1,13.1,10.3,5.98
2020-07-13,313.115,28,9,51,815,248,40,27,46,406,33,0,350,9,144,15,128,14,120,74,17,26,5,NA,NA,3.4,50.8,24.6,14.7,11,5.91
2020-07-14,243.115,25,8,49,862,254,41,26,48,375,30,1,300,7,117,13,129,13,120,78,17,24,5,NA,NA,3.39,41.2,19.6,12.7,9.57,5.56
2020-07-15,243.115,24,7,47,865,248,37,26,41,319,29,1,278,5,107,12,122,11,120,74,17,24,3,NA,NA,3.44,37.6,17.9,11.9,8.87,5.53
2020-07-16,240.115,23,7,42,812,233,36,26,36,302,29,1,257,4,100,12,174,31,120,68,17,24,3,NA,NA,3.38,36,17.2,11.4,8.5,5.99
2020-07-17,209.115,21,6,43,725,225,38,26,37,356,30,1,473,25,93,12,196,29,120,66,17,52,9,NA,NA,3.19,34.8,17.2,11.3,8.31,5.27
2020-07-18,108.115,20,6,41,722,211,36,25,38,468,26,1,336,12,83,11,148,21,120,65,17,36,5,NA,NA,3.19,33.1,15.9,10.6,7.52,4.66
2020-07-19,89.115,19,5,41,798,193,34,25,34,342,24,1,259,7,79,11,125,15,120,64,17,25,4,NA,NA,3.19,31.6,15.1,10.3,7.13,4.14
2020-07-20,122.115,22,5,38,787,193,34,24,34,277,23,1,235,5,76,10,117,12,120,64,17,23,3,NA,NA,3.31,30.5,14.7,9.96,6.94,3.81
2020-07-21,201.115,21,5,34,683,202,33,25,30,265,23,0,225,5,78,10,125,25,120,64,17,25,3,NA,NA,3.14,28.8,14,9.56,6.72,3.65
2020-07-22,391.115,35,11,39,650,235,36,27,62,260,28,0,270,5,90,11,133,27,120,64,17,26,3,NA,NA,3.11,31.1,14.6,10.6,11.3,89.6
2020-07-23,464.115,38,23,48,795,288,46,50,82,302,26,0,275,17,103,14,130,20,120,64,17,60,3,NA,NA,3.2,36.8,16.9,12.2,11,33.9
2020-07-24,551.115,36,33,59,904,280,48,56,61,350,78,0,372,34,125,15,136,17,120,64,17,104,8,NA,NA,3.44,41.5,19.2,20.6,12.4,10.9
2020-07-25,596.115,41,23,64,949,314,45,87,95,557,196,4,395,19,159,17,135,14,120,64,17,69,4,NA,NA,3.64,33.6,26.9,24.3,12.7,21.5
2020-07-26,520.115,29,16,52,1168,375,41,46,75,549,138,3,325,10,116,14,118,13,120,64,17,37,3,NA,NA,3.64,29.7,15.7,13.4,8.7,9.71
2020-07-27,612.115,23,11,50,1201,333,37,35,54,409,84,2,264,7,93,13,111,11,120,64,17,27,3,NA,NA,3.93,27.3,13.9,11.5,7.3,7.31
2020-07-28,596.115,21,8,45,1044,294,35,32,45,328,60,1,234,5,79,12,108,10,120,65,17,24,2,NA,NA,3.71,24.9,12.9,10.3,6.41,11.1
2020-07-29,439.115,19,7,40,826,250,35,28,41,286,46,1,215,4,72,11,109,10,120,69,17,23,2,NA,NA,3.38,23.7,12.5,9.84,5.84,9.56
2020-07-30,246.115,20,6,37,706,229,34,27,39,256,38,1,209,4,68,10,111,9,120,71,17,24,2,NA,NA,3.2,23.3,12.3,10.1,5.38,7.78
2020-07-31,307.115,32,8,38,680,231,34,30,39,248,34,1,215,4,72,11,124,11,120,70,17,86,3,NA,NA,3.19,37.9,16.7,15.8,7.68,8.83
2020-08-01,248.115,23,10,40,650,235,36,54,40,267,33,1,235,4,96,15,132,14,120,71,17,88,3,NA,NA,3.12,32.9,15.9,12.9,7.75,12.6
2020-08-02,131.115,20,9,46,689,267,35,59,126,344,43,4,403,60,180,16,129,13,120,70,17,104,3,NA,NA,3.15,28.5,14.3,11.7,6.85,8.96
2020-08-03,156.115,22,10,73,1005,381,40,46,78,493,109,4,420,15,194,15,118,11,120,69,17,52,2,NA,NA,3.19,32.9,13.1,11,7.16,7.56
2020-08-04,1679.115,161,27,123,1190,375,46,43,69,540,115,4,322,9,131,13,115,10,120,69,17,39,2,NA,NA,3.83,149,88.5,77.3,118,108
2020-08-05,1290.115,53,34,214,1240,370,53,77,97,403,81,2,271,7,106,12,111,9,120,69,17,34,2,NA,NA,4.21,51.8,26.5,21.2,26.5,49.3
2020-08-06,1150.115,36,21,124,1271,554,43,44,73,342,71,2,243,5,92,11,109,9,120,69,17,35,2,NA,NA,4.18,41.7,21.9,19,19.5,232
2020-08-07,1914.115,30,316,195,1613,552,48,41,61,314,66,1,236,5,88,11,130,17,120,69,17,49,2,NA,NA,4.57,40.2,26.5,18.2,14.6,111
2020-08-08,1273.115,26,45,143,1403,974,43,51,56,297,52,1,268,5,145,11,127,15,120,69,16,31,2,NA,NA,4.18,37.7,19.9,14.2,12.2,44.8
2020-08-09,1133.115,24,26,83,1627,927,38,39,60,339,96,1,392,6,247,11,117,11,120,68,16,26,2,NA,NA,4.28,32.7,17.3,12.9,10.5,27.6
2020-08-10,1052.115,21,19,68,1406,809,36,33,52,512,102,1,372,5,188,10,112,10,120,68,16,23,1,NA,NA,4.26,29.4,15.8,11.9,9.77,18.7
2020-08-11,864.115,19,15,58,1630,1042,35,30,46,426,69,1,305,4,148,9,108,9,120,68,16,20,1,NA,NA,4.17,28.4,15,10.7,8.76,14.6
2020-08-12,1399.115,18,37,66,1518,717,34,28,41,356,52,0,267,3,121,11,118,11,120,69,16,27,1,NA,NA,4.55,31,14.6,24.9,9.2,20.4
2020-08-13,2077.115,22,43,78,1198,577,33,31,39,314,45,0,384,3,206,23,198,40,120,68,16,73,2,NA,NA,4.16,38.1,16.8,27,10.6,420
2020-08-14,968.115,22,27,52,1095,549,32,30,43,490,51,0,496,3,230,12,143,21,120,67,16,26,1,NA,NA,3.84,33.1,39,24.8,17,85.5
2020-08-15,691.115,25,20,46,1067,566,33,45,39,490,48,1,389,3,195,10,127,15,120,67,16,32,1,NA,NA,3.78,51,44.9,22.2,16.8,42
2020-08-16,1228.115,79,49,47,1403,647,36,47,38,437,61,1,434,3,630,11,134,15,120,67,16,63,2,NA,NA,3.89,69.3,56.8,45.4,51,233
2020-08-17,1195.115,36,35,48,1924,1674,35,46,39,902,54,1,1344,3,1072,10,124,12,120,67,16,36,2,NA,NA,4.26,41.5,27.7,23.3,19.7,118
2020-08-18,1816.115,27,23,48,2940,1943,35,35,37,1235,81,1,924,3,647,9,116,11,120,68,16,27,1,NA,NA,5.09,33.3,22.4,19.5,15.4,80.9
2020-08-19,2500.115,27,18,44,3052,1422,34,31,34,893,73,0,666,3,426,8,114,10,120,69,16,25,1,NA,NA,5.69,33.9,22.2,18.7,13.4,82.4
2020-08-20,2242.115,25,16,40,2302,1064,33,31,32,666,59,0,510,2,297,7,112,9,120,69,16,23,1,NA,NA,5.09,30.4,18.9,15.5,11.5,51
2020-08-21,1595.115,23,14,36,1918,1039,31,28,31,515,48,0,414,2,245,7,111,8,120,68,16,21,1,NA,NA,4.74,28,17.1,13.8,10.4,33
2020-08-22,1346.115,22,13,35,1700,888,30,27,29,440,41,0,361,2,200,7,111,8,120,68,16,20,1,NA,NA,4.5,27.6,16.6,13.6,10.1,25.4
2020-08-23,1116.115,22,14,47,1386,697,31,29,31,389,37,0,322,2,177,6,111,9,120,68,16,19,1,NA,NA,4.17,33.2,35.3,31.1,9.7,26.8
2020-08-24,794.115,34,14,45,1254,627,35,28,34,361,36,0,361,2,291,6,111,9,120,65,16,18,1,NA,NA,4.07,53,37.4,27.1,10.1,24.2
2020-08-25,752.115,27,12,34,1562,1187,32,28,33,434,33,0,490,2,300,7,111,12,120,63,16,17,3,NA,NA,3.95,31,21,16.7,9.95,36.9
2020-08-26,1021.115,22,13,31,1487,874,30,29,31,501,34,2,414,3,225,9,124,12,120,63,16,22,4,NA,NA,4.23,27.1,18,14.8,8.66,38.9
2020-08-27,867.115,21,11,28,1406,697,30,29,29,426,32,1,342,3,173,7,110,12,120,63,16,19,2,NA,NA,4.18,24.4,16.1,13.1,8.2,19.4
2020-08-28,803.115,23,25,31,1257,594,30,26,28,364,35,1,297,3,151,6,118,16,120,62,16,17,6,NA,NA,4.05,23.6,16.3,16.6,10.4,98.2
2020-08-29,1041.115,50,86,55,1106,560,35,37,34,350,38,1,342,4,142,14,215,55,232,218,16,125,18,NA,NA,4,54.5,31.8,29.2,19.5,1450
2020-08-30,817.115,30,53,53,1170,678,33,37,45,398,35,1,510,4,164,11,364,34,255,210,16,74,8,NA,NA,3.97,39.9,23.2,20,13.5,373
2020-08-31,744.115,27,38,43,1299,725,31,31,46,582,31,1,588,5,279,9,197,22,120,62,16,40,5,NA,NA,3.99,31.5,18.8,16.7,11.6,414
2020-09-01,990.115,32,57,51,1473,666,46,53,50,616,35,1,459,4,344,10,144,35,120,62,16,33,6,NA,NA,4.22,39.5,20.9,16.9,14,522
2020-09-02,1097.115,30,47,92,2134,1523,43,49,50,585,38,2,826,6,602,10,176,55,120,62,16,78,7,NA,NA,4.42,41.5,22.1,19.4,14.6,328
2020-09-03,2332.115,112,42,174,2783,1680,49,51,54,893,42,2,734,6,428,11,183,57,120,63,16,139,7,NA,NA,5.41,225,78.8,49.5,50.7,238
2020-09-04,3032.115,123,53,145,2612,1274,41,66,50,762,55,2,680,7,339,15,242,80,120,62,16,260,9,NA,NA,5.59,109,56.1,33.9,43.2,222
2020-09-05,2183.115,44,31,85,2150,1008,35,45,59,717,44,1,566,6,275,11,167,42,120,62,16,114,6,NA,NA,5.07,48.8,28.3,20.3,16.9,251
2020-09-06,1623.115,30,22,60,1873,840,33,35,45,560,36,1,451,5,227,10,140,30,120,62,16,71,4,NA,NA,4.77,38.1,22.3,16.9,13,110
2020-09-07,1307.115,28,18,50,1604,706,32,31,39,456,32,1,381,4,188,9,128,23,120,62,16,54,3,NA,NA,4.43,33.6,19.5,15.4,11.1,74.7
2020-09-08,1021.115,25,15,43,1361,613,31,29,36,395,29,1,330,3,162,8,121,19,120,62,16,44,3,NA,NA,4.15,30.8,18,14.3,10.2,58.2
2020-09-09,783.115,23,14,40,1170,546,31,28,33,353,26,1,300,3,144,8,116,16,120,62,16,35,2,NA,NA,3.92,29.5,17.2,14.3,10.1,46.4
2020-09-10,1094.115,29,14,41,1137,812,32,130,32,328,26,1,283,3,130,7,113,15,120,62,16,31,2,NA,NA,3.87,43.1,19.8,21.9,40.9,145
2020-09-11,856.115,29,18,42,1742,955,33,138,31,311,33,1,263,2,119,7,110,14,120,63,16,30,2,NA,NA,3.85,41.9,22.8,20.8,28.3,95.2
2020-09-12,1116.115,24,17,46,1305,613,32,53,31,297,33,0,249,2,112,7,110,14,120,63,16,27,2,NA,NA,4.02,31.5,17.8,15.5,16.8,62.9
2020-09-13,750.115,25,14,44,1100,540,32,39,30,279,27,0,243,2,109,7,109,14,120,63,16,27,2,NA,NA,3.82,29.5,16.7,14.5,13.3,47.9
2020-09-14,556.115,22,13,43,986,476,30,33,31,268,25,0,241,2,103,7,111,15,120,63,16,26,2,NA,NA,3.63,27.2,15.9,13.3,11.4,38.5
2020-09-15,428.115,21,12,37,916,426,30,29,29,262,23,0,234,2,100,6,108,14,120,62,16,23,2,NA,NA,3.52,24.8,14.9,12.4,10.1,29.9
2020-09-16,372.115,20,10,34,818,392,31,27,28,253,22,0,224,2,93,6,104,12,120,63,16,22,1,NA,NA,3.36,25,14.6,12.2,10.1,25.7
2020-09-17,279.115,18,10,31,795,375,31,25,27,244,21,0,216,2,87,6,103,11,120,63,16,20,1,NA,NA,3.21,24.4,14.7,12.4,9.66,25.1
2020-09-18,251.115,18,10,31,742,370,31,25,27,235,21,0,209,2,81,6,103,11,120,63,16,20,1,NA,NA,3.2,24.6,14.9,12.3,9.88,40.9
2020-09-19,220.115,17,10,29,731,358,30,24,26,226,21,0,202,1,78,6,113,10,120,150,16,19,1,NA,NA,3.19,21.2,13.4,11.3,9.25,33
2020-09-20,167.115,16,9,27,680,342,29,23,24,219,20,0,262,1,75,5,180,10,120,150,16,17,1,NA,NA,3.09,20.3,13.3,10.9,8.5,25.9