date,unity,cattail,hawlings,kitzmiller,barnum,barton,bloomington,luke,wills,nbp_cumb,patterson,sbr,town,pawpaw,sideling,cacapon,hancock,conoco,opequon,antietam,shen_mill,por,monoc_jug,bennett,goose,seneca,lfalls,cedar
2021-01-01,93.3,75,67.7,892,945,76.7,179,1240,397,1870,222,1700,115,4150,66.1,685,5060,772,304,330,5000,14500,1080,236,516,224,16900,164
2021-01-02,203,112,149,1570,1140,162,183,1470,714,2600,616,4050,287,7080,142,1280,6250,1330,1290,546,5680,17000,5300,404,1380,612,23400,612
2021-01-03,96.7,46.3,64.6,1300,1240,281,272,1680,993,3330,544,5990,333,11100,218,2370,12800,1260,775,440,8570,22400,2810,190,846,360,25700,370
2021-01-04,84.3,39.8,51.5,1170,1240,286,331,1740,966,3450,474,4620,314,10000,209,1820,12600,1200,590,412,9430,28900,2330,159,797,293,31900,286
2021-01-05,72.4,33.7,40.7,950,1240,206,332,1720,810,3130,409,3550,263,8360,174,1400,10500,1040,462,383,8040,26000,1810,130,666,222,31500,199
2021-01-06,65.2,30.6,37,812,1230,138,332,1690,648,2830,346,2870,219,7040,139,1130,8700,910,389,358,6820,22300,1440,113,584,184,26900,155
2021-01-07,58.2,28.6,33.4,718,1230,102,332,1680,522,2580,290,2350,179,6000,110,940,7360,795,339,335,5840,19200,1210,104,512,157,22800,126
2021-01-08,53.6,27.8,31.5,653,932,82.1,328,1420,440,2360,253,1930,154,5250,90.8,796,6380,714,307,320,5100,16700,1050,97.1,469,142,19500,110
2021-01-09,49.7,27.9,30,593,734,67.6,325,1190,378,1830,221,1670,137,4410,78.2,696,5590,652,286,304,4540,14600,937,91.2,437,133,17100,99.6
2021-01-10,45.7,25.7,28.7,531,733,55.8,323,1170,321,1720,191,1470,119,3880,63.5,617,4780,595,265,289,4130,13000,814,83.8,401,124,15100,88
2021-01-11,43.5,25.3,28.3,416,729,48,228,1070,280,1610,168,1290,103,3540,47.9,542,4320,546,247,277,3800,11600,737,78.7,368,117,13500,80
2021-01-12,42.3,25,27.3,366,624,43.1,177,920,254,1430,150,1150,89.2,3160,48,477,3910,508,236,271,3510,10500,686,75.2,352,114,12300,73.8
2021-01-13,41,24.8,26.9,330,521,39.2,175,802,233,1200,137,1060,88,2820,49.4,431,3520,481,225,265,3280,9600,639,72.2,339,111,11300,69.1
2021-01-14,40.3,25.3,26.5,306,465,36.9,134,708,220,1150,127,988,79.6,2590,42.9,398,3170,463,219,258,3140,8840,611,71,321,110,10500,63.3
2021-01-15,39.6,24.8,26.2,305,426,35.5,109,627,211,986,121,942,75.5,2380,37.4,378,2990,444,212,253,2960,8210,593,69.7,308,109,9760,54.2
2021-01-16,43,27,28.7,295,425,32.4,109,623,217,1000,127,929,81.7,2320,39.2,366,2760,444,213,252,2860,7780,625,74,312,120,9290,68
2021-01-17,38.5,24.5,26.1,279,423,27.6,109,618,195,953,119,900,80,2260,39.7,358,2740,456,205,250,2780,7450,661,66.6,297,109,8880,63.2
2021-01-18,36.6,25,25.5,256,388,24.7,109,583,180,918,112,846,69.4,2140,33.6,346,2610,410,195,240,2720,7280,600,63.4,277,104,8510,56.6
2021-01-19,35.3,24.9,24.9,237,375,22.4,109,563,164,845,105,790,62.5,2000,29.1,316,2450,379,187,232,2590,6990,538,59.6,260,103,8190,49.3
2021-01-20,34.9,22.7,24.4,218,375,18.7,109,563,153,822,99.3,739,57.4,1870,25.8,291,2250,356,182,226,2440,6590,505,57.5,245,101,7780,45.6
2021-01-21,34.3,22.1,24.1,206,325,18.5,92.6,499,128,788,95.7,698,51.8,1780,22.7,272,2120,334,176,222,2320,6230,471,55.6,237,98.6,7290,42.3
2021-01-22,34,22.3,23.9,210,307,18.7,82.7,452,157,712,94.3,666,54.1,1690,23.4,253,2000,324,174,220,2230,5900,457,55.7,233,98.6,6810,42.9
2021-01-23,32.2,21.3,23.2,173,316,17,82.7,462,131,690,90.2,635,50.3,1580,22.7,240,1880,311,167,210,2150,5610,441,52.6,223,96.3,6500,39.3
2021-01-24,31.1,20.7,22.8,130,316,15.3,82.7,460,95.6,625,84,616,40.8,1490,17.3,231,1760,286,160,204,2090,5410,416,49.4,206,93.3,6160,34.8
2021-01-25,32.1,21.5,23.6,133,316,15.5,82.7,462,131,681,85.2,569,47.9,1470,21.1,211,1670,271,159,202,2020,5200,402,51.3,208,94.3,5930,38.2
2021-01-26,34,23,25,175,316,18.5,82.7,464,133,692,89.9,581,48.9,1490,20.2,211,1680,290,165,206,1980,5130,431,56.1,235,102,5820,72.3
2021-01-27,34.3,23,25.5,436,316,23.3,82.7,468,140,710,100,749,49.9,1570,21.2,229,1700,296,174,208,2050,5080,431,56.3,250,104,5830,84.9
2021-01-28,31.7,21.4,23.6,315,316,17.3,82.7,463,125,695,104,1150,49.8,2000,18.4,244,1860,281,166,202,2280,5060,419,50.9,224,97.4,5740,60.2
2021-01-29,29.1,21,22.3,228,315,16.2,81.8,459,101,643,97,1110,30.3,2070,12.9,244,2330,253,155,197,2430,5370,381,44.7,193,92.6,5850,45.1
2021-01-30,29.1,20.5,22.7,191,315,15.9,81.8,459,93.8,612,84.3,981,28.4,1840,14.5,199,2190,218,149,192,2260,5690,326,41.8,176,87,5980,39.6
2021-01-31,30.7,21.5,23.3,244,315,15.7,82.7,465,116,677,91.1,926,57,1880,20.8,195,2040,261,152,195,2170,5700,378,48.6,243,93.9,6220,41.3
2021-02-01,33.7,23.5,25.5,237,314,15.7,82.7,462,119,678,96.6,982,56.7,1920,24.2,203,2070,252,158,203,2210,5630,351,54.1,222,107,6420,50.6
2021-02-02,32.5,22.9,25.8,224,314,15.6,82.3,460,122,681,98.6,947,60.6,1960,29.1,210,2160,237,156,203,2220,5480,401,53.1,219,114,6370,53.4
2021-02-03,31.4,22,24.4,211,314,15.5,82.4,458,118,663,95.2,889,51.3,1870,24.9,215,2160,278,155,199,2200,5440,459,49.7,209,106,6280,66.4
2021-02-04,30.3,21.5,23.7,176,314,15.2,82.7,457,105,635,93,824,37.2,1740,19.7,215,2020,257,156,195,2130,5610,411,47.9,203,99,6350,72.5
2021-02-05,35.5,27.3,30.4,172,314,15,82.7,458,126,687,104,783,50.6,1750,27.8,220,1950,270,164,193,2110,5540,427,61.5,219,110,6360,98.6
2021-02-06,39.1,27.3,32.9,158,314,14.5,82.7,457,119,689,142,870,63.8,1870,38.1,231,2030,291,228,198,2130,5520,515,73.6,280,125,6500,102
2021-02-07,44.8,32.5,41.4,137,313,13.3,82.7,457,116,692,159,936,70.5,2080,47.2,283,2300,323,238,197,2210,5790,576,73.9,295,187,6920,212
2021-02-08,42.3,29.2,38.4,114,296,12.4,73,430,94.5,645,145,900,47.2,2030,37.6,306,2450,309,237,194,2300,6190,569,72,333,191,7620,215
2021-02-09,37,25.5,30.1,142,284,13.3,66.8,405,114,631,138,837,50,1910,45.9,295,2340,287,220,189,2340,6450,508,63.6,294,132,7520,131
2021-02-10,37.6,25.5,29.5,140,284,13.3,66.8,407,110,615,132,805,59.7,1820,39.1,282,2220,284,210,189,2510,6440,489,65.4,296,120,7550,109
2021-02-11,42.1,27.8,33,137,284,13.3,66.8,409,111,636,138,862,56.6,1870,36.6,298,2180,285,217,193,2510,6470,529,74.9,369,164,8110,193
2021-02-12,37.3,24.8,29.4,136,284,13.3,66.8,406,108,618,134,980,54.1,1950,34.1,301,2220,274,243,189,2720,6460,518,66.6,382,133,7970,146
2021-02-13,37,25.2,28.8,135,284,13.3,66.8,406,105,609,132,1080,51.1,2060,30.6,316,2320,264,225,186,2860,6610,487,64,348,124,7860,124
2021-02-14,36.1,24.8,28.7,133,284,13.3,66.8,404,103,600,130,1060,47.6,2060,28.4,326,2420,255,211,184,3030,6810,469,62.5,345,126,7930,181
2021-02-15,39.8,27.4,33.3,132,284,13.2,67,406,107,605,131,1040,50.5,2030,29.4,317,2390,260,206,185,3050,6950,478,68.1,356,135,8160,207
2021-02-16,175,110,186,130,284,13.2,68.3,418,210,801,208,1220,150,2530,120,351,2730,618,371,242,3340,7770,1520,323,962,569,12100,906
2021-02-17,90.2,39.9,59,129,284,13.3,67.8,412,208,842,297,2790,253,4450,251,606,4380,1280,537,306,4420,9950,3700,157,713,320,13400,308
2021-02-18,70.3,35,43.6,130,284,13.2,67.8,414,186,792,275,2910,180,4990,168,942,6330,953,374,286,7370,17000,1850,122,609,254,17600,206
2021-02-19,60.5,32.1,39.1,130,283,13.2,67.8,410,172,752,249,2530,134,4280,127,842,5650,760,318,264,7000,18100,1350,106,555,223,20500,195
2021-02-20,52,29.7,36.1,127,283,13.1,66.8,408,143,707,219,2050,106,3640,92,733,4870,646,282,255,5920,15600,1120,94.3,498,195,19000,223
2021-02-21,45.9,28,33.3,125,283,13.5,66.8,410,129,636,191,1700,76.8,3040,61.4,591,4070,545,248,242,5170,13500,909,84.4,441,163,16200,163
2021-02-22,55,33.7,49,125,283,15.9,67.5,412,159,717,187,1480,100,2890,86.2,516,3600,517,251,243,4730,11900,885,94.7,504,223,14700,235
2021-02-23,79.8,54.4,83.4,133,285,20.7,68.3,427,198,801,322,1950,115,3170,79.3,570,3570,514,325,249,4540,11000,933,134,655,307,14200,294
2021-02-24,101,56.6,76.7,353,290,45.5,69.8,469,336,1170,915,3440,221,6080,126,1040,5350,753,775,268,6040,12500,1680,187,835,342,14700,220
2021-02-25,107,45.6,58.1,1230,302,178,76.4,587,1030,2620,1300,5110,759,10700,607,2250,11700,1780,848,352,7740,19100,4160,196,755,306,19000,161
2021-02-26,84.7,35.3,42.9,871,300,175,142,591,963,2490,996,5280,612,11300,536,2830,15700,1910,584,408,8040,30000,3680,147,658,239,30900,130
2021-02-27,118,52.8,64.8,877,303,147,265,725,816,2200,860,4220,455,9170,376,2170,12600,1650,502,414,7840,30500,2720,202,715,324,36700,245
2021-02-28,234,122,152,5220,1230,1060,605,2480,3090,6650,1960,6760,1130,13000,851,2380,12600,2350,791,571,7900,28200,4570,505,1400,595,35800,452
2021-03-01,179,70.8,125,6060,2400,1400,1170,4280,5630,14100,2920,20800,2460,41200,1770,7830,46600,4970,1700,1070,12400,47600,9290,366,2490,604,50300,916
2021-03-02,120,43.7,62.1,2490,2880,639,1720,5100,3040,9990,1570,15800,1180,32500,822,5010,46200,3300,953,952,19200,87000,4430,216,1410,378,89700,418
2021-03-03,102,37.9,47.2,1580,2860,340,1320,4600,1750,7550,1190,8040,686,19900,432,2820,27200,2300,641,768,15900,65800,2680,173,1040,297,81000,248
2021-03-04,89.8,34.6,41.9,1310,2460,227,948,3750,1200,5910,856,5170,475,14400,280,1990,18500,1820,507,678,11700,43400,2160,147,849,251,55100,184
2021-03-05,79.7,31.4,37.9,1100,1910,156,682,2840,857,4560,704,3830,345,10900,189,1510,13700,1490,417,603,9150,32800,1780,126,702,213,41000,138
2021-03-06,73.3,30.2,35.7,954,1590,116,543,2290,673,3450,614,3060,273,8590,144,1210,10600,1270,366,541,7470,26300,1490,115,610,189,32500,116
2021-03-07,67.8,29.7,34.3,803,1210,93,538,1910,543,3060,539,2550,223,7310,115,1020,8670,1100,334,500,6290,22000,1290,107,533,169,27000,102
2021-03-08,63.3,28.7,32.8,711,998,77.5,534,1630,453,2430,468,2120,188,5980,94.8,879,7380,975,308,467,5430,19100,1140,99.8,481,156,23100,92.5
2021-03-09,59.1,28.4,32.2,681,886,70.2,359,1340,401,2220,403,1800,166,5300,82.7,772,6300,887,290,443,4810,16800,1050,95.7,445,148,20300,84.1
2021-03-10,55.4,28.3,31.3,618,820,75.2,272,1160,379,1820,343,1580,150,4500,72.1,694,5610,820,274,428,4350,14800,982,91,411,141,17900,77.8
2021-03-11,52.2,26.9,30.9,603,716,106,272,1070,395,1810,295,1440,136,4120,63.6,628,4940,770,260,414,3990,13400,920,86.9,383,134,16300,71.8
2021-03-12,50.2,26.8,30.1,734,473,160,273,825,482,1700,253,1380,128,3900,59.1,575,4660,735,250,401,3720,12100,866,84.8,359,131,14900,68.1
2021-03-13,46.8,26.1,29.3,606,399,125,273,723,445,1460,213,1490,115,3690,51.9,525,4360,685,239,383,3490,11300,800,79.7,333,125,13800,63
2021-03-14,45,26.5,28.8,511,400,96.1,273,715,376,1340,181,1460,104,3500,45.2,480,4100,633,229,366,3290,10500,736,76.8,306,122,13100,58.7
2021-03-15,43.3,24.7,27.9,449,400,78.1,271,709,322,1250,153,1300,95.2,3210,40,437,3840,588,219,352,3110,9870,688,71.3,279,136,12200,52.8
2021-03-16,43.5,24.4,28.7,421,399,67.4,271,706,292,1200,137,1170,88.9,2940,36.7,403,3520,561,212,340,2950,9310,651,70.9,268,144,11500,49.3
2021-03-17,43.6,24.7,28.2,407,409,58.8,271,710,268,1170,125,1100,86.5,2790,35.9,383,3300,545,209,338,2810,8730,646,70.9,268,140,11000,50.3
2021-03-18,72,40.4,39.3,553,420,65.5,271,739,376,1310,129,1070,110,2820,53.8,397,3310,673,229,375,2870,8740,857,109,320,228,11000,65.6
2021-03-19,63,32.6,37.3,726,420,83.4,268,741,648,1710,158,1160,328,3690,190,453,3950,1120,263,463,2880,9230,1800,97.2,372,200,11800,82.1
2021-03-20,47.3,26.3,30.4,548,420,68.1,175,646,584,1530,141,1370,250,3730,167,516,4660,873,233,379,2850,10400,1240,77.4,284,153,12800,58.6
2021-03-21,43.3,25.2,28.9,397,420,64.3,120,579,537,1310,125,1310,208,3480,139,459,4410,742,215,349,2830,10800,869,71.4,257,144,13000,49.4
2021-03-22,41.5,24.6,28.3,366,420,61.4,120,577,473,1240,113,1220,185,3180,121,403,3950,684,206,339,2730,10100,769,69.8,245,157,12600,45.4
2021-03-23,40.5,24.9,27.6,346,420,57.4,120,575,419,1180,106,1140,168,2980,106,382,3670,646,199,334,2610,9320,746,68.9,237,185,11800,43.5
2021-03-24,80.9,50,118,341,420,55.7,121,576,388,1140,103,1080,156,2840,96.9,369,3460,654,200,336,2560,8880,831,118,262,271,12200,60.2
2021-03-25,74,37.2,61.8,325,393,51.6,121,554,354,1110,100,1050,149,2760,89.7,367,3340,684,198,357,2510,8690,1330,111,273,221,11800,75.5
2021-03-26,58.9,30.1,42.8,324,353,48.3,121,508,327,1040,98.1,1010,138,2650,81.7,369,3230,625,194,336,2450,8380,1080,91.3,254,169,11500,61.2
2021-03-27,48.5,26.5,34.8,298,348,42,111,486,283,960,91.1,982,121,2440,69.2,360,3050,576,187,317,2410,8070,886,80.1,232,150,10700,48
2021-03-28,57.1,32.9,46.1,323,349,42.5,107,485,285,958,90.6,987,120,2410,69.2,353,2910,596,188,331,2390,7750,841,85.1,230,167,10600,87.1
2021-03-29,58.5,31.7,41.7,464,349,41.9,105,479,285,963,87.6,952,170,2510,115,351,3030,989,204,394,2360,7790,1400,88.4,259,178,10500,121
2021-03-30,46.3,26.4,33.7,343,349,36.9,93.4,466,244,885,80.1,1050,137,2410,96.3,368,3020,836,185,349,2290,8400,1150,75.9,222,144,10700,71.9
2021-03-31,63.9,38.6,48.9,452,350,40.8,89.2,469,264,913,95.2,1060,144,2460,103,377,3020,771,191,358,2420,8390,951,85.4,220,233,11200,73.8
2021-04-01,123,62,85.7,703,351,56.9,89.5,473,381,1120,172,1380,319,3690,166,594,3690,1020,384,430,2800,9210,1340,197,664,434,13400,293
2021-04-02,82.5,36.2,46.7,562,328,58.4,89.5,448,370,1080,176,1680,292,4180,174,1290,5820,1080,380,428,3330,11900,1650,121,529,253,14100,159
2021-04-03,68.9,30.5,38.4,488,318,60.8,89.5,432,383,1030,153,1560,232,3730,157,1200,5570,925,278,387,3580,14800,1200,104,407,229,16600,103
2021-04-04,62.9,28.7,35.2,446,318,60.8,89.5,431,381,1010,138,1430,203,3410,138,973,4850,834,242,375,3470,13600,1020,97,366,213,16900,86.7
2021-04-05,57.7,27.2,32.9,400,317,57.1,89.6,431,357,983,124,1320,178,3150,119,827,4360,763,220,364,3230,12100,929,90.3,328,166,15200,75.3
2021-04-06,53.4,26.3,31.4,378,317,52.5,90.6,430,329,950,114,1220,158,2920,102,720,3960,709,205,353,3070,11000,849,85.4,301,131,13800,64.9
2021-04-07,48.9,25.7,30.4,350,317,47.6,90.9,430,299,912,105,1130,142,2720,88.2,637,3650,655,199,347,2900,10100,785,80.3,279,126,12800,58.5
2021-04-08,45.5,25.9,29.2,329,317,43.5,90.9,429,272,877,97.1,1050,128,2520,76.7,569,3370,608,191,337,2730,9280,742,77,262,122,11800,53.1
2021-04-09,54.3,27.6,34.4,375,288,41.9,90.9,410,278,908,105,1120,134,2550,73.7,534,3200,604,239,359,2690,9010,814,90.5,379,176,12000,140
2021-04-10,50.2,26.4,32,527,274,39.6,91.1,389,256,877,128,1660,128,2970,68.8,553,3330,588,270,358,2760,8810,822,81.9,371,142,11700,129
2021-04-11,65.2,35.6,40.2,1530,295,181,102,563,1240,2700,703,4930,701,7380,624,1010,5850,1830,1260,417,3170,9480,1710,98.5,453,165,11800,135
2021-04-12,82.4,31.1,34,974,345,230,126,569,1240,2760,642,10200,782,16300,704,4010,21000,2540,1020,482,9000,27500,2930,128,480,201,19800,98.5
2021-04-13,74.2,28.7,35.4,900,433,170,185,684,962,2220,525,5630,529,11000,420,2360,15900,1930,542,434,11100,40700,1790,167,417,276,45600,85.3
2021-04-14,64.2,27.4,32.5,829,472,121,228,759,739,1970,472,3780,377,7950,277,1620,10900,1490,412,397,8050,29600,1320,116,378,212,38700,75.9
2021-04-15,66.2,28.7,35.6,869,622,99.7,225,873,616,1780,414,3160,310,6590,212,1320,8520,1290,395,394,6600,23100,1190,117,484,234,29600,139
2021-04-16,56.8,25.2,30.5,758,885,82.5,224,1160,523,1940,342,3080,254,6280,165,1230,7610,1110,356,379,6130,20100,1050,104,403,191,24500,95.1
2021-04-17,51.8,24.1,29,691,1340,68.7,167,1540,442,2000,288,2730,213,5780,132,1040,7140,977,315,365,5520,18300,917,95.4,357,180,21600,71
2021-04-18,48.3,23.9,28.1,643,1180,57.8,135,1460,378,2370,245,2390,182,5650,109,918,6560,875,290,351,4800,16600,826,88.7,327,146,19600,61.8
2021-04-19,45.5,23.1,27,535,461,50.4,134,632,330,1380,208,2040,160,4730,92,820,6200,794,270,338,4280,15000,761,83.3,306,105,17600,57.6
2021-04-20,43.9,22.7,26.5,398,461,44.2,133,627,292,1130,178,1740,142,3680,79.1,735,4810,732,254,326,3850,13800,708,78.3,281,101,16300,50.4
2021-04-21,42.1,22,25.6,360,424,40.3,132,589,262,1080,156,1510,129,3330,69.1,655,4230,673,242,314,3500,11600,654,74.1,261,113,14700,43.8
2021-04-22,40.5,21,24.9,340,382,36.6,130,540,237,986,137,1350,114,2980,58.8,581,3800,614,227,301,3200,10300,603,69.9,242,127,12800,37.1
2021-04-23,39.5,20.7,24.5,310,363,33.5,118,501,215,900,121,1220,100,2700,49.8,523,3430,571,219,287,2920,9340,564,67.2,227,121,11800,33.2
2021-04-24,38.7,21,24.5,296,364,31.1,113,499,202,858,111,1110,92.2,2470,44.4,476,3140,539,215,280,2760,8570,539,65.1,219,94.8,10900,32.3
2021-04-25,55.2,28.4,37.8,658,365,44.3,113,519,275,1040,195,1390,120,2730,57.5,489,3070,571,281,312,2800,8380,630,90.2,345,187,11200,123
2021-04-26,41.3,22.3,27.7,475,425,35.6,113,554,216,959,225,2020,119,3690,59.6,854,3980,542,284,295,2950,8480,651,72.1,299,109,10800,75
2021-04-27,38.1,21.2,25.6,394,452,32.3,104,581,193,959,202,1680,91.4,3380,44.5,881,4480,480,239,271,2910,9150,556,65.4,237,98.1,10700,50.6
2021-04-28,36.4,20.7,24.3,362,452,30.5,86.8,564,182,923,182,1470,83,3060,39.4,780,3990,447,223,270,2720,9600,501,62.2,218,110,11400,40.2
2021-04-29,35.7,20.8,23.8,446,452,40.1,81.3,560,214,936,167,1360,83.1,2870,38.5,725,3690,461,208,268,2530,8730,499,62.2,204,120,11100,34.9
2021-04-30,38.4,21,23.4,645,453,50.6,81.9,567,238,978,155,1280,85.3,2820,39,669,3500,468,205,273,2390,8060,517,69.8,198,119,10400,32
2021-05-01,33.6,18.8,21.7,631,653,48.7,82.2,769,235,1050,144,1260,78,2750,35.3,611,3380,426,192,255,2260,7630,475,55.1,183,111,9650,27.8
2021-05-02,32.3,18.8,21.5,506,626,47.9,82.2,746,228,1130,127,1180,69,2820,30.2,565,3340,394,188,247,2150,7310,422,52.8,171,112,9220,22.9
2021-05-03,31.5,19.1,21.6,556,395,75.8,114,547,302,1110,150,1130,69.9,2730,30.4,512,3300,386,228,284,2070,7110,582,52.2,166,99.4,8840,22.7
2021-05-04,34.4,21.1,22.3,1420,1140,196,236,1390,463,1620,396,1320,117,3470,54.2,745,3680,524,444,397,2030,8360,2570,55.6,178,89.7,9880,97.5
2021-05-05,37.2,22.6,30.8,970,1560,208,500,2180,632,2990,310,1940,199,5220,103,905,5230,706,291,350,2240,8840,1150,56.7,249,146,12000,184
2021-05-06,31.8,19.3,23.8,761,1550,172,602,2270,737,3310,253,2050,324,6610,213,905,7530,1040,270,356,3870,12800,1060,52.2,234,102,12100,73.8
2021-05-07,32.9,19.4,23.1,636,1280,140,466,1880,670,3170,214,1710,230,5920,154,793,7090,693,219,303,3130,15500,817,49.1,183,95,16500,45
2021-05-08,39.9,22,26.4,658,575,119,325,966,574,2100,187,1510,217,4950,141,692,6360,628,200,308,2710,13600,831,54.3,184,120,16300,55.3
2021-05-09,35,20.2,23.9,585,459,102,325,813,491,1590,163,1400,187,3880,116,624,5080,599,186,313,2400,12200,1010,52.8,171,116,14700,35
2021-05-10,32.3,19.4,23.3,674,458,131,325,820,612,1760,148,1260,191,3730,109,552,4440,561,178,293,2280,10300,808,49.3,158,106,13300,28.8
2021-05-11,29.2,18.5,21.1,550,454,126,325,803,544,1620,129,1150,162,3470,93.1,485,4290,502,168,284,2080,9060,680,45.1,146,102,11500,24.2
2021-05-12,27.6,17.1,20.2,472,453,109,325,797,509,1550,112,1040,137,3190,79.5,429,3870,446,161,271,1950,8480,588,42.4,135,99.4,10500,20.7
2021-05-13,27,16.6,38.7,405,453,89.3,269,743,437,1450,97.4,938,120,2920,67.6,377,3550,412,154,256,1840,7740,533,41.2,128,98,9800,18.4
2021-05-14,26.3,16.6,18.9,366,453,73.4,161,635,372,1250,86.3,860,107,2630,57.6,338,3240,384,149,249,1720,7170,498,40.4,124,91.9,9060,16.4
2021-05-15,25.8,16.4,18.3,334,714,61.5,132,873,319,1220,77.1,799,95.1,2340,49.4,308,2910,358,147,249,1650,6720,469,39.6,118,81.6,8460,15
2021-05-16,27.8,19.9,20.6,311,684,53,131,835,280,1290,71.6,759,86,2420,42.7,286,2700,338,145,244,1580,6250,436,38.8,114,77.4,7910,14.1
2021-05-17,28.7,20.5,21.1,293,373,46.3,129,518,248,1110,67.7,732,82.2,2310,39.1,272,2710,323,143,241,1540,5840,433,38.8,112,82.6,7420,13.9
2021-05-18,25.5,17.6,18.5,263,312,41.2,107,443,218,879,62.6,703,72.3,1930,33,260,2520,307,140,234,1510,5810,414,37.3,111,76.3,7000,13.2
2021-05-19,24,16.6,17.6,241,280,36.8,71.6,365,193,720,57.5,659,63.8,1760,27.1,249,2160,290,137,228,1470,5560,392,35.5,106,80.7,6830,12.2
2021-05-20,23.1,15.6,16.9,221,280,32.8,61.6,350,172,649,53.1,614,57,1580,22.7,228,1920,271,131,220,1390,5030,369,34.1,101,85.2,6590,11.3
2021-05-21,22.3,15.2,16.2,201,280,28.4,61.6,348,154,616,47.8,575,51.1,1460,19.1,209,1740,252,128,209,1350,4720,343,32.6,94.6,93,6010,10.3
2021-05-22,21.8,14.9,15.7,194,280,25.4,61.6,346,140,594,43.6,535,46.3,1360,16.1,194,1610,238,127,201,1310,4390,323,31.4,87.3,76.1,5650,9.74
2021-05-23,21,14.3,15.5,184,280,23.7,61.6,344,130,578,40.7,505,42.8,1290,13.9,181,1510,230,121,198,1260,4130,311,30.3,86.6,68.8,5280,9.65
2021-05-24,22.5,15.6,17.2,206,281,26.1,61.8,350,161,604,39.5,486,46.4,1260,15.2,180,1500,231,125,205,1240,4060,322,35,87.6,80,5080,8.81
2021-05-25,24.6,16.2,18.3,273,281,27,61.6,348,242,727,41.1,479,94.3,1430,25.8,177,1520,315,135,224,1200,4070,339,42.7,104,95.9,5320,8.81
2021-05-26,22.3,15.8,19.9,211,282,22,61.5,345,160,620,40,479,64.2,1360,24.7,166,1640,285,127,213,1230,4160,362,41,103,76.8,5220,9.27
2021-05-27,25.6,18.5,17.7,180,282,20.4,61.5,343,138,581,36.7,459,48.7,1240,17.7,162,1490,257,181,214,1260,4360,493,50.3,101,85.1,5630,23.7
2021-05-28,24,17.9,34.6,317,284,47.4,63.5,370,195,642,38.6,438,42.2,1170,14.6,179,1400,258,146,207,1280,4220,427,34.4,91.2,91.8,5800,14.9
2021-05-29,64,56.5,63.4,786,535,128,63.9,639,561,1300,83.2,503,136,1740,49.8,186,1470,370,254,256,1470,4620,794,73.7,121,270,6620,28.3
2021-05-30,32.9,23.3,24.2,439,538,95,63.7,621,476,1280,88,653,126,2290,59.3,205,2280,386,257,245,1740,4750,913,48.1,154,148,6790,24.7
2021-05-31,27.4,19.2,19.9,343,300,72,64.5,374,383,1080,73.2,639,85.6,2110,38.4,332,2570,308,169,220,1770,5390,612,40.4,115,93.7,6770,18.2
2021-06-01,23.7,18,17.8,284,299,56.3,63.5,369,303,792,60,571,66.9,1670,27.1,287,2360,262,146,201,1640,5780,466,35.4,96.6,83.8,6950,13.7
2021-06-02,22.4,16.6,16.8,265,308,46.5,63.9,384,253,729,57.3,508,62.1,1500,21.4,232,1890,238,139,192,1430,5310,400,33.8,85.1,80.8,6900,9.5
2021-06-03,45.4,39.3,79,303,305,43.2,64.5,387,245,854,72.2,479,90.5,1780,31.2,200,2010,238,135,188,1410,4810,389,80.7,82.4,139,6300,9
2021-06-04,49.7,26.9,46.2,236,302,38.7,64.1,374,226,762,60.2,451,87.9,1590,28.9,181,2000,243,153,189,1320,4830,477,92.7,143,178,6430,13.4
2021-06-05,24.9,17.8,21.2,212,301,31,413,698,175,795,51.7,438,64.8,1400,22.5,181,1740,220,134,186,1190,4680,457,45.7,101,87.2,6150,9.86
2021-06-06,21.4,15.8,16.3,202,301,26.6,64.3,370,148,824,44.7,412,51.1,1560,16.2,197,1570,195,123,176,1140,4270,366,37.4,80.5,75.3,5750,7.85
2021-06-07,19.6,15,14.2,196,300,24.2,60.8,364,129,594,39.7,386,44.4,1180,12.2,175,1710,179,116,171,1100,3910,315,33.5,68.9,69.9,5120,6.79
2021-06-08,18.8,14.6,13.1,277,301,21.7,60.8,365,138,602,66.8,367,40,1120,9.91,156,1330,177,117,169,1060,3810,304,31.3,62,67.3,4760,6.36
2021-06-09,18.3,14.2,12.6,238,300,19.6,60.3,362,135,592,64.8,413,38.4,1170,9.17,338,1390,190,124,179,1050,3490,295,30.1,63.2,68.7,4630,6.78
2021-06-10,18.6,37.8,13.9,505,305,19.1,61,371,130,596,62.8,487,57.5,1320,18.6,208,1480,215,135,206,1100,3550,347,63.1,82,68.2,4440,6.71
2021-06-11,30.5,38.5,26.1,1020,944,25.2,61.4,992,148,1510,185,1310,241,2510,23.4,684,1840,534,240,312,2060,8600,1740,99.1,471,205,6540,163
2021-06-12,28.1,24.9,22,523,888,20.7,62.2,1030,139,1760,211,1330,172,3790,33,1630,5220,726,393,335,4040,9920,2470,77.5,646,226,15100,117
2021-06-13,23.6,19.4,17.4,687,538,30.6,61.8,712,130,1270,224,1290,131,3170,35.7,901,4760,491,294,307,3600,12900,1160,57,263,163,14400,46.4
2021-06-14,34,22.7,26.1,753,768,29.7,61.9,859,142,1180,275,1790,160,3540,41.8,643,3970,403,373,272,2880,11500,795,52.7,212,126,15300,29.1
2021-06-15,49.5,29,112,736,989,33.3,63.3,1120,116,1580,216,1790,115,3580,35.1,761,4300,328,230,238,2770,9700,629,66.2,256,245,14400,22.2
2021-06-16,23.5,17.1,23.5,530,725,23.4,62.5,879,103,1410,180,2050,84,3820,26.5,563,4460,280,192,220,3100,9580,513,43.7,163,114,11600,16.1
2021-06-17,20.2,15.3,17.7,440,423,17.4,61.9,543,90.2,882,149,1500,63.7,3220,19.1,446,4280,246,166,199,2790,9050,432,37,120,102,10900,12.1
2021-06-18,18.6,14.4,15.4,385,407,14.2,61.6,517,81.4,734,125,1040,52.1,2320,13.9,335,3150,224,152,193,2520,8370,382,33.9,99.6,97.1,10100,9.13
2021-06-19,18.1,14.1,14.4,331,406,13.6,61.6,514,76.4,707,107,783,45.4,1960,10.9,271,2470,210,145,188,2130,6970,351,32.8,88.9,93.1,9270,7.9
2021-06-20,18.1,13.9,14.5,303,413,12.8,61.3,517,74.8,692,96,665,41.7,1750,9.15,227,2120,203,141,185,1890,5870,333,32.3,94.3,88.1,7820,7.59
2021-06-21,19.9,16.9,16.4,255,416,14.1,61.7,526,72.4,700,139,624,40.7,1730,8.49,220,1920,223,152,190,1710,5270,355,32.7,94.4,71.2,6810,7.26
2021-06-22,31.9,24.6,22.1,453,417,18.1,61.7,530,83.1,742,117,561,42.2,1720,9.96,230,2000,300,236,260,1630,5180,519,54.8,173,103,6860,7.23
2021-06-23,23.8,17.6,17.6,337,415,14.8,61.3,519,83,719,108,555,45.7,1710,10.8,245,1950,340,236,275,1460,5290,591,40.3,165,81.7,6820,9.61
2021-06-24,19.1,14.8,14.2,224,383,11.3,61.3,484,65.5,670,83.4,490,37.3,1540,10.3,230,1880,276,188,219,1380,5000,497,31,114,66.9,6590,6.8
2021-06-25,17.5,14,13.1,191,325,9.76,61.3,423,60,603,65,438,30.1,1370,7.79,208,1670,228,173,196,1280,4660,366,28.5,88.5,63.2,5990,5.7
2021-06-26,16.6,13.4,12.9,170,305,8.96,61.3,394,55.1,532,54,378,26.4,1210,5.63,173,1490,206,159,184,1240,4280,317,28,76.5,62.1,5470,5.22
2021-06-27,16.2,13.1,12.4,156,326,8.32,80.9,419,52.3,519,46.9,341,24.3,1090,4.48,148,1320,193,148,181,1140,3930,296,26.6,71.1,62.8,4940,5.2
2021-06-28,15.1,12.2,11.5,157,346,7.67,126,516,56.8,604,43.3,317,22.5,1040,3.69,137,1200,183,160,178,1090,3570,278,24.8,67.1,59.7,4450,4.98
2021-06-29,14.1,11.6,10.9,153,247,7.28,82.2,354,59,576,44.7,338,30.5,1170,3.07,126,1160,173,153,171,1000,3350,257,23.1,60.6,56.3,3950,4.56
2021-06-30,13.3,11.3,10.4,122,247,6.97,62.4,327,49.9,448,37.1,397,24.4,1050,2.92,117,1260,162,141,167,NA,3130,243,22.9,55,55.5,3690,4.73
2021-07-01,37.1,29.4,12.4,112,247,10.5,62.4,331,55.9,453,54.9,487,22,1110,3.28,126,1180,180,148,192,NA,3310,324,54.1,81,81,3880,5.96
2021-07-02,38.2,25.7,18.5,571,265,10.4,62.3,345,84.2,495,59.2,477,21.6,1090,6.54,127,1250,212,159,204,1030,3470,432,68.8,127,143,4970,25.7
2021-07-03,20.9,17.2,12.5,255,281,8.16,61.3,362,66.7,492,58.5,514,22.5,1230,4.98,134,1210,204,144,180,1100,3470,342,33.9,113,90.1,4380,9.05
2021-07-04,20,24.9,12.3,179,282,7.16,404,692,55.5,585,47.5,471,19.6,1140,3.63,135,1340,179,133,171,1030,3400,298,30.5,73.8,85.2,4080,5.85
2021-07-05,16.1,15.4,10.8,169,283,7.51,55.6,373,51.1,685,41.1,397,17.7,1380,2.78,157,1270,165,129,166,986,3260,292,26.9,59.8,80.4,3760,5.08
2021-07-06,14.6,14.1,10.2,189,283,6.81,55.5,371,46.7,470,35.3,333,16.5,1010,2.45,138,1480,150,126,158,959,3200,266,24.3,53.2,75.1,3500,4.54
2021-07-07,13.4,14.6,9.77,218,284,6.22,55.8,375,43.8,456,30.3,296,15.2,913,2.18,121,1100,139,126,154,902,3150,235,22.8,50.1,68.5,3280,4.54
2021-07-08,13.7,15.3,10.7,248,285,6.79,55.9,380,51.8,473,28.5,276,17.1,893,1.89,112,1010,139,121,152,855,3060,222,26.2,48.1,68.8,3530,4.3
2021-07-09,15.3,14.5,12.3,271,284,6.43,55.7,373,55.4,493,30.1,314,24.2,918,1.73,106,991,186,137,161,855,2810,245,28.5,79.3,96,3790,22.2
2021-07-10,13.7,12.7,10.4,209,283,5.98,55.5,367,46.9,459,26.9,332,22.2,975,1.95,107,1010,178,122,164,830,2710,301,26.5,104,88.7,3560,24
2021-07-11,12.3,12,9.38,178,284,5.9,55.6,367,47.6,467,24.8,302,18.5,913,3.86,101,1070,158,119,154,786,2700,365,23.5,65,73.4,3060,8.12
2021-07-12,11.9,11.9,38.8,196,285,7.06,55.2,367,66,493,22.8,271,90.2,996,160,108,1360,208,146,168,819,2700,296,23,51.2,108,2910,6.02
2021-07-13,12.7,12,27,171,286,5.78,55.7,373,74.8,645,29.8,275,72,1060,62.4,102,1270,223,372,172,793,2830,1500,25.7,45.2,130,2850,4.97
2021-07-14,10.6,10.9,12.6,149,286,5.84,55.2,370,55.1,507,29.4,291,43.2,1080,31.4,104,1220,184,182,152,827,3410,707,19.4,38.7,71.8,3590,4.37
2021-07-15,9.87,10.3,10.2,121,287,4.94,54.6,367,47,470,26.9,233,29.1,899,18.1,108,1170,162,150,145,794,3120,378,18.1,41.9,68.6,3950,15.9
2021-07-16,9.32,10,8.96,103,272,4.46,54.2,351,41.5,452,23.2,219,22.6,834,11.6,122,1010,147,141,145,772,2900,293,17.1,53.4,63.3,3220,7.12
2021-07-17,33.8,19.8,14.5,94.9,265,4.11,53.7,340,38,423,22.1,197,20.7,794,9.04,119,964,148,143,151,863,2880,298,19,39.7,106,3210,4.85
2021-07-18,58.2,31.6,22.5,90.6,263,5.27,53.7,336,38.2,416,24.5,187,45.2,782,8.13,134,963,727,318,219,921,2750,452,53,37.9,192,3370,6.06
2021-07-19,17.5,14,11.1,85.9,262,4.76,53.4,334,43.8,413,21.1,182,49.9,780,21.5,130,917,467,178,190,790,3140,487,23.8,33.3,72.1,2980,5.33
2021-07-20,14.5,12.8,9.52,77.6,262,4.16,52.8,333,38,403,19.2,175,31.4,738,13.1,146,933,285,150,153,730,3320,342,20.4,31.5,67.9,3240,4.36
2021-07-21,13.8,12.9,8.66,66.1,262,4.11,52.9,333,34.1,394,17.4,169,23.7,699,9.08,116,868,222,141,145,702,2810,273,18.6,28,60.7,3270,4.25
2021-07-22,12.6,12.5,8.47,65.1,262,4.22,52.8,331,31.6,390,16.2,161,19.4,676,6.61,100,803,188,131,152,745,2660,248,17,28.8,60.7,2770,4.16
2021-07-23,11.1,10.8,7.56,62.4,261,3.45,52.7,331,29.8,381,14.7,152,16.6,652,5.25,89.6,762,176,124,142,666,2410,252,16,23.8,53.4,2510,3.97
2021-07-24,10.5,10,7.3,63.7,262,3.17,52.8,330,28.6,380,13.3,144,14.6,627,4.02,83.4,734,161,117,136,609,2200,227,15.5,21.2,51,2450,3.97
2021-07-25,9.99,9.8,6.91,62.2,262,3.13,52.8,330,27.9,380,12.5,140,13.6,616,3.29,79,709,152,115,134,612,2080,200,15.4,19.8,48.8,2230,3.85
2021-07-26,20,11.8,7.22,57.3,246,3.17,52.8,318,27.4,373,12.2,137,12.9,607,3.34,76.9,707,149,111,135,583,2010,424,14.9,19.7,48,2020,3.75
2021-07-27,28.8,13.1,9.59,52.4,239,2.9,52.8,305,26.7,352,11.7,133,12.2,598,6.55,74.6,688,137,112,143,568,1910,369,31.5,18.9,50.7,1940,3.81
2021-07-28,13,9.91,6.88,50.6,249,2.75,52.8,317,25.3,350,11.2,128,11.6,553,5.9,72.4,673,124,107,132,564,1850,230,16.2,24.6,47.1,2170,3.98
2021-07-29,12.7,10.1,7.74,54.1,251,3.87,52.8,320,25.1,371,11,126,11.8,568,4.38,71,638,118,109,127,585,1780,212,24.9,23.5,82.2,2000,6.27
2021-07-30,11.7,9.67,7.24,88.3,244,3.7,52.8,311,25.1,374,11.4,121,11.3,581,3.41,71,636,127,108,137,609,1870,212,18.1,19.4,70.8,1950,26.4
2021-07-31,10.2,8.92,6.14,108,244,2.99,52.8,309,24.8,363,10.7,119,10.8,561,2.64,70.2,638,119,102,134,604,1780,242,15.2,21.8,69.2,1810,7
2021-08-01,10.7,9.56,8.15,63.5,243,2.65,52.8,309,25.3,357,9.74,146,9.9,552,2.02,70.1,624,109,101,129,674,1800,193,15.4,24.3,68.7,1890,10.8
2021-08-02,14.1,11.4,10.7,51.3,243,2.46,52.8,308,24.4,353,9.43,161,9.69,590,1.59,70.5,620,108,97.5,128,603,1820,181,19.1,23.8,80.9,1960,6.54
2021-08-03,10.2,9.6,8.03,53.1,243,2.33,43.7,301,23.6,351,9.2,137,9.12,581,1.33,68,641,102,98,122,549,1680,176,15.4,18.4,59.7,1900,4.63
2021-08-04,9.51,9.24,6.92,59.9,228,3.19,40.9,283,22.9,341,8.99,123,8.29,554,1.11,65.6,638,98.1,97,119,526,1630,162,14.3,14.9,53.1,1700,4.25
2021-08-05,8.76,8.63,6.26,57,220,3.18,57.3,291,23.1,324,9.21,117,7.89,530,1,65.6,619,95.2,92.7,116,508,1630,154,13.1,12.6,45.9,1570,3.97
2021-08-06,8.07,8.14,5.69,46.3,230,2.71,57.3,298,25.3,329,10.4,117,7.98,522,0.89,65.4,593,91,94.9,115,517,1610,145,12.5,10.9,44.8,1470,3.97
2021-08-07,7.78,7.93,5.4,41.6,236,2.65,57.2,303,24.5,338,9.39,110,9.8,525,1.94,64.5,576,88.3,89.8,113,504,1590,137,11.9,9.27,45.4,1450,3.97
2021-08-08,8.08,7.99,5.32,40.3,239,2.5,56.4,303,24.6,347,9.28,112,9.4,528,1.75,63.9,583,84.5,86.6,111,487,1540,132,12.1,9.1,44,1510,3.97
2021-08-09,7.99,8.01,5.12,39.1,248,2.67,56.4,315,23.4,349,9.88,120,9.89,549,1.29,65.3,588,88.2,85.2,112,501,1480,129,11.4,8.61,45.3,1500,3.71
2021-08-10,7.51,7.79,6.32,37.1,236,2.31,56.4,NA,21.9,353,7.88,121,8.2,556,1,63.9,602,77.1,90.1,116,626,1540,126,33.5,9.16,104,1440,4.47
2021-08-11,11.9,8.37,7.57,42.7,231,2.47,56.4,297,21,334,7.34,110,8.44,546,0.94,70.4,622,87.1,92,123,644,1710,134,50.2,21.7,129,1990,7.19
2021-08-12,9.13,7.9,7.45,52.2,242,2.26,56.4,308,20.8,331,7.33,105,8.33,515,0.85,75,641,123,94.6,133,666,1750,145,24.1,20.8,89.2,1850,7.27
2021-08-13,27.9,19.1,5.69,51.8,240,1.93,56.4,305,21.7,346,6.69,98.4,6.68,513,0.75,69.7,592,110,90.9,129,664,1870,158,16.7,15.7,149,1960,166
2021-08-14,16.6,12.8,8.44,61.5,244,2.07,56.4,305,22.4,355,6.7,101,7.72,538,0.8,84.2,599,126,92.9,129,659,1810,165,21.3,12.2,152,2460,59.5
2021-08-15,16.4,9.39,5.67,84,232,2.17,56.4,299,23.8,358,7.19,104,6.49,531,0.86,73.4,635,108,102,126,722,1900,153,35.6,39.1,95.7,2290,10.1
2021-08-16,11.6,9.18,5.06,65.5,224,3.06,56.7,291,29.8,362,8.88,143,7.08,542,0.76,84.2,625,104,93.6,117,791,1940,193,35.6,129,93.6,2400,63.2
