NA,-99999.9,NA,NA,NA,NA,NA,NA,NA,NA
NA,-99999.9,NA,NA,NA,NA,NA,NA,NA,NA
NA,-99999.9,NA,NA,NA,NA,NA,NA,NA,NA
NA,-99999.9,NA,NA,NA,NA,NA,NA,NA,NA
NA,-99999.9,NA,NA,NA,NA,NA,NA,NA,NA
NA,-99999.9,NA,NA,NA,NA,NA,NA,NA,NA
NA,-99999.9,NA,NA,NA,NA,NA,NA,NA,NA
NA,-99999.9,NA,NA,NA,NA,NA,NA,NA,NA
NA,-99999.9,NA,NA,NA,NA,NA,NA,NA,NA
NA,-99999.9,NA,NA,NA,NA,NA,NA,NA,NA
NA,-99999.9,NA,NA,NA,NA,NA,NA,NA,NA
NA,-99999.9,NA,NA,NA,NA,NA,NA,NA,NA
NA,-99999.9,NA,NA,NA,NA,NA,NA,NA,NA
NA,-99999.9,NA,NA,NA,NA,NA,NA,NA,NA
NA,-99999.9,NA,NA,NA,NA,NA,NA,NA,NA
NA,-99999.9,NA,NA,NA,NA,NA,NA,NA,NA
2021-07-17T00:00:00Z,113.86,131.07,113.23,0,11.06,17.65,77.17,59.55,4.27
2021-07-17T01:00:00Z,113.86,131.07,113.23,0,11.06,17.65,77.17,59.55,4.27
2021-07-17T02:00:00Z,113.86,131.07,113.23,0,11.06,17.65,77.17,59.55,4.27
2021-07-17T03:00:00Z,113.86,131.07,113.23,0,11.06,17.65,77.17,59.55,4.27
2021-07-17T04:00:00Z,113.86,131.07,113.23,0,11.06,17.65,77.17,59.55,4.27
2021-07-17T05:00:00Z,113.86,131.07,113.23,0,11.06,17.65,77.17,59.55,4.27
2021-07-17T06:00:00Z,113.86,131.07,113.23,0,11.06,17.65,77.17,59.55,4.27
2021-07-17T07:00:00Z,113.86,131.07,113.23,0,11.06,17.65,77.17,59.55,4.27
2021-07-17T08:00:00Z,113.86,131.07,113.23,0,11.06,17.65,77.17,59.55,4.27
2021-07-17T09:00:00Z,113.86,131.07,113.23,0,11.06,17.65,77.17,59.55,4.27
2021-07-17T10:00:00Z,113.86,131.07,113.23,0,11.06,17.65,77.17,59.55,4.27
2021-07-17T11:00:00Z,113.86,131.07,113.23,0,11.06,17.65,77.17,59.55,4.27
2021-07-17T12:00:00Z,113.86,131.07,113.23,0,11.06,17.65,77.17,59.55,4.27
2021-07-17T13:00:00Z,113.86,131.07,113.23,0,11.06,17.65,77.17,59.55,4.27
2021-07-17T14:00:00Z,113.86,131.07,113.23,0,11.06,17.65,77.17,59.55,4.27
2021-07-17T15:00:00Z,113.86,131.07,113.23,0,11.06,17.65,77.17,59.55,4.27
2021-07-17T16:00:00Z,113.86,131.07,113.23,0,11.06,17.65,77.17,59.55,4.27
2021-07-17T17:00:00Z,113.86,131.07,113.23,0,11.06,17.65,77.17,59.55,4.27
2021-07-17T18:00:00Z,113.86,131.07,113.23,0,11.06,17.65,77.17,59.55,4.27
2021-07-17T19:00:00Z,113.86,131.07,113.23,0,11.06,17.65,77.17,59.55,4.27
2021-07-17T20:00:00Z,113.86,131.07,113.23,0,11.06,17.65,77.17,59.55,4.27
2021-07-17T21:00:00Z,113.86,131.07,113.23,0,11.06,17.65,77.17,59.55,4.27
2021-07-17T22:00:00Z,113.86,131.07,113.23,0,11.06,17.65,77.17,59.55,4.27
2021-07-17T23:00:00Z,113.86,131.07,113.23,0,11.06,17.65,77.17,59.55,4.27
2021-07-18T00:00:00Z,104.51,118.69,147.42,0,16.46,11.33,76.13,51.85,4.82
2021-07-18T01:00:00Z,104.51,118.69,147.42,0,16.46,11.33,76.13,51.85,4.82
2021-07-18T02:00:00Z,104.51,118.69,147.42,0,16.46,11.33,76.13,51.85,4.82
2021-07-18T03:00:00Z,104.51,118.69,147.42,0,16.46,11.33,76.13,51.85,4.82
2021-07-18T04:00:00Z,104.51,118.69,147.42,0,16.46,11.33,76.13,51.85,4.82
2021-07-18T05:00:00Z,104.51,118.69,147.42,0,16.46,11.33,76.13,51.85,4.82
2021-07-18T06:00:00Z,104.51,118.69,147.42,0,16.46,11.33,76.13,51.85,4.82
2021-07-18T07:00:00Z,104.51,118.69,147.42,0,16.46,11.33,76.13,51.85,4.82
2021-07-18T08:00:00Z,104.51,118.69,147.42,0,16.46,11.33,76.13,51.85,4.82
2021-07-18T09:00:00Z,104.51,118.69,147.42,0,16.46,11.33,76.13,51.85,4.82
2021-07-18T10:00:00Z,104.51,118.69,147.42,0,16.46,11.33,76.13,51.85,4.82
2021-07-18T11:00:00Z,104.51,118.69,147.42,0,16.46,11.33,76.13,51.85,4.82
2021-07-18T12:00:00Z,104.51,118.69,147.42,0,16.46,11.33,76.13,51.85,4.82
2021-07-18T13:00:00Z,104.51,118.69,147.42,0,16.46,11.33,76.13,51.85,4.82
2021-07-18T14:00:00Z,104.51,118.69,147.42,0,16.46,11.33,76.13,51.85,4.82
2021-07-18T15:00:00Z,104.51,118.69,147.42,0,16.46,11.33,76.13,51.85,4.82
2021-07-18T16:00:00Z,104.51,118.69,147.42,0,16.46,11.33,76.13,51.85,4.82
2021-07-18T17:00:00Z,104.51,118.69,147.42,0,16.46,11.33,76.13,51.85,4.82
2021-07-18T18:00:00Z,104.51,118.69,147.42,0,16.46,11.33,76.13,51.85,4.82
2021-07-18T19:00:00Z,104.51,118.69,147.42,0,16.46,11.33,76.13,51.85,4.82
2021-07-18T20:00:00Z,104.51,118.69,147.42,0,16.46,11.33,76.13,51.85,4.82
2021-07-18T21:00:00Z,104.51,118.69,147.42,0,16.46,11.33,76.13,51.85,4.82
2021-07-18T22:00:00Z,104.51,118.69,147.42,0,16.46,11.33,76.13,51.85,4.82
2021-07-18T23:00:00Z,104.51,118.69,147.42,0,16.46,11.33,76.13,51.85,4.82
2021-07-19T00:00:00Z,193.57,133.04,145.7,0,11.62,20.55,73.17,63.35,3.84
2021-07-19T01:00:00Z,193.57,133.04,145.7,0,11.62,20.55,73.17,63.35,3.84
2021-07-19T02:00:00Z,193.57,133.04,145.7,0,11.62,20.55,73.17,63.35,3.84
2021-07-19T03:00:00Z,193.57,133.04,145.7,0,11.62,20.55,73.17,63.35,3.84
2021-07-19T04:00:00Z,193.57,133.04,145.7,0,11.62,20.55,73.17,63.35,3.84
2021-07-19T05:00:00Z,193.57,133.04,145.7,0,11.62,20.55,73.17,63.35,3.84
2021-07-19T06:00:00Z,193.57,133.04,145.7,0,11.62,20.55,73.17,63.35,3.84
2021-07-19T07:00:00Z,193.57,133.04,145.7,0,11.62,20.55,73.17,63.35,3.84
2021-07-19T08:00:00Z,193.57,133.04,145.7,0,11.62,20.55,73.17,63.35,3.84
2021-07-19T09:00:00Z,193.57,133.04,145.7,0,11.62,20.55,73.17,63.35,3.84
2021-07-19T10:00:00Z,193.57,133.04,145.7,0,11.62,20.55,73.17,63.35,3.84
2021-07-19T11:00:00Z,193.57,133.04,145.7,0,11.62,20.55,73.17,63.35,3.84
2021-07-19T12:00:00Z,193.57,133.04,145.7,0,11.62,20.55,73.17,63.35,3.84
2021-07-19T13:00:00Z,193.57,133.04,145.7,0,11.62,20.55,73.17,63.35,3.84
2021-07-19T14:00:00Z,193.57,133.04,145.7,0,11.62,20.55,73.17,63.35,3.84
2021-07-19T15:00:00Z,193.57,133.04,145.7,0,11.62,20.55,73.17,63.35,3.84
2021-07-19T16:00:00Z,193.57,133.04,145.7,0,11.62,20.55,73.17,63.35,3.84
2021-07-19T17:00:00Z,193.57,133.04,145.7,0,11.62,20.55,73.17,63.35,3.84
2021-07-19T18:00:00Z,193.57,133.04,145.7,0,11.62,20.55,73.17,63.35,3.84
2021-07-19T19:00:00Z,193.57,133.04,145.7,0,11.62,20.55,73.17,63.35,3.84
2021-07-19T20:00:00Z,193.57,133.04,145.7,0,11.62,20.55,73.17,63.35,3.84
2021-07-19T21:00:00Z,193.57,133.04,145.7,0,11.62,20.55,73.17,63.35,3.84
2021-07-19T22:00:00Z,193.57,133.04,145.7,0,11.62,20.55,73.17,63.35,3.84
2021-07-19T23:00:00Z,193.57,133.04,145.7,0,11.62,20.55,73.17,63.35,3.84
2021-07-20T00:00:00Z,199.86,123.52,147.63,0,21.96,10.72,73.17,58.86,3.49
2021-07-20T01:00:00Z,199.86,123.52,147.63,0,21.96,10.72,73.17,58.86,3.49
2021-07-20T02:00:00Z,199.86,123.52,147.63,0,21.96,10.72,73.17,58.86,3.49
2021-07-20T03:00:00Z,199.86,123.52,147.63,0,21.96,10.72,73.17,58.86,3.49
2021-07-20T04:00:00Z,199.86,123.52,147.63,0,21.96,10.72,73.17,58.86,3.49
2021-07-20T05:00:00Z,199.86,123.52,147.63,0,21.96,10.72,73.17,58.86,3.49
2021-07-20T06:00:00Z,199.86,123.52,147.63,0,21.96,10.72,73.17,58.86,3.49
2021-07-20T07:00:00Z,199.86,123.52,147.63,0,21.96,10.72,73.17,58.86,3.49
2021-07-20T08:00:00Z,199.86,123.52,147.63,0,21.96,10.72,73.17,58.86,3.49
2021-07-20T09:00:00Z,199.86,123.52,147.63,0,21.96,10.72,73.17,58.86,3.49
2021-07-20T10:00:00Z,199.86,123.52,147.63,0,21.96,10.72,73.17,58.86,3.49
2021-07-20T11:00:00Z,199.86,123.52,147.63,0,21.96,10.72,73.17,58.86,3.49
2021-07-20T12:00:00Z,199.86,123.52,147.63,0,21.96,10.72,73.17,58.86,3.49
2021-07-20T13:00:00Z,199.86,123.52,147.63,0,21.96,10.72,73.17,58.86,3.49
2021-07-20T14:00:00Z,199.86,123.52,147.63,0,21.96,10.72,73.17,58.86,3.49
2021-07-20T15:00:00Z,199.86,123.52,147.63,0,21.96,10.72,73.17,58.86,3.49
2021-07-20T16:00:00Z,199.86,123.52,147.63,0,21.96,10.72,73.17,58.86,3.49
2021-07-20T17:00:00Z,199.86,123.52,147.63,0,21.96,10.72,73.17,58.86,3.49
2021-07-20T18:00:00Z,199.86,123.52,147.63,0,21.96,10.72,73.17,58.86,3.49
2021-07-20T19:00:00Z,199.86,123.52,147.63,0,21.96,10.72,73.17,58.86,3.49
2021-07-20T20:00:00Z,199.86,123.52,147.63,0,21.96,10.72,73.17,58.86,3.49
2021-07-20T21:00:00Z,199.86,123.52,147.63,0,21.96,10.72,73.17,58.86,3.49
2021-07-20T22:00:00Z,199.86,123.52,147.63,0,21.96,10.72,73.17,58.86,3.49
2021-07-20T23:00:00Z,199.86,123.52,147.63,0,21.96,10.72,73.17,58.86,3.49
2021-07-21T00:00:00Z,182.47,145.34,156.33,0,26.48,14.65,73.17,62.92,3.59
2021-07-21T01:00:00Z,182.47,145.34,156.33,0,26.48,14.65,73.17,62.92,3.59
2021-07-21T02:00:00Z,182.47,145.34,156.33,0,26.48,14.65,73.17,62.92,3.59
2021-07-21T03:00:00Z,182.47,145.34,156.33,0,26.48,14.65,73.17,62.92,3.59
2021-07-21T04:00:00Z,182.47,145.34,156.33,0,26.48,14.65,73.17,62.92,3.59
2021-07-21T05:00:00Z,182.47,145.34,156.33,0,26.48,14.65,73.17,62.92,3.59
2021-07-21T06:00:00Z,182.47,145.34,156.33,0,26.48,14.65,73.17,62.92,3.59
2021-07-21T07:00:00Z,182.47,145.34,156.33,0,26.48,14.65,73.17,62.92,3.59
2021-07-21T08:00:00Z,182.47,145.34,156.33,0,26.48,14.65,73.17,62.92,3.59
2021-07-21T09:00:00Z,182.47,145.34,156.33,0,26.48,14.65,73.17,62.92,3.59
2021-07-21T10:00:00Z,182.47,145.34,156.33,0,26.48,14.65,73.17,62.92,3.59
2021-07-21T11:00:00Z,182.47,145.34,156.33,0,26.48,14.65,73.17,62.92,3.59
2021-07-21T12:00:00Z,182.47,145.34,156.33,0,26.48,14.65,73.17,62.92,3.59
2021-07-21T13:00:00Z,182.47,145.34,156.33,0,26.48,14.65,73.17,62.92,3.59
2021-07-21T14:00:00Z,182.47,145.34,156.33,0,26.48,14.65,73.17,62.92,3.59
2021-07-21T15:00:00Z,182.47,145.34,156.33,0,26.48,14.65,73.17,62.92,3.59
2021-07-21T16:00:00Z,182.47,145.34,156.33,0,26.48,14.65,73.17,62.92,3.59
2021-07-21T17:00:00Z,182.47,145.34,156.33,0,26.48,14.65,73.17,62.92,3.59
2021-07-21T18:00:00Z,182.47,145.34,156.33,0,26.48,14.65,73.17,62.92,3.59
2021-07-21T19:00:00Z,182.47,145.34,156.33,0,26.48,14.65,73.17,62.92,3.59
2021-07-21T20:00:00Z,182.47,145.34,156.33,0,26.48,14.65,73.17,62.92,3.59
2021-07-21T21:00:00Z,182.47,145.34,156.33,0,26.48,14.65,73.17,62.92,3.59
2021-07-21T22:00:00Z,182.47,145.34,156.33,0,26.48,14.65,73.17,62.92,3.59
2021-07-21T23:00:00Z,182.47,145.34,156.33,0,26.48,14.65,73.17,62.92,3.59
2021-07-22T00:00:00Z,126.4,117.04,136.71,0,11.55,23.6,78.02,52.14,3.8
2021-07-22T01:00:00Z,126.4,117.04,136.71,0,11.55,23.6,78.02,52.14,3.8
2021-07-22T02:00:00Z,126.4,117.04,136.71,0,11.55,23.6,78.02,52.14,3.8
2021-07-22T03:00:00Z,126.4,117.04,136.71,0,11.55,23.6,78.02,52.14,3.8
2021-07-22T04:00:00Z,126.4,117.04,136.71,0,11.55,23.6,78.02,52.14,3.8
2021-07-22T05:00:00Z,126.4,117.04,136.71,0,11.55,23.6,78.02,52.14,3.8
2021-07-22T06:00:00Z,126.4,117.04,136.71,0,11.55,23.6,78.02,52.14,3.8
2021-07-22T07:00:00Z,126.4,117.04,136.71,0,11.55,23.6,78.02,52.14,3.8
2021-07-22T08:00:00Z,126.4,117.04,136.71,0,11.55,23.6,78.02,52.14,3.8
2021-07-22T09:00:00Z,126.4,117.04,136.71,0,11.55,23.6,78.02,52.14,3.8
2021-07-22T10:00:00Z,126.4,117.04,136.71,0,11.55,23.6,78.02,52.14,3.8
2021-07-22T11:00:00Z,126.4,117.04,136.71,0,11.55,23.6,78.02,52.14,3.8
2021-07-22T12:00:00Z,126.4,117.04,136.71,0,11.55,23.6,78.02,52.14,3.8
2021-07-22T13:00:00Z,126.4,117.04,136.71,0,11.55,23.6,78.02,52.14,3.8
2021-07-22T14:00:00Z,126.4,117.04,136.71,0,11.55,23.6,78.02,52.14,3.8
2021-07-22T15:00:00Z,126.4,117.04,136.71,0,11.55,23.6,78.02,52.14,3.8
2021-07-22T16:00:00Z,126.4,117.04,136.71,0,11.55,23.6,78.02,52.14,3.8
2021-07-22T17:00:00Z,126.4,117.04,136.71,0,11.55,23.6,78.02,52.14,3.8
2021-07-22T18:00:00Z,126.4,117.04,136.71,0,11.55,23.6,78.02,52.14,3.8
2021-07-22T19:00:00Z,126.4,117.04,136.71,0,11.55,23.6,78.02,52.14,3.8
2021-07-22T20:00:00Z,126.4,117.04,136.71,0,11.55,23.6,78.02,52.14,3.8
2021-07-22T21:00:00Z,126.4,117.04,136.71,0,11.55,23.6,78.02,52.14,3.8
2021-07-22T22:00:00Z,126.4,117.04,136.71,0,11.55,23.6,78.02,52.14,3.8
2021-07-22T23:00:00Z,126.4,117.04,136.71,0,11.55,23.6,78.02,52.14,3.8
2021-07-23T00:00:00Z,132.7,143.1,146.67,0,26.28,11.87,77.91,47.49,3.75
2021-07-23T01:00:00Z,132.7,143.1,146.67,0,26.28,11.87,77.91,47.49,3.75
2021-07-23T02:00:00Z,132.7,143.1,146.67,0,26.28,11.87,77.91,47.49,3.75
2021-07-23T03:00:00Z,132.7,143.1,146.67,0,26.28,11.87,77.91,47.49,3.75
2021-07-23T04:00:00Z,132.7,143.1,146.67,0,26.28,11.87,77.91,47.49,3.75
2021-07-23T05:00:00Z,132.7,143.1,146.67,0,26.28,11.87,77.91,47.49,3.75
2021-07-23T06:00:00Z,132.7,143.1,146.67,0,26.28,11.87,77.91,47.49,3.75
2021-07-23T07:00:00Z,132.7,143.1,146.67,0,26.28,11.87,77.91,47.49,3.75
2021-07-23T08:00:00Z,132.7,143.1,146.67,0,26.28,11.87,77.91,47.49,3.75
2021-07-23T09:00:00Z,132.7,143.1,146.67,0,26.28,11.87,77.91,47.49,3.75
2021-07-23T10:00:00Z,132.7,143.1,146.67,0,26.28,11.87,77.91,47.49,3.75
2021-07-23T11:00:00Z,132.7,143.1,146.67,0,26.28,11.87,77.91,47.49,3.75
2021-07-23T12:00:00Z,132.7,143.1,146.67,0,26.28,11.87,77.91,47.49,3.75
2021-07-23T13:00:00Z,132.7,143.1,146.67,0,26.28,11.87,77.91,47.49,3.75
2021-07-23T14:00:00Z,132.7,143.1,146.67,0,26.28,11.87,77.91,47.49,3.75
2021-07-23T15:00:00Z,132.7,143.1,146.67,0,26.28,11.87,77.91,47.49,3.75
2021-07-23T16:00:00Z,132.7,143.1,146.67,0,26.28,11.87,77.91,47.49,3.75
2021-07-23T17:00:00Z,132.7,143.1,146.67,0,26.28,11.87,77.91,47.49,3.75
2021-07-23T18:00:00Z,132.7,143.1,146.67,0,26.28,11.87,77.91,47.49,3.75
2021-07-23T19:00:00Z,132.7,143.1,146.67,0,26.28,11.87,77.91,47.49,3.75
2021-07-23T20:00:00Z,132.7,143.1,146.67,0,26.28,11.87,77.91,47.49,3.75
2021-07-23T21:00:00Z,132.7,143.1,146.67,0,26.28,11.87,77.91,47.49,3.75
2021-07-23T22:00:00Z,132.7,143.1,146.67,0,26.28,11.87,77.91,47.49,3.75
2021-07-23T23:00:00Z,132.7,143.1,146.67,0,26.28,11.87,77.91,47.49,3.75
2021-07-24T00:00:00Z,124.71,130.1,70.47,0,12.95,22.75,78.14,56.27,3.87
2021-07-24T01:00:00Z,124.71,130.1,70.47,0,12.95,22.75,78.14,56.27,3.87
2021-07-24T02:00:00Z,124.71,130.1,70.47,0,12.95,22.75,78.14,56.27,3.87
2021-07-24T03:00:00Z,124.71,130.1,70.47,0,12.95,22.75,78.14,56.27,3.87
2021-07-24T04:00:00Z,124.71,130.1,70.47,0,12.95,22.75,78.14,56.27,3.87
2021-07-24T05:00:00Z,124.71,130.1,70.47,0,12.95,22.75,78.14,56.27,3.87
2021-07-24T06:00:00Z,124.71,130.1,70.47,0,12.95,22.75,78.14,56.27,3.87
2021-07-24T07:00:00Z,124.71,130.1,70.47,0,12.95,22.75,78.14,56.27,3.87
2021-07-24T08:00:00Z,124.71,130.1,70.47,0,12.95,22.75,78.14,56.27,3.87
2021-07-24T09:00:00Z,124.71,130.1,70.47,0,12.95,22.75,78.14,56.27,3.87
2021-07-24T10:00:00Z,124.71,130.1,70.47,0,12.95,22.75,78.14,56.27,3.87
2021-07-24T11:00:00Z,124.71,130.1,70.47,0,12.95,22.75,78.14,56.27,3.87
2021-07-24T12:00:00Z,124.71,130.1,70.47,0,12.95,22.75,78.14,56.27,3.87
2021-07-24T13:00:00Z,124.71,130.1,70.47,0,12.95,22.75,78.14,56.27,3.87
2021-07-24T14:00:00Z,124.71,130.1,70.47,0,12.95,22.75,78.14,56.27,3.87
2021-07-24T15:00:00Z,124.71,130.1,70.47,0,12.95,22.75,78.14,56.27,3.87
2021-07-24T16:00:00Z,124.71,130.1,70.47,0,12.95,22.75,78.14,56.27,3.87
2021-07-24T17:00:00Z,124.71,130.1,70.47,0,12.95,22.75,78.14,56.27,3.87
2021-07-24T18:00:00Z,124.71,130.1,70.47,0,12.95,22.75,78.14,56.27,3.87
2021-07-24T19:00:00Z,124.71,130.1,70.47,0,12.95,22.75,78.14,56.27,3.87
2021-07-24T20:00:00Z,124.71,130.1,70.47,0,12.95,22.75,78.14,56.27,3.87
2021-07-24T21:00:00Z,124.71,130.1,70.47,0,12.95,22.75,78.14,56.27,3.87
2021-07-24T22:00:00Z,124.71,130.1,70.47,0,12.95,22.75,78.14,56.27,3.87
2021-07-24T23:00:00Z,124.71,130.1,70.47,0,12.95,22.75,78.14,56.27,3.87
2021-07-25T00:00:00Z,118.52,139.08,146.67,0,11.61,27.34,78.19,51.5,3.56
2021-07-25T01:00:00Z,118.52,139.08,146.67,0,11.61,27.34,78.19,51.5,3.56
2021-07-25T02:00:00Z,118.52,139.08,146.67,0,11.61,27.34,78.19,51.5,3.56
2021-07-25T03:00:00Z,118.52,139.08,146.67,0,11.61,27.34,78.19,51.5,3.56
2021-07-25T04:00:00Z,118.52,139.08,146.67,0,11.61,27.34,78.19,51.5,3.56
2021-07-25T05:00:00Z,118.52,139.08,146.67,0,11.61,27.34,78.19,51.5,3.56
2021-07-25T06:00:00Z,118.52,139.08,146.67,0,11.61,27.34,78.19,51.5,3.56
2021-07-25T07:00:00Z,118.52,139.08,146.67,0,11.61,27.34,78.19,51.5,3.56
2021-07-25T08:00:00Z,118.52,139.08,146.67,0,11.61,27.34,78.19,51.5,3.56
2021-07-25T09:00:00Z,118.52,139.08,146.67,0,11.61,27.34,78.19,51.5,3.56
2021-07-25T10:00:00Z,118.52,139.08,146.67,0,11.61,27.34,78.19,51.5,3.56
2021-07-25T11:00:00Z,118.52,139.08,146.67,0,11.61,27.34,78.19,51.5,3.56
2021-07-25T12:00:00Z,118.52,139.08,146.67,0,11.61,27.34,78.19,51.5,3.56
2021-07-25T13:00:00Z,118.52,139.08,146.67,0,11.61,27.34,78.19,51.5,3.56
2021-07-25T14:00:00Z,118.52,139.08,146.67,0,11.61,27.34,78.19,51.5,3.56
2021-07-25T15:00:00Z,118.52,139.08,146.67,0,11.61,27.34,78.19,51.5,3.56
2021-07-25T16:00:00Z,118.52,139.08,146.67,0,11.61,27.34,78.19,51.5,3.56
2021-07-25T17:00:00Z,118.52,139.08,146.67,0,11.61,27.34,78.19,51.5,3.56
2021-07-25T18:00:00Z,118.52,139.08,146.67,0,11.61,27.34,78.19,51.5,3.56
2021-07-25T19:00:00Z,118.52,139.08,146.67,0,11.61,27.34,78.19,51.5,3.56
2021-07-25T20:00:00Z,118.52,139.08,146.67,0,11.61,27.34,78.19,51.5,3.56
2021-07-25T21:00:00Z,118.52,139.08,146.67,0,11.61,27.34,78.19,51.5,3.56
2021-07-25T22:00:00Z,118.52,139.08,146.67,0,11.61,27.34,78.19,51.5,3.56
2021-07-25T23:00:00Z,118.52,139.08,146.67,0,11.61,27.34,78.19,51.5,3.56
2021-07-26T00:00:00Z,148.28,128.91,136.78,0,30.56,10.97,77.96,55.41,3.33
2021-07-26T01:00:00Z,148.28,128.91,136.78,0,30.56,10.97,77.96,55.41,3.33
2021-07-26T02:00:00Z,148.28,128.91,136.78,0,30.56,10.97,77.96,55.41,3.33
2021-07-26T03:00:00Z,148.28,128.91,136.78,0,30.56,10.97,77.96,55.41,3.33
2021-07-26T04:00:00Z,148.28,128.91,136.78,0,30.56,10.97,77.96,55.41,3.33
2021-07-26T05:00:00Z,148.28,128.91,136.78,0,30.56,10.97,77.96,55.41,3.33
2021-07-26T06:00:00Z,148.28,128.91,136.78,0,30.56,10.97,77.96,55.41,3.33
2021-07-26T07:00:00Z,148.28,128.91,136.78,0,30.56,10.97,77.96,55.41,3.33
2021-07-26T08:00:00Z,148.28,128.91,136.78,0,30.56,10.97,77.96,55.41,3.33
2021-07-26T09:00:00Z,148.28,128.91,136.78,0,30.56,10.97,77.96,55.41,3.33
2021-07-26T10:00:00Z,148.28,128.91,136.78,0,30.56,10.97,77.96,55.41,3.33
2021-07-26T11:00:00Z,148.28,128.91,136.78,0,30.56,10.97,77.96,55.41,3.33
2021-07-26T12:00:00Z,148.28,128.91,136.78,0,30.56,10.97,77.96,55.41,3.33
2021-07-26T13:00:00Z,148.28,128.91,136.78,0,30.56,10.97,77.96,55.41,3.33
2021-07-26T14:00:00Z,148.28,128.91,136.78,0,30.56,10.97,77.96,55.41,3.33
2021-07-26T15:00:00Z,148.28,128.91,136.78,0,30.56,10.97,77.96,55.41,3.33
2021-07-26T16:00:00Z,148.28,128.91,136.78,0,30.56,10.97,77.96,55.41,3.33
2021-07-26T17:00:00Z,148.28,128.91,136.78,0,30.56,10.97,77.96,55.41,3.33
2021-07-26T18:00:00Z,148.28,128.91,136.78,0,30.56,10.97,77.96,55.41,3.33
2021-07-26T19:00:00Z,148.28,128.91,136.78,0,30.56,10.97,77.96,55.41,3.33
2021-07-26T20:00:00Z,148.28,128.91,136.78,0,30.56,10.97,77.96,55.41,3.33
2021-07-26T21:00:00Z,148.28,128.91,136.78,0,30.56,10.97,77.96,55.41,3.33
2021-07-26T22:00:00Z,148.28,128.91,136.78,0,30.56,10.97,77.96,55.41,3.33
2021-07-26T23:00:00Z,148.28,128.91,136.78,0,30.56,10.97,77.96,55.41,3.33
2021-07-27T00:00:00Z,123.33,137.72,145.46,0,11.68,27.63,74.59,51.37,3.24
2021-07-27T01:00:00Z,123.33,137.72,145.46,0,11.68,27.63,74.59,51.37,3.24
2021-07-27T02:00:00Z,123.33,137.72,145.46,0,11.68,27.63,74.59,51.37,3.24
2021-07-27T03:00:00Z,123.33,137.72,145.46,0,11.68,27.63,74.59,51.37,3.24
2021-07-27T04:00:00Z,123.33,137.72,145.46,0,11.68,27.63,74.59,51.37,3.24
2021-07-27T05:00:00Z,123.33,137.72,145.46,0,11.68,27.63,74.59,51.37,3.24
2021-07-27T06:00:00Z,123.33,137.72,145.46,0,11.68,27.63,74.59,51.37,3.24
2021-07-27T07:00:00Z,123.33,137.72,145.46,0,11.68,27.63,74.59,51.37,3.24
2021-07-27T08:00:00Z,123.33,137.72,145.46,0,11.68,27.63,74.59,51.37,3.24
2021-07-27T09:00:00Z,123.33,137.72,145.46,0,11.68,27.63,74.59,51.37,3.24
2021-07-27T10:00:00Z,123.33,137.72,145.46,0,11.68,27.63,74.59,51.37,3.24
2021-07-27T11:00:00Z,123.33,137.72,145.46,0,11.68,27.63,74.59,51.37,3.24
2021-07-27T12:00:00Z,123.33,137.72,145.46,0,11.68,27.63,74.59,51.37,3.24
2021-07-27T13:00:00Z,123.33,137.72,145.46,0,11.68,27.63,74.59,51.37,3.24
2021-07-27T14:00:00Z,123.33,137.72,145.46,0,11.68,27.63,74.59,51.37,3.24
2021-07-27T15:00:00Z,123.33,137.72,145.46,0,11.68,27.63,74.59,51.37,3.24
2021-07-27T16:00:00Z,123.33,137.72,145.46,0,11.68,27.63,74.59,51.37,3.24
2021-07-27T17:00:00Z,123.33,137.72,145.46,0,11.68,27.63,74.59,51.37,3.24
2021-07-27T18:00:00Z,123.33,137.72,145.46,0,11.68,27.63,74.59,51.37,3.24
2021-07-27T19:00:00Z,123.33,137.72,145.46,0,11.68,27.63,74.59,51.37,3.24
2021-07-27T20:00:00Z,123.33,137.72,145.46,0,11.68,27.63,74.59,51.37,3.24
2021-07-27T21:00:00Z,123.33,137.72,145.46,0,11.68,27.63,74.59,51.37,3.24
2021-07-27T22:00:00Z,123.33,137.72,145.46,0,11.68,27.63,74.59,51.37,3.24
2021-07-27T23:00:00Z,123.33,137.72,145.46,0,11.68,27.63,74.59,51.37,3.24
2021-07-28T00:00:00Z,138.07,136.27,131.29,0,12.35,31.37,80.05,55.3,3.18
2021-07-28T01:00:00Z,138.07,136.27,131.29,0,12.35,31.37,80.05,55.3,3.18
2021-07-28T02:00:00Z,138.07,136.27,131.29,0,12.35,31.37,80.05,55.3,3.18
2021-07-28T03:00:00Z,138.07,136.27,131.29,0,12.35,31.37,80.05,55.3,3.18
2021-07-28T04:00:00Z,138.07,136.27,131.29,0,12.35,31.37,80.05,55.3,3.18
2021-07-28T05:00:00Z,138.07,136.27,131.29,0,12.35,31.37,80.05,55.3,3.18
2021-07-28T06:00:00Z,138.07,136.27,131.29,0,12.35,31.37,80.05,55.3,3.18
2021-07-28T07:00:00Z,138.07,136.27,131.29,0,12.35,31.37,80.05,55.3,3.18
2021-07-28T08:00:00Z,138.07,136.27,131.29,0,12.35,31.37,80.05,55.3,3.18
2021-07-28T09:00:00Z,138.07,136.27,131.29,0,12.35,31.37,80.05,55.3,3.18
2021-07-28T10:00:00Z,138.07,136.27,131.29,0,12.35,31.37,80.05,55.3,3.18
2021-07-28T11:00:00Z,138.07,136.27,131.29,0,12.35,31.37,80.05,55.3,3.18
2021-07-28T12:00:00Z,138.07,136.27,131.29,0,12.35,31.37,80.05,55.3,3.18
2021-07-28T13:00:00Z,138.07,136.27,131.29,0,12.35,31.37,80.05,55.3,3.18
2021-07-28T14:00:00Z,138.07,136.27,131.29,0,12.35,31.37,80.05,55.3,3.18
2021-07-28T15:00:00Z,138.07,136.27,131.29,0,12.35,31.37,80.05,55.3,3.18
2021-07-28T16:00:00Z,138.07,136.27,131.29,0,12.35,31.37,80.05,55.3,3.18
2021-07-28T17:00:00Z,138.07,136.27,131.29,0,12.35,31.37,80.05,55.3,3.18
2021-07-28T18:00:00Z,138.07,136.27,131.29,0,12.35,31.37,80.05,55.3,3.18
2021-07-28T19:00:00Z,138.07,136.27,131.29,0,12.35,31.37,80.05,55.3,3.18
2021-07-28T20:00:00Z,138.07,136.27,131.29,0,12.35,31.37,80.05,55.3,3.18
2021-07-28T21:00:00Z,138.07,136.27,131.29,0,12.35,31.37,80.05,55.3,3.18
2021-07-28T22:00:00Z,138.07,136.27,131.29,0,12.35,31.37,80.05,55.3,3.18
2021-07-28T23:00:00Z,138.07,136.27,131.29,0,12.35,31.37,80.05,55.3,3.18
2021-07-29T00:00:00Z,110.56,119.88,147.38,0,10.67,23.78,76.04,54.05,4.02
2021-07-29T01:00:00Z,110.56,119.88,147.38,0,10.67,23.78,76.04,54.05,4.02
2021-07-29T02:00:00Z,110.56,119.88,147.38,0,10.67,23.78,76.04,54.05,4.02
2021-07-29T03:00:00Z,110.56,119.88,147.38,0,10.67,23.78,76.04,54.05,4.02
2021-07-29T04:00:00Z,110.56,119.88,147.38,0,10.67,23.78,76.04,54.05,4.02
2021-07-29T05:00:00Z,110.56,119.88,147.38,0,10.67,23.78,76.04,54.05,4.02
2021-07-29T06:00:00Z,110.56,119.88,147.38,0,10.67,23.78,76.04,54.05,4.02
2021-07-29T07:00:00Z,110.56,119.88,147.38,0,10.67,23.78,76.04,54.05,4.02
2021-07-29T08:00:00Z,110.56,119.88,147.38,0,10.67,23.78,76.04,54.05,4.02
2021-07-29T09:00:00Z,110.56,119.88,147.38,0,10.67,23.78,76.04,54.05,4.02
2021-07-29T10:00:00Z,110.56,119.88,147.38,0,10.67,23.78,76.04,54.05,4.02
2021-07-29T11:00:00Z,110.56,119.88,147.38,0,10.67,23.78,76.04,54.05,4.02
2021-07-29T12:00:00Z,110.56,119.88,147.38,0,10.67,23.78,76.04,54.05,4.02
2021-07-29T13:00:00Z,110.56,119.88,147.38,0,10.67,23.78,76.04,54.05,4.02
2021-07-29T14:00:00Z,110.56,119.88,147.38,0,10.67,23.78,76.04,54.05,4.02
2021-07-29T15:00:00Z,110.56,119.88,147.38,0,10.67,23.78,76.04,54.05,4.02
2021-07-29T16:00:00Z,110.56,119.88,147.38,0,10.67,23.78,76.04,54.05,4.02
2021-07-29T17:00:00Z,110.56,119.88,147.38,0,10.67,23.78,76.04,54.05,4.02
2021-07-29T18:00:00Z,110.56,119.88,147.38,0,10.67,23.78,76.04,54.05,4.02
2021-07-29T19:00:00Z,110.56,119.88,147.38,0,10.67,23.78,76.04,54.05,4.02
2021-07-29T20:00:00Z,110.56,119.88,147.38,0,10.67,23.78,76.04,54.05,4.02
2021-07-29T21:00:00Z,110.56,119.88,147.38,0,10.67,23.78,76.04,54.05,4.02
2021-07-29T22:00:00Z,110.56,119.88,147.38,0,10.67,23.78,76.04,54.05,4.02
2021-07-29T23:00:00Z,110.56,119.88,147.38,0,10.67,23.78,76.04,54.05,4.02
2021-07-30T00:00:00Z,153.22,115.22,142.86,0,11.66,27.88,73.17,53.9,4.05
2021-07-30T01:00:00Z,153.22,115.22,142.86,0,11.66,27.88,73.17,53.9,4.05
2021-07-30T02:00:00Z,153.22,115.22,142.86,0,11.66,27.88,73.17,53.9,4.05
2021-07-30T03:00:00Z,153.22,115.22,142.86,0,11.66,27.88,73.17,53.9,4.05
2021-07-30T04:00:00Z,153.22,115.22,142.86,0,11.66,27.88,73.17,53.9,4.05
2021-07-30T05:00:00Z,153.22,115.22,142.86,0,11.66,27.88,73.17,53.9,4.05
2021-07-30T06:00:00Z,153.22,115.22,142.86,0,11.66,27.88,73.17,53.9,4.05
2021-07-30T07:00:00Z,153.22,115.22,142.86,0,11.66,27.88,73.17,53.9,4.05
2021-07-30T08:00:00Z,153.22,115.22,142.86,0,11.66,27.88,73.17,53.9,4.05
2021-07-30T09:00:00Z,153.22,115.22,142.86,0,11.66,27.88,73.17,53.9,4.05
2021-07-30T10:00:00Z,153.22,115.22,142.86,0,11.66,27.88,73.17,53.9,4.05
2021-07-30T11:00:00Z,153.22,115.22,142.86,0,11.66,27.88,73.17,53.9,4.05
2021-07-30T12:00:00Z,153.22,115.22,142.86,0,11.66,27.88,73.17,53.9,4.05
2021-07-30T13:00:00Z,153.22,115.22,142.86,0,11.66,27.88,73.17,53.9,4.05
2021-07-30T14:00:00Z,153.22,115.22,142.86,0,11.66,27.88,73.17,53.9,4.05
2021-07-30T15:00:00Z,153.22,115.22,142.86,0,11.66,27.88,73.17,53.9,4.05
2021-07-30T16:00:00Z,153.22,115.22,142.86,0,11.66,27.88,73.17,53.9,4.05
2021-07-30T17:00:00Z,153.22,115.22,142.86,0,11.66,27.88,73.17,53.9,4.05
2021-07-30T18:00:00Z,153.22,115.22,142.86,0,11.66,27.88,73.17,53.9,4.05
2021-07-30T19:00:00Z,153.22,115.22,142.86,0,11.66,27.88,73.17,53.9,4.05
2021-07-30T20:00:00Z,153.22,115.22,142.86,0,11.66,27.88,73.17,53.9,4.05
2021-07-30T21:00:00Z,153.22,115.22,142.86,0,11.66,27.88,73.17,53.9,4.05
2021-07-30T22:00:00Z,153.22,115.22,142.86,0,11.66,27.88,73.17,53.9,4.05
2021-07-30T23:00:00Z,153.22,115.22,142.86,0,11.66,27.88,73.17,53.9,4.05
2021-07-31T00:00:00Z,149.21,128.72,121.38,0,11.04,24.66,73.17,56.69,5.03
2021-07-31T01:00:00Z,149.21,128.72,121.38,0,11.04,24.66,73.17,56.69,5.03
2021-07-31T02:00:00Z,149.21,128.72,121.38,0,11.04,24.66,73.17,56.69,5.03
2021-07-31T03:00:00Z,149.21,128.72,121.38,0,11.04,24.66,73.17,56.69,5.03
2021-07-31T04:00:00Z,149.21,128.72,121.38,0,11.04,24.66,73.17,56.69,5.03
2021-07-31T05:00:00Z,149.21,128.72,121.38,0,11.04,24.66,73.17,56.69,5.03
2021-07-31T06:00:00Z,149.21,128.72,121.38,0,11.04,24.66,73.17,56.69,5.03
2021-07-31T07:00:00Z,149.21,128.72,121.38,0,11.04,24.66,73.17,56.69,5.03
2021-07-31T08:00:00Z,149.21,128.72,121.38,0,11.04,24.66,73.17,56.69,5.03
2021-07-31T09:00:00Z,149.21,128.72,121.38,0,11.04,24.66,73.17,56.69,5.03
2021-07-31T10:00:00Z,149.21,128.72,121.38,0,11.04,24.66,73.17,56.69,5.03
2021-07-31T11:00:00Z,149.21,128.72,121.38,0,11.04,24.66,73.17,56.69,5.03
2021-07-31T12:00:00Z,149.21,128.72,121.38,0,11.04,24.66,73.17,56.69,5.03
2021-07-31T13:00:00Z,149.21,128.72,121.38,0,11.04,24.66,73.17,56.69,5.03
2021-07-31T14:00:00Z,149.21,128.72,121.38,0,11.04,24.66,73.17,56.69,5.03
2021-07-31T15:00:00Z,149.21,128.72,121.38,0,11.04,24.66,73.17,56.69,5.03
2021-07-31T16:00:00Z,149.21,128.72,121.38,0,11.04,24.66,73.17,56.69,5.03
2021-07-31T17:00:00Z,149.21,128.72,121.38,0,11.04,24.66,73.17,56.69,5.03
2021-07-31T18:00:00Z,149.21,128.72,121.38,0,11.04,24.66,73.17,56.69,5.03
2021-07-31T19:00:00Z,149.21,128.72,121.38,0,11.04,24.66,73.17,56.69,5.03
2021-07-31T20:00:00Z,149.21,128.72,121.38,0,11.04,24.66,73.17,56.69,5.03
2021-07-31T21:00:00Z,149.21,128.72,121.38,0,11.04,24.66,73.17,56.69,5.03
2021-07-31T22:00:00Z,149.21,128.72,121.38,0,11.04,24.66,73.17,56.69,5.03
2021-07-31T23:00:00Z,149.21,128.72,121.38,0,11.04,24.66,73.17,56.69,5.03
2021-08-01T00:00:00Z,104.15,121.79,122.7,0,11.01,20.34,73.17,52.22,5.64
2021-08-01T01:00:00Z,104.15,121.79,122.7,0,11.01,20.34,73.17,52.22,5.64
2021-08-01T02:00:00Z,104.15,121.79,122.7,0,11.01,20.34,73.17,52.22,5.64
2021-08-01T03:00:00Z,104.15,121.79,122.7,0,11.01,20.34,73.17,52.22,5.64
2021-08-01T04:00:00Z,104.15,121.79,122.7,0,11.01,20.34,73.17,52.22,5.64
2021-08-01T05:00:00Z,104.15,121.79,122.7,0,11.01,20.34,73.17,52.22,5.64
2021-08-01T06:00:00Z,104.15,121.79,122.7,0,11.01,20.34,73.17,52.22,5.64
2021-08-01T07:00:00Z,104.15,121.79,122.7,0,11.01,20.34,73.17,52.22,5.64
2021-08-01T08:00:00Z,104.15,121.79,122.7,0,11.01,20.34,73.17,52.22,5.64
2021-08-01T09:00:00Z,104.15,121.79,122.7,0,11.01,20.34,73.17,52.22,5.64
2021-08-01T10:00:00Z,104.15,121.79,122.7,0,11.01,20.34,73.17,52.22,5.64
2021-08-01T11:00:00Z,104.15,121.79,122.7,0,11.01,20.34,73.17,52.22,5.64
2021-08-01T12:00:00Z,104.15,121.79,122.7,0,11.01,20.34,73.17,52.22,5.64
2021-08-01T13:00:00Z,104.15,121.79,122.7,0,11.01,20.34,73.17,52.22,5.64
2021-08-01T14:00:00Z,104.15,121.79,122.7,0,11.01,20.34,73.17,52.22,5.64
2021-08-01T15:00:00Z,104.15,121.79,122.7,0,11.01,20.34,73.17,52.22,5.64
2021-08-01T16:00:00Z,104.15,121.79,122.7,0,11.01,20.34,73.17,52.22,5.64
2021-08-01T17:00:00Z,104.15,121.79,122.7,0,11.01,20.34,73.17,52.22,5.64
2021-08-01T18:00:00Z,104.15,121.79,122.7,0,11.01,20.34,73.17,52.22,5.64
2021-08-01T19:00:00Z,104.15,121.79,122.7,0,11.01,20.34,73.17,52.22,5.64
2021-08-01T20:00:00Z,104.15,121.79,122.7,0,11.01,20.34,73.17,52.22,5.64
2021-08-01T21:00:00Z,104.15,121.79,122.7,0,11.01,20.34,73.17,52.22,5.64
2021-08-01T22:00:00Z,104.15,121.79,122.7,0,11.01,20.34,73.17,52.22,5.64
2021-08-01T23:00:00Z,104.15,121.79,122.7,0,11.01,20.34,73.17,52.22,5.64
2021-08-02T00:00:00Z,90.11,126.96,138,0,11.25,21.43,71.93,51.21,5.37
2021-08-02T01:00:00Z,90.11,126.96,138,0,11.25,21.43,71.93,51.21,5.37
2021-08-02T02:00:00Z,90.11,126.96,138,0,11.25,21.43,71.93,51.21,5.37
2021-08-02T03:00:00Z,90.11,126.96,138,0,11.25,21.43,71.93,51.21,5.37
2021-08-02T04:00:00Z,90.11,126.96,138,0,11.25,21.43,71.93,51.21,5.37
2021-08-02T05:00:00Z,90.11,126.96,138,0,11.25,21.43,71.93,51.21,5.37
2021-08-02T06:00:00Z,90.11,126.96,138,0,11.25,21.43,71.93,51.21,5.37
2021-08-02T07:00:00Z,90.11,126.96,138,0,11.25,21.43,71.93,51.21,5.37
2021-08-02T08:00:00Z,90.11,126.96,138,0,11.25,21.43,71.93,51.21,5.37
2021-08-02T09:00:00Z,90.11,126.96,138,0,11.25,21.43,71.93,51.21,5.37
2021-08-02T10:00:00Z,90.11,126.96,138,0,11.25,21.43,71.93,51.21,5.37
2021-08-02T11:00:00Z,90.11,126.96,138,0,11.25,21.43,71.93,51.21,5.37
2021-08-02T12:00:00Z,90.11,126.96,138,0,11.25,21.43,71.93,51.21,5.37
2021-08-02T13:00:00Z,90.11,126.96,138,0,11.25,21.43,71.93,51.21,5.37
2021-08-02T14:00:00Z,90.11,126.96,138,0,11.25,21.43,71.93,51.21,5.37
2021-08-02T15:00:00Z,90.11,126.96,138,0,11.25,21.43,71.93,51.21,5.37
2021-08-02T16:00:00Z,90.11,126.96,138,0,11.25,21.43,71.93,51.21,5.37
2021-08-02T17:00:00Z,90.11,126.96,138,0,11.25,21.43,71.93,51.21,5.37
2021-08-02T18:00:00Z,90.11,126.96,138,0,11.25,21.43,71.93,51.21,5.37
2021-08-02T19:00:00Z,90.11,126.96,138,0,11.25,21.43,71.93,51.21,5.37
2021-08-02T20:00:00Z,90.11,126.96,138,0,11.25,21.43,71.93,51.21,5.37
2021-08-02T21:00:00Z,90.11,126.96,138,0,11.25,21.43,71.93,51.21,5.37
2021-08-02T22:00:00Z,90.11,126.96,138,0,11.25,21.43,71.93,51.21,5.37
2021-08-02T23:00:00Z,90.11,126.96,138,0,11.25,21.43,71.93,51.21,5.37
2021-08-03T00:00:00Z,110.43,126.26,138,0,11.09,22.16,73.28,49.7,5.69
2021-08-03T01:00:00Z,110.43,126.26,138,0,11.09,22.16,73.28,49.7,5.69
2021-08-03T02:00:00Z,110.43,126.26,138,0,11.09,22.16,73.28,49.7,5.69
2021-08-03T03:00:00Z,110.43,126.26,138,0,11.09,22.16,73.28,49.7,5.69
2021-08-03T04:00:00Z,110.43,126.26,138,0,11.09,22.16,73.28,49.7,5.69
2021-08-03T05:00:00Z,110.43,126.26,138,0,11.09,22.16,73.28,49.7,5.69
2021-08-03T06:00:00Z,110.43,126.26,138,0,11.09,22.16,73.28,49.7,5.69
2021-08-03T07:00:00Z,110.43,126.26,138,0,11.09,22.16,73.28,49.7,5.69
2021-08-03T08:00:00Z,110.43,126.26,138,0,11.09,22.16,73.28,49.7,5.69
2021-08-03T09:00:00Z,110.43,126.26,138,0,11.09,22.16,73.28,49.7,5.69
2021-08-03T10:00:00Z,110.43,126.26,138,0,11.09,22.16,73.28,49.7,5.69
2021-08-03T11:00:00Z,110.43,126.26,138,0,11.09,22.16,73.28,49.7,5.69
2021-08-03T12:00:00Z,110.43,126.26,138,0,11.09,22.16,73.28,49.7,5.69
2021-08-03T13:00:00Z,110.43,126.26,138,0,11.09,22.16,73.28,49.7,5.69
2021-08-03T14:00:00Z,110.43,126.26,138,0,11.09,22.16,73.28,49.7,5.69
2021-08-03T15:00:00Z,110.43,126.26,138,0,11.09,22.16,73.28,49.7,5.69
2021-08-03T16:00:00Z,110.43,126.26,138,0,11.09,22.16,73.28,49.7,5.69
2021-08-03T17:00:00Z,110.43,126.26,138,0,11.09,22.16,73.28,49.7,5.69
2021-08-03T18:00:00Z,110.43,126.26,138,0,11.09,22.16,73.28,49.7,5.69
2021-08-03T19:00:00Z,110.43,126.26,138,0,11.09,22.16,73.28,49.7,5.69
2021-08-03T20:00:00Z,110.43,126.26,138,0,11.09,22.16,73.28,49.7,5.69
2021-08-03T21:00:00Z,110.43,126.26,138,0,11.09,22.16,73.28,49.7,5.69
2021-08-03T22:00:00Z,110.43,126.26,138,0,11.09,22.16,73.28,49.7,5.69
2021-08-03T23:00:00Z,110.43,126.26,138,0,11.09,22.16,73.28,49.7,5.69
2021-08-04T00:00:00Z,121.41,119.5,142.83,0,10.88,26.06,76.44,55.73,5.52
2021-08-04T01:00:00Z,121.41,119.5,142.83,0,10.88,26.06,76.44,55.73,5.52
2021-08-04T02:00:00Z,121.41,119.5,142.83,0,10.88,26.06,76.44,55.73,5.52
2021-08-04T03:00:00Z,121.41,119.5,142.83,0,10.88,26.06,76.44,55.73,5.52
2021-08-04T04:00:00Z,121.41,119.5,142.83,0,10.88,26.06,76.44,55.73,5.52
2021-08-04T05:00:00Z,121.41,119.5,142.83,0,10.88,26.06,76.44,55.73,5.52
2021-08-04T06:00:00Z,121.41,119.5,142.83,0,10.88,26.06,76.44,55.73,5.52
2021-08-04T07:00:00Z,121.41,119.5,142.83,0,10.88,26.06,76.44,55.73,5.52
2021-08-04T08:00:00Z,121.41,119.5,142.83,0,10.88,26.06,76.44,55.73,5.52
2021-08-04T09:00:00Z,121.41,119.5,142.83,0,10.88,26.06,76.44,55.73,5.52
2021-08-04T10:00:00Z,121.41,119.5,142.83,0,10.88,26.06,76.44,55.73,5.52
2021-08-04T11:00:00Z,121.41,119.5,142.83,0,10.88,26.06,76.44,55.73,5.52
2021-08-04T12:00:00Z,121.41,119.5,142.83,0,10.88,26.06,76.44,55.73,5.52
2021-08-04T13:00:00Z,121.41,119.5,142.83,0,10.88,26.06,76.44,55.73,5.52
2021-08-04T14:00:00Z,121.41,119.5,142.83,0,10.88,26.06,76.44,55.73,5.52
2021-08-04T15:00:00Z,121.41,119.5,142.83,0,10.88,26.06,76.44,55.73,5.52
2021-08-04T16:00:00Z,121.41,119.5,142.83,0,10.88,26.06,76.44,55.73,5.52
2021-08-04T17:00:00Z,121.41,119.5,142.83,0,10.88,26.06,76.44,55.73,5.52
2021-08-04T18:00:00Z,121.41,119.5,142.83,0,10.88,26.06,76.44,55.73,5.52
2021-08-04T19:00:00Z,121.41,119.5,142.83,0,10.88,26.06,76.44,55.73,5.52
2021-08-04T20:00:00Z,121.41,119.5,142.83,0,10.88,26.06,76.44,55.73,5.52
2021-08-04T21:00:00Z,121.41,119.5,142.83,0,10.88,26.06,76.44,55.73,5.52
2021-08-04T22:00:00Z,121.41,119.5,142.83,0,10.88,26.06,76.44,55.73,5.52
2021-08-04T23:00:00Z,121.41,119.5,142.83,0,10.88,26.06,76.44,55.73,5.52
2021-08-05T00:00:00Z,122.67,123.4,147.83,0,10.88,26.32,73.35,55.81,5.36
2021-08-05T01:00:00Z,122.67,123.4,147.83,0,10.88,26.32,73.35,55.81,5.36
2021-08-05T02:00:00Z,122.67,123.4,147.83,0,10.88,26.32,73.35,55.81,5.36
2021-08-05T03:00:00Z,122.67,123.4,147.83,0,10.88,26.32,73.35,55.81,5.36
2021-08-05T04:00:00Z,122.67,123.4,147.83,0,10.88,26.32,73.35,55.81,5.36
2021-08-05T05:00:00Z,122.67,123.4,147.83,0,10.88,26.32,73.35,55.81,5.36
2021-08-05T06:00:00Z,122.67,123.4,147.83,0,10.88,26.32,73.35,55.81,5.36
2021-08-05T07:00:00Z,122.67,123.4,147.83,0,10.88,26.32,73.35,55.81,5.36
2021-08-05T08:00:00Z,122.67,123.4,147.83,0,10.88,26.32,73.35,55.81,5.36
2021-08-05T09:00:00Z,122.67,123.4,147.83,0,10.88,26.32,73.35,55.81,5.36
2021-08-05T10:00:00Z,122.67,123.4,147.83,0,10.88,26.32,73.35,55.81,5.36
2021-08-05T11:00:00Z,122.67,123.4,147.83,0,10.88,26.32,73.35,55.81,5.36
2021-08-05T12:00:00Z,122.67,123.4,147.83,0,10.88,26.32,73.35,55.81,5.36
2021-08-05T13:00:00Z,122.67,123.4,147.83,0,10.88,26.32,73.35,55.81,5.36
2021-08-05T14:00:00Z,122.67,123.4,147.83,0,10.88,26.32,73.35,55.81,5.36
2021-08-05T15:00:00Z,122.67,123.4,147.83,0,10.88,26.32,73.35,55.81,5.36
2021-08-05T16:00:00Z,122.67,123.4,147.83,0,10.88,26.32,73.35,55.81,5.36
2021-08-05T17:00:00Z,122.67,123.4,147.83,0,10.88,26.32,73.35,55.81,5.36
2021-08-05T18:00:00Z,122.67,123.4,147.83,0,10.88,26.32,73.35,55.81,5.36
2021-08-05T19:00:00Z,122.67,123.4,147.83,0,10.88,26.32,73.35,55.81,5.36
2021-08-05T20:00:00Z,122.67,123.4,147.83,0,10.88,26.32,73.35,55.81,5.36
2021-08-05T21:00:00Z,122.67,123.4,147.83,0,10.88,26.32,73.35,55.81,5.36
2021-08-05T22:00:00Z,122.67,123.4,147.83,0,10.88,26.32,73.35,55.81,5.36
2021-08-05T23:00:00Z,122.67,123.4,147.83,0,10.88,26.32,73.35,55.81,5.36
2021-08-06T00:00:00Z,134.81,133.58,144.04,0,11.69,30.16,75.9,62.59,4.18
2021-08-06T01:00:00Z,134.81,133.58,144.04,0,11.69,30.16,75.9,62.59,4.18
2021-08-06T02:00:00Z,134.81,133.58,144.04,0,11.69,30.16,75.9,62.59,4.18
2021-08-06T03:00:00Z,134.81,133.58,144.04,0,11.69,30.16,75.9,62.59,4.18
2021-08-06T04:00:00Z,134.81,133.58,144.04,0,11.69,30.16,75.9,62.59,4.18
2021-08-06T05:00:00Z,134.81,133.58,144.04,0,11.69,30.16,75.9,62.59,4.18
2021-08-06T06:00:00Z,134.81,133.58,144.04,0,11.69,30.16,75.9,62.59,4.18
2021-08-06T07:00:00Z,134.81,133.58,144.04,0,11.69,30.16,75.9,62.59,4.18
2021-08-06T08:00:00Z,134.81,133.58,144.04,0,11.69,30.16,75.9,62.59,4.18
2021-08-06T09:00:00Z,134.81,133.58,144.04,0,11.69,30.16,75.9,62.59,4.18
2021-08-06T10:00:00Z,134.81,133.58,144.04,0,11.69,30.16,75.9,62.59,4.18
2021-08-06T11:00:00Z,134.81,133.58,144.04,0,11.69,30.16,75.9,62.59,4.18
2021-08-06T12:00:00Z,134.81,133.58,144.04,0,11.69,30.16,75.9,62.59,4.18
2021-08-06T13:00:00Z,134.81,133.58,144.04,0,11.69,30.16,75.9,62.59,4.18
2021-08-06T14:00:00Z,134.81,133.58,144.04,0,11.69,30.16,75.9,62.59,4.18
2021-08-06T15:00:00Z,134.81,133.58,144.04,0,11.69,30.16,75.9,62.59,4.18
2021-08-06T16:00:00Z,134.81,133.58,144.04,0,11.69,30.16,75.9,62.59,4.18
2021-08-06T17:00:00Z,134.81,133.58,144.04,0,11.69,30.16,75.9,62.59,4.18
2021-08-06T18:00:00Z,134.81,133.58,144.04,0,11.69,30.16,75.9,62.59,4.18
2021-08-06T19:00:00Z,134.81,133.58,144.04,0,11.69,30.16,75.9,62.59,4.18
2021-08-06T20:00:00Z,134.81,133.58,144.04,0,11.69,30.16,75.9,62.59,4.18
2021-08-06T21:00:00Z,134.81,133.58,144.04,0,11.69,30.16,75.9,62.59,4.18
2021-08-06T22:00:00Z,134.81,133.58,144.04,0,11.69,30.16,75.9,62.59,4.18
2021-08-06T23:00:00Z,134.81,133.58,144.04,0,11.69,30.16,75.9,62.59,4.18
2021-08-07T00:00:00Z,107.86,122.91,135.25,0,11.39,23.26,76.32,62.02,5.3
2021-08-07T01:00:00Z,107.86,122.91,135.25,0,11.39,23.26,76.32,62.02,5.3
2021-08-07T02:00:00Z,107.86,122.91,135.25,0,11.39,23.26,76.32,62.02,5.3
2021-08-07T03:00:00Z,107.86,122.91,135.25,0,11.39,23.26,76.32,62.02,5.3
2021-08-07T04:00:00Z,107.86,122.91,135.25,0,11.39,23.26,76.32,62.02,5.3
2021-08-07T05:00:00Z,107.86,122.91,135.25,0,11.39,23.26,76.32,62.02,5.3
2021-08-07T06:00:00Z,107.86,122.91,135.25,0,11.39,23.26,76.32,62.02,5.3
2021-08-07T07:00:00Z,107.86,122.91,135.25,0,11.39,23.26,76.32,62.02,5.3
2021-08-07T08:00:00Z,107.86,122.91,135.25,0,11.39,23.26,76.32,62.02,5.3
2021-08-07T09:00:00Z,107.86,122.91,135.25,0,11.39,23.26,76.32,62.02,5.3
2021-08-07T10:00:00Z,107.86,122.91,135.25,0,11.39,23.26,76.32,62.02,5.3
2021-08-07T11:00:00Z,107.86,122.91,135.25,0,11.39,23.26,76.32,62.02,5.3
2021-08-07T12:00:00Z,107.86,122.91,135.25,0,11.39,23.26,76.32,62.02,5.3
2021-08-07T13:00:00Z,107.86,122.91,135.25,0,11.39,23.26,76.32,62.02,5.3
2021-08-07T14:00:00Z,107.86,122.91,135.25,0,11.39,23.26,76.32,62.02,5.3
2021-08-07T15:00:00Z,107.86,122.91,135.25,0,11.39,23.26,76.32,62.02,5.3
2021-08-07T16:00:00Z,107.86,122.91,135.25,0,11.39,23.26,76.32,62.02,5.3
2021-08-07T17:00:00Z,107.86,122.91,135.25,0,11.39,23.26,76.32,62.02,5.3
2021-08-07T18:00:00Z,107.86,122.91,135.25,0,11.39,23.26,76.32,62.02,5.3
2021-08-07T19:00:00Z,107.86,122.91,135.25,0,11.39,23.26,76.32,62.02,5.3
2021-08-07T20:00:00Z,107.86,122.91,135.25,0,11.39,23.26,76.32,62.02,5.3
2021-08-07T21:00:00Z,107.86,122.91,135.25,0,11.39,23.26,76.32,62.02,5.3
2021-08-07T22:00:00Z,107.86,122.91,135.25,0,11.39,23.26,76.32,62.02,5.3
2021-08-07T23:00:00Z,107.86,122.91,135.25,0,11.39,23.26,76.32,62.02,5.3
2021-08-08T00:00:00Z,114.6,118.28,136.96,0,11.2,26.62,69.01,50.72,5.01
2021-08-08T01:00:00Z,114.6,118.28,136.96,0,11.2,26.62,69.01,50.72,5.01
2021-08-08T02:00:00Z,114.6,118.28,136.96,0,11.2,26.62,69.01,50.72,5.01
2021-08-08T03:00:00Z,114.6,118.28,136.96,0,11.2,26.62,69.01,50.72,5.01
2021-08-08T04:00:00Z,114.6,118.28,136.96,0,11.2,26.62,69.01,50.72,5.01
2021-08-08T05:00:00Z,114.6,118.28,136.96,0,11.2,26.62,69.01,50.72,5.01
2021-08-08T06:00:00Z,114.6,118.28,136.96,0,11.2,26.62,69.01,50.72,5.01
2021-08-08T07:00:00Z,114.6,118.28,136.96,0,11.2,26.62,69.01,50.72,5.01
2021-08-08T08:00:00Z,114.6,118.28,136.96,0,11.2,26.62,69.01,50.72,5.01
2021-08-08T09:00:00Z,114.6,118.28,136.96,0,11.2,26.62,69.01,50.72,5.01
2021-08-08T10:00:00Z,114.6,118.28,136.96,0,11.2,26.62,69.01,50.72,5.01
2021-08-08T11:00:00Z,114.6,118.28,136.96,0,11.2,26.62,69.01,50.72,5.01
2021-08-08T12:00:00Z,114.6,118.28,136.96,0,11.2,26.62,69.01,50.72,5.01
2021-08-08T13:00:00Z,114.6,118.28,136.96,0,11.2,26.62,69.01,50.72,5.01
2021-08-08T14:00:00Z,114.6,118.28,136.96,0,11.2,26.62,69.01,50.72,5.01
2021-08-08T15:00:00Z,114.6,118.28,136.96,0,11.2,26.62,69.01,50.72,5.01
2021-08-08T16:00:00Z,114.6,118.28,136.96,0,11.2,26.62,69.01,50.72,5.01
2021-08-08T17:00:00Z,114.6,118.28,136.96,0,11.2,26.62,69.01,50.72,5.01
2021-08-08T18:00:00Z,114.6,118.28,136.96,0,11.2,26.62,69.01,50.72,5.01
2021-08-08T19:00:00Z,114.6,118.28,136.96,0,11.2,26.62,69.01,50.72,5.01
2021-08-08T20:00:00Z,114.6,118.28,136.96,0,11.2,26.62,69.01,50.72,5.01
2021-08-08T21:00:00Z,114.6,118.28,136.96,0,11.2,26.62,69.01,50.72,5.01
2021-08-08T22:00:00Z,114.6,118.28,136.96,0,11.2,26.62,69.01,50.72,5.01
2021-08-08T23:00:00Z,114.6,118.28,136.96,0,11.2,26.62,69.01,50.72,5.01
2021-08-09T00:00:00Z,133.75,135.77,139.79,0,11.22,32.15,74.52,58.82,4.99
2021-08-09T01:00:00Z,133.75,135.77,139.79,0,11.22,32.15,74.52,58.82,4.99
2021-08-09T02:00:00Z,133.75,135.77,139.79,0,11.22,32.15,74.52,58.82,4.99
2021-08-09T03:00:00Z,133.75,135.77,139.79,0,11.22,32.15,74.52,58.82,4.99
2021-08-09T04:00:00Z,133.75,135.77,139.79,0,11.22,32.15,74.52,58.82,4.99
2021-08-09T05:00:00Z,133.75,135.77,139.79,0,11.22,32.15,74.52,58.82,4.99
2021-08-09T06:00:00Z,133.75,135.77,139.79,0,11.22,32.15,74.52,58.82,4.99
2021-08-09T07:00:00Z,133.75,135.77,139.79,0,11.22,32.15,74.52,58.82,4.99
2021-08-09T08:00:00Z,133.75,135.77,139.79,0,11.22,32.15,74.52,58.82,4.99
2021-08-09T09:00:00Z,133.75,135.77,139.79,0,11.22,32.15,74.52,58.82,4.99
2021-08-09T10:00:00Z,133.75,135.77,139.79,0,11.22,32.15,74.52,58.82,4.99
2021-08-09T11:00:00Z,133.75,135.77,139.79,0,11.22,32.15,74.52,58.82,4.99
2021-08-09T12:00:00Z,133.75,135.77,139.79,0,11.22,32.15,74.52,58.82,4.99
2021-08-09T13:00:00Z,133.75,135.77,139.79,0,11.22,32.15,74.52,58.82,4.99
2021-08-09T14:00:00Z,133.75,135.77,139.79,0,11.22,32.15,74.52,58.82,4.99
2021-08-09T15:00:00Z,133.75,135.77,139.79,0,11.22,32.15,74.52,58.82,4.99
2021-08-09T16:00:00Z,133.75,135.77,139.79,0,11.22,32.15,74.52,58.82,4.99
2021-08-09T17:00:00Z,133.75,135.77,139.79,0,11.22,32.15,74.52,58.82,4.99
2021-08-09T18:00:00Z,133.75,135.77,139.79,0,11.22,32.15,74.52,58.82,4.99
2021-08-09T19:00:00Z,133.75,135.77,139.79,0,11.22,32.15,74.52,58.82,4.99
2021-08-09T20:00:00Z,133.75,135.77,139.79,0,11.22,32.15,74.52,58.82,4.99
2021-08-09T21:00:00Z,133.75,135.77,139.79,0,11.22,32.15,74.52,58.82,4.99
2021-08-09T22:00:00Z,133.75,135.77,139.79,0,11.22,32.15,74.52,58.82,4.99
2021-08-09T23:00:00Z,133.75,135.77,139.79,0,11.22,32.15,74.52,58.82,4.99
2021-08-10T00:00:00Z,126.74,125.14,135.38,0,10.73,25.99,75.47,48.79,0
2021-08-10T01:00:00Z,126.74,125.14,135.38,0,10.73,25.99,75.47,48.79,0
2021-08-10T02:00:00Z,126.74,125.14,135.38,0,10.73,25.99,75.47,48.79,0
2021-08-10T03:00:00Z,126.74,125.14,135.38,0,10.73,25.99,75.47,48.79,0
2021-08-10T04:00:00Z,126.74,125.14,135.38,0,10.73,25.99,75.47,48.79,0
2021-08-10T05:00:00Z,126.74,125.14,135.38,0,10.73,25.99,75.47,48.79,0
2021-08-10T06:00:00Z,126.74,125.14,135.38,0,10.73,25.99,75.47,48.79,0
2021-08-10T07:00:00Z,126.74,125.14,135.38,0,10.73,25.99,75.47,48.79,0
2021-08-10T08:00:00Z,126.74,125.14,135.38,0,10.73,25.99,75.47,48.79,0
2021-08-10T09:00:00Z,126.74,125.14,135.38,0,10.73,25.99,75.47,48.79,0
2021-08-10T10:00:00Z,126.74,125.14,135.38,0,10.73,25.99,75.47,48.79,0
2021-08-10T11:00:00Z,126.74,125.14,135.38,0,10.73,25.99,75.47,48.79,0
2021-08-10T12:00:00Z,126.74,125.14,135.38,0,10.73,25.99,75.47,48.79,0
2021-08-10T13:00:00Z,126.74,125.14,135.38,0,10.73,25.99,75.47,48.79,0
2021-08-10T14:00:00Z,126.74,125.14,135.38,0,10.73,25.99,75.47,48.79,0
2021-08-10T15:00:00Z,126.74,125.14,135.38,0,10.73,25.99,75.47,48.79,0
2021-08-10T16:00:00Z,126.74,125.14,135.38,0,10.73,25.99,75.47,48.79,0
2021-08-10T17:00:00Z,126.74,125.14,135.38,0,10.73,25.99,75.47,48.79,0
2021-08-10T18:00:00Z,126.74,125.14,135.38,0,10.73,25.99,75.47,48.79,0
2021-08-10T19:00:00Z,126.74,125.14,135.38,0,10.73,25.99,75.47,48.79,0
2021-08-10T20:00:00Z,126.74,125.14,135.38,0,10.73,25.99,75.47,48.79,0
2021-08-10T21:00:00Z,126.74,125.14,135.38,0,10.73,25.99,75.47,48.79,0
2021-08-10T22:00:00Z,126.74,125.14,135.38,0,10.73,25.99,75.47,48.79,0
2021-08-10T23:00:00Z,126.74,125.14,135.38,0,10.73,25.99,75.47,48.79,0
2021-08-11T00:00:00Z,113.18,126.3,144.67,0,11.07,21.32,75.43,57.17,5.89
2021-08-11T01:00:00Z,113.18,126.3,144.67,0,11.07,21.32,75.43,57.17,5.89
2021-08-11T02:00:00Z,113.18,126.3,144.67,0,11.07,21.32,75.43,57.17,5.89
2021-08-11T03:00:00Z,113.18,126.3,144.67,0,11.07,21.32,75.43,57.17,5.89
2021-08-11T04:00:00Z,113.18,126.3,144.67,0,11.07,21.32,75.43,57.17,5.89
2021-08-11T05:00:00Z,113.18,126.3,144.67,0,11.07,21.32,75.43,57.17,5.89
2021-08-11T06:00:00Z,113.18,126.3,144.67,0,11.07,21.32,75.43,57.17,5.89
2021-08-11T07:00:00Z,113.18,126.3,144.67,0,11.07,21.32,75.43,57.17,5.89
2021-08-11T08:00:00Z,113.18,126.3,144.67,0,11.07,21.32,75.43,57.17,5.89
2021-08-11T09:00:00Z,113.18,126.3,144.67,0,11.07,21.32,75.43,57.17,5.89
2021-08-11T10:00:00Z,113.18,126.3,144.67,0,11.07,21.32,75.43,57.17,5.89
2021-08-11T11:00:00Z,113.18,126.3,144.67,0,11.07,21.32,75.43,57.17,5.89
2021-08-11T12:00:00Z,113.18,126.3,144.67,0,11.07,21.32,75.43,57.17,5.89
2021-08-11T13:00:00Z,113.18,126.3,144.67,0,11.07,21.32,75.43,57.17,5.89
2021-08-11T14:00:00Z,113.18,126.3,144.67,0,11.07,21.32,75.43,57.17,5.89
2021-08-11T15:00:00Z,113.18,126.3,144.67,0,11.07,21.32,75.43,57.17,5.89
2021-08-11T16:00:00Z,113.18,126.3,144.67,0,11.07,21.32,75.43,57.17,5.89
2021-08-11T17:00:00Z,113.18,126.3,144.67,0,11.07,21.32,75.43,57.17,5.89
2021-08-11T18:00:00Z,113.18,126.3,144.67,0,11.07,21.32,75.43,57.17,5.89
2021-08-11T19:00:00Z,113.18,126.3,144.67,0,11.07,21.32,75.43,57.17,5.89
2021-08-11T20:00:00Z,113.18,126.3,144.67,0,11.07,21.32,75.43,57.17,5.89
2021-08-11T21:00:00Z,113.18,126.3,144.67,0,11.07,21.32,75.43,57.17,5.89
2021-08-11T22:00:00Z,113.18,126.3,144.67,0,11.07,21.32,75.43,57.17,5.89
2021-08-11T23:00:00Z,113.18,126.3,144.67,0,11.07,21.32,75.43,57.17,5.89
2021-08-12T00:00:00Z,104.41,119.46,147.42,0,11.63,25.02,75.47,53.88,4.3
2021-08-12T01:00:00Z,104.41,119.46,147.42,0,11.63,25.02,75.47,53.88,4.3
2021-08-12T02:00:00Z,104.41,119.46,147.42,0,11.63,25.02,75.47,53.88,4.3
2021-08-12T03:00:00Z,104.41,119.46,147.42,0,11.63,25.02,75.47,53.88,4.3
2021-08-12T04:00:00Z,104.41,119.46,147.42,0,11.63,25.02,75.47,53.88,4.3
2021-08-12T05:00:00Z,104.41,119.46,147.42,0,11.63,25.02,75.47,53.88,4.3
2021-08-12T06:00:00Z,104.41,119.46,147.42,0,11.63,25.02,75.47,53.88,4.3
2021-08-12T07:00:00Z,104.41,119.46,147.42,0,11.63,25.02,75.47,53.88,4.3
2021-08-12T08:00:00Z,104.41,119.46,147.42,0,11.63,25.02,75.47,53.88,4.3
2021-08-12T09:00:00Z,104.41,119.46,147.42,0,11.63,25.02,75.47,53.88,4.3
2021-08-12T10:00:00Z,104.41,119.46,147.42,0,11.63,25.02,75.47,53.88,4.3
2021-08-12T11:00:00Z,104.41,119.46,147.42,0,11.63,25.02,75.47,53.88,4.3
2021-08-12T12:00:00Z,104.41,119.46,147.42,0,11.63,25.02,75.47,53.88,4.3
2021-08-12T13:00:00Z,104.41,119.46,147.42,0,11.63,25.02,75.47,53.88,4.3
2021-08-12T14:00:00Z,104.41,119.46,147.42,0,11.63,25.02,75.47,53.88,4.3
2021-08-12T15:00:00Z,104.41,119.46,147.42,0,11.63,25.02,75.47,53.88,4.3
2021-08-12T16:00:00Z,104.41,119.46,147.42,0,11.63,25.02,75.47,53.88,4.3
2021-08-12T17:00:00Z,104.41,119.46,147.42,0,11.63,25.02,75.47,53.88,4.3
2021-08-12T18:00:00Z,104.41,119.46,147.42,0,11.63,25.02,75.47,53.88,4.3
2021-08-12T19:00:00Z,104.41,119.46,147.42,0,11.63,25.02,75.47,53.88,4.3
2021-08-12T20:00:00Z,104.41,119.46,147.42,0,11.63,25.02,75.47,53.88,4.3
2021-08-12T21:00:00Z,104.41,119.46,147.42,0,11.63,25.02,75.47,53.88,4.3
2021-08-12T22:00:00Z,104.41,119.46,147.42,0,11.63,25.02,75.47,53.88,4.3
2021-08-12T23:00:00Z,104.41,119.46,147.42,0,11.63,25.02,75.47,53.88,4.3
2021-08-13T00:00:00Z,131.03,109.29,155.92,0,11.1,28.29,78.49,60.24,4.44
2021-08-13T01:00:00Z,131.03,109.29,155.92,0,11.1,28.29,78.49,60.24,4.44
2021-08-13T02:00:00Z,131.03,109.29,155.92,0,11.1,28.29,78.49,60.24,4.44
2021-08-13T03:00:00Z,131.03,109.29,155.92,0,11.1,28.29,78.49,60.24,4.44
2021-08-13T04:00:00Z,131.03,109.29,155.92,0,11.1,28.29,78.49,60.24,4.44
2021-08-13T05:00:00Z,131.03,109.29,155.92,0,11.1,28.29,78.49,60.24,4.44
2021-08-13T06:00:00Z,131.03,109.29,155.92,0,11.1,28.29,78.49,60.24,4.44
2021-08-13T07:00:00Z,131.03,109.29,155.92,0,11.1,28.29,78.49,60.24,4.44
2021-08-13T08:00:00Z,131.03,109.29,155.92,0,11.1,28.29,78.49,60.24,4.44
2021-08-13T09:00:00Z,131.03,109.29,155.92,0,11.1,28.29,78.49,60.24,4.44
2021-08-13T10:00:00Z,131.03,109.29,155.92,0,11.1,28.29,78.49,60.24,4.44
2021-08-13T11:00:00Z,131.03,109.29,155.92,0,11.1,28.29,78.49,60.24,4.44
2021-08-13T12:00:00Z,131.03,109.29,155.92,0,11.1,28.29,78.49,60.24,4.44
2021-08-13T13:00:00Z,131.03,109.29,155.92,0,11.1,28.29,78.49,60.24,4.44
2021-08-13T14:00:00Z,131.03,109.29,155.92,0,11.1,28.29,78.49,60.24,4.44
2021-08-13T15:00:00Z,131.03,109.29,155.92,0,11.1,28.29,78.49,60.24,4.44
2021-08-13T16:00:00Z,131.03,109.29,155.92,0,11.1,28.29,78.49,60.24,4.44
2021-08-13T17:00:00Z,131.03,109.29,155.92,0,11.1,28.29,78.49,60.24,4.44
2021-08-13T18:00:00Z,131.03,109.29,155.92,0,11.1,28.29,78.49,60.24,4.44
2021-08-13T19:00:00Z,131.03,109.29,155.92,0,11.1,28.29,78.49,60.24,4.44
2021-08-13T20:00:00Z,131.03,109.29,155.92,0,11.1,28.29,78.49,60.24,4.44
2021-08-13T21:00:00Z,131.03,109.29,155.92,0,11.1,28.29,78.49,60.24,4.44
2021-08-13T22:00:00Z,131.03,109.29,155.92,0,11.1,28.29,78.49,60.24,4.44
2021-08-13T23:00:00Z,131.03,109.29,155.92,0,11.1,28.29,78.49,60.24,4.44
2021-08-14T00:00:00Z,93.67,122.95,142.71,0,11.25,20.44,76.61,59.47,5.07
2021-08-14T01:00:00Z,93.67,122.95,142.71,0,11.25,20.44,76.61,59.47,5.07
2021-08-14T02:00:00Z,93.67,122.95,142.71,0,11.25,20.44,76.61,59.47,5.07
2021-08-14T03:00:00Z,93.67,122.95,142.71,0,11.25,20.44,76.61,59.47,5.07
2021-08-14T04:00:00Z,93.67,122.95,142.71,0,11.25,20.44,76.61,59.47,5.07
2021-08-14T05:00:00Z,93.67,122.95,142.71,0,11.25,20.44,76.61,59.47,5.07
2021-08-14T06:00:00Z,93.67,122.95,142.71,0,11.25,20.44,76.61,59.47,5.07
2021-08-14T07:00:00Z,93.67,122.95,142.71,0,11.25,20.44,76.61,59.47,5.07
2021-08-14T08:00:00Z,93.67,122.95,142.71,0,11.25,20.44,76.61,59.47,5.07
2021-08-14T09:00:00Z,93.67,122.95,142.71,0,11.25,20.44,76.61,59.47,5.07
2021-08-14T10:00:00Z,93.67,122.95,142.71,0,11.25,20.44,76.61,59.47,5.07
2021-08-14T11:00:00Z,93.67,122.95,142.71,0,11.25,20.44,76.61,59.47,5.07
2021-08-14T12:00:00Z,93.67,122.95,142.71,0,11.25,20.44,76.61,59.47,5.07
2021-08-14T13:00:00Z,93.67,122.95,142.71,0,11.25,20.44,76.61,59.47,5.07
2021-08-14T14:00:00Z,93.67,122.95,142.71,0,11.25,20.44,76.61,59.47,5.07
2021-08-14T15:00:00Z,93.67,122.95,142.71,0,11.25,20.44,76.61,59.47,5.07
2021-08-14T16:00:00Z,93.67,122.95,142.71,0,11.25,20.44,76.61,59.47,5.07
2021-08-14T17:00:00Z,93.67,122.95,142.71,0,11.25,20.44,76.61,59.47,5.07
2021-08-14T18:00:00Z,93.67,122.95,142.71,0,11.25,20.44,76.61,59.47,5.07
2021-08-14T19:00:00Z,93.67,122.95,142.71,0,11.25,20.44,76.61,59.47,5.07
2021-08-14T20:00:00Z,93.67,122.95,142.71,0,11.25,20.44,76.61,59.47,5.07
2021-08-14T21:00:00Z,93.67,122.95,142.71,0,11.25,20.44,76.61,59.47,5.07
2021-08-14T22:00:00Z,93.67,122.95,142.71,0,11.25,20.44,76.61,59.47,5.07
2021-08-14T23:00:00Z,93.67,122.95,142.71,0,11.25,20.44,76.61,59.47,5.07
2021-08-15T00:00:00Z,82.04,109.09,134.71,0,10.98,18.35,72.54,52.02,5.36
2021-08-15T01:00:00Z,82.04,109.09,134.71,0,10.98,18.35,72.54,52.02,5.36
2021-08-15T02:00:00Z,82.04,109.09,134.71,0,10.98,18.35,72.54,52.02,5.36
2021-08-15T03:00:00Z,82.04,109.09,134.71,0,10.98,18.35,72.54,52.02,5.36
2021-08-15T04:00:00Z,82.04,109.09,134.71,0,10.98,18.35,72.54,52.02,5.36
2021-08-15T05:00:00Z,82.04,109.09,134.71,0,10.98,18.35,72.54,52.02,5.36
2021-08-15T06:00:00Z,82.04,109.09,134.71,0,10.98,18.35,72.54,52.02,5.36
2021-08-15T07:00:00Z,82.04,109.09,134.71,0,10.98,18.35,72.54,52.02,5.36
2021-08-15T08:00:00Z,82.04,109.09,134.71,0,10.98,18.35,72.54,52.02,5.36
2021-08-15T09:00:00Z,82.04,109.09,134.71,0,10.98,18.35,72.54,52.02,5.36
2021-08-15T10:00:00Z,82.04,109.09,134.71,0,10.98,18.35,72.54,52.02,5.36
2021-08-15T11:00:00Z,82.04,109.09,134.71,0,10.98,18.35,72.54,52.02,5.36
2021-08-15T12:00:00Z,82.04,109.09,134.71,0,10.98,18.35,72.54,52.02,5.36
2021-08-15T13:00:00Z,82.04,109.09,134.71,0,10.98,18.35,72.54,52.02,5.36
2021-08-15T14:00:00Z,82.04,109.09,134.71,0,10.98,18.35,72.54,52.02,5.36
2021-08-15T15:00:00Z,82.04,109.09,134.71,0,10.98,18.35,72.54,52.02,5.36
2021-08-15T16:00:00Z,82.04,109.09,134.71,0,10.98,18.35,72.54,52.02,5.36
2021-08-15T17:00:00Z,82.04,109.09,134.71,0,10.98,18.35,72.54,52.02,5.36
2021-08-15T18:00:00Z,82.04,109.09,134.71,0,10.98,18.35,72.54,52.02,5.36
2021-08-15T19:00:00Z,82.04,109.09,134.71,0,10.98,18.35,72.54,52.02,5.36
2021-08-15T20:00:00Z,82.04,109.09,134.71,0,10.98,18.35,72.54,52.02,5.36
2021-08-15T21:00:00Z,82.04,109.09,134.71,0,10.98,18.35,72.54,52.02,5.36
2021-08-15T22:00:00Z,82.04,109.09,134.71,0,10.98,18.35,72.54,52.02,5.36
2021-08-15T23:00:00Z,82.04,109.09,134.71,0,10.98,18.35,72.54,52.02,5.36
2021-08-16T00:00:00Z,93.76,133.37,125.71,0,11.35,15.96,71.76,45.3,5.86
2021-08-16T01:00:00Z,93.76,133.37,125.71,0,11.35,15.96,71.76,45.3,5.86
2021-08-16T02:00:00Z,93.76,133.37,125.71,0,11.35,15.96,71.76,45.3,5.86
2021-08-16T03:00:00Z,93.76,133.37,125.71,0,11.35,15.96,71.76,45.3,5.86
2021-08-16T04:00:00Z,93.76,133.37,125.71,0,11.35,15.96,71.76,45.3,5.86
2021-08-16T05:00:00Z,93.76,133.37,125.71,0,11.35,15.96,71.76,45.3,5.86
2021-08-16T06:00:00Z,93.76,133.37,125.71,0,11.35,15.96,71.76,45.3,5.86
2021-08-16T07:00:00Z,93.76,133.37,125.71,0,11.35,15.96,71.76,45.3,5.86
2021-08-16T08:00:00Z,93.76,133.37,125.71,0,11.35,15.96,71.76,45.3,5.86
2021-08-16T09:00:00Z,93.76,133.37,125.71,0,11.35,15.96,71.76,45.3,5.86
2021-08-16T10:00:00Z,93.76,133.37,125.71,0,11.35,15.96,71.76,45.3,5.86
2021-08-16T11:00:00Z,93.76,133.37,125.71,0,11.35,15.96,71.76,45.3,5.86
2021-08-16T12:00:00Z,93.76,133.37,125.71,0,11.35,15.96,71.76,45.3,5.86
2021-08-16T13:00:00Z,93.76,133.37,125.71,0,11.35,15.96,71.76,45.3,5.86
2021-08-16T14:00:00Z,93.76,133.37,125.71,0,11.35,15.96,71.76,45.3,5.86
2021-08-16T15:00:00Z,93.76,133.37,125.71,0,11.35,15.96,71.76,45.3,5.86
2021-08-16T16:00:00Z,93.76,133.37,125.71,0,11.35,15.96,71.76,45.3,5.86
2021-08-16T17:00:00Z,93.76,133.37,125.71,0,11.35,15.96,71.76,45.3,5.86
2021-08-16T18:00:00Z,93.76,133.37,125.71,0,11.35,15.96,71.76,45.3,5.86
2021-08-16T19:00:00Z,93.76,133.37,125.71,0,11.35,15.96,71.76,45.3,5.86
2021-08-16T20:00:00Z,93.76,133.37,125.71,0,11.35,15.96,71.76,45.3,5.86
2021-08-16T21:00:00Z,93.76,133.37,125.71,0,11.35,15.96,71.76,45.3,5.86
2021-08-16T22:00:00Z,93.76,133.37,125.71,0,11.35,15.96,71.76,45.3,5.86
2021-08-16T23:00:00Z,93.76,133.37,125.71,0,11.35,15.96,71.76,45.3,5.86
2021-08-17T00:00:00Z,NA,0,NA,NA,NA,NA,NA,0,NA
2021-08-17T01:00:00Z,NA,0,NA,NA,NA,NA,NA,0,NA
2021-08-17T02:00:00Z,NA,0,NA,NA,NA,NA,NA,0,NA
2021-08-17T03:00:00Z,NA,0,NA,NA,NA,NA,NA,0,NA
2021-08-17T04:00:00Z,NA,0,NA,NA,NA,NA,NA,0,NA
2021-08-17T05:00:00Z,NA,0,NA,NA,NA,NA,NA,0,NA
2021-08-17T06:00:00Z,NA,0,NA,NA,NA,NA,NA,0,NA
2021-08-17T07:00:00Z,NA,0,NA,NA,NA,NA,NA,0,NA
2021-08-17T08:00:00Z,NA,0,NA,NA,NA,NA,NA,0,NA
2021-08-17T09:00:00Z,NA,0,NA,NA,NA,NA,NA,0,NA
2021-08-17T10:00:00Z,NA,0,NA,NA,NA,NA,NA,0,NA
2021-08-17T11:00:00Z,NA,0,NA,NA,NA,NA,NA,0,NA
2021-08-17T12:00:00Z,NA,0,NA,NA,NA,NA,NA,0,NA
2021-08-17T13:00:00Z,NA,0,NA,NA,NA,NA,NA,0,NA
2021-08-17T14:00:00Z,NA,0,NA,NA,NA,NA,NA,0,NA
2021-08-17T15:00:00Z,NA,0,NA,NA,NA,NA,NA,0,NA
2021-08-17T16:00:00Z,NA,0,NA,NA,NA,NA,NA,0,NA
2021-08-17T17:00:00Z,NA,0,NA,NA,NA,NA,NA,0,NA
2021-08-17T18:00:00Z,NA,0,NA,NA,NA,NA,NA,0,NA
2021-08-17T19:00:00Z,NA,0,NA,NA,NA,NA,NA,0,NA
2021-08-17T20:00:00Z,NA,0,NA,NA,NA,NA,NA,0,NA
2021-08-17T21:00:00Z,NA,0,NA,NA,NA,NA,NA,0,NA
2021-08-17T22:00:00Z,NA,0,NA,NA,NA,NA,NA,0,NA
2021-08-17T23:00:00Z,NA,0,NA,NA,NA,NA,NA,0,NA
